nohup: 入力を無視します
2025-06-25T00:54:45 (tts.sh:225:main) ./tts.sh --lang en --feats_type raw --fs 22050 --n_fft 1024 --n_shift 256 --token_type phn --cleaner tacotron --g2p g2p_en_no_space --train_config conf/train_d0_jets.yaml --inference_config conf/decode.yaml --train_set tr_no_dev --valid_set dev --test_sets dev eval1 --srctexts data/tr_no_dev/text --audio_format wav
[INFO] /home/uesugi/espnet-for-customize-jets/egs2/ljspeech_d0_jets/tts1/../../../tools/activate_python.sh is not present
2025-06-25T00:54:45 (tts.sh:321:main) Stage 1: Data preparation for data/tr_no_dev, data/dev, etc.
2025-06-25T00:54:45 (data.sh:16:main) local/data.sh 
[INFO] /home/uesugi/espnet-for-customize-jets/egs2/ljspeech_d0_jets/tts1/../../../tools/activate_python.sh is not present
2025-06-25T00:54:45 (data.sh:39:main) stage -1: Data Download
already exists. skipped.
2025-06-25T00:54:45 (data.sh:44:main) stage 0: Data Preparation
utils/validate_data_dir.sh: WARNING: you have only one speaker.  This probably a bad idea.
   Search for the word 'bold' in http://kaldi-asr.org/doc/data_prep.html
   for more information.
utils/validate_data_dir.sh: Successfully validated data-directory data/train
2025-06-25T01:52:41 (data.sh:80:main) stage 1: utils/subset_data_dir.sh
utils/subset_data_dir.sh: reducing #utt from 13100 to 500
utils/subset_data_dir.sh: reducing #utt from 500 to 250
utils/subset_data_dir.sh: reducing #utt from 500 to 250
utils/subset_data_dir.sh: reducing #utt from 13100 to 12600
2025-06-25T01:52:45 (data.sh:89:main) Successfully finished. [elapsed=3480s]
2025-06-25T01:52:45 (tts.sh:337:main) Stage 2: Format wav.scp: data/ -> dump/raw/
utils/copy_data_dir.sh: copied data from data/tr_no_dev to dump/raw/org/tr_no_dev
utils/validate_data_dir.sh: WARNING: you have only one speaker.  This probably a bad idea.
   Search for the word 'bold' in http://kaldi-asr.org/doc/data_prep.html
   for more information.
utils/validate_data_dir.sh: Successfully validated data-directory dump/raw/org/tr_no_dev
2025-06-25T01:52:48 (format_wav_scp.sh:46:main) scripts/audio/format_wav_scp.sh --nj 32 --cmd run.pl --audio-format wav --fs 22050 data/tr_no_dev/wav.scp dump/raw/org/tr_no_dev
[INFO] /home/uesugi/espnet-for-customize-jets/egs2/ljspeech_d0_jets/tts1/../../../tools/activate_python.sh is not present
2025-06-25T01:52:48 (format_wav_scp.sh:118:main) [info]: without segments
2025-06-25T01:58:13 (format_wav_scp.sh:153:main) Successfully finished. [elapsed=325s]
utils/copy_data_dir.sh: copied data from data/dev to dump/raw/org/dev
utils/validate_data_dir.sh: WARNING: you have only one speaker.  This probably a bad idea.
   Search for the word 'bold' in http://kaldi-asr.org/doc/data_prep.html
   for more information.
utils/validate_data_dir.sh: Successfully validated data-directory dump/raw/org/dev
2025-06-25T01:58:15 (format_wav_scp.sh:46:main) scripts/audio/format_wav_scp.sh --nj 32 --cmd run.pl --audio-format wav --fs 22050 data/dev/wav.scp dump/raw/org/dev
[INFO] /home/uesugi/espnet-for-customize-jets/egs2/ljspeech_d0_jets/tts1/../../../tools/activate_python.sh is not present
2025-06-25T01:58:15 (format_wav_scp.sh:118:main) [info]: without segments
2025-06-25T01:59:09 (format_wav_scp.sh:153:main) Successfully finished. [elapsed=54s]
utils/copy_data_dir.sh: copied data from data/dev to dump/raw/org/dev
utils/validate_data_dir.sh: WARNING: you have only one speaker.  This probably a bad idea.
   Search for the word 'bold' in http://kaldi-asr.org/doc/data_prep.html
   for more information.
utils/validate_data_dir.sh: Successfully validated data-directory dump/raw/org/dev
2025-06-25T01:59:11 (format_wav_scp.sh:46:main) scripts/audio/format_wav_scp.sh --nj 32 --cmd run.pl --audio-format wav --fs 22050 data/dev/wav.scp dump/raw/org/dev
[INFO] /home/uesugi/espnet-for-customize-jets/egs2/ljspeech_d0_jets/tts1/../../../tools/activate_python.sh is not present
2025-06-25T01:59:11 (format_wav_scp.sh:118:main) [info]: without segments
2025-06-25T01:59:27 (format_wav_scp.sh:153:main) Successfully finished. [elapsed=16s]
utils/copy_data_dir.sh: copied data from data/eval1 to dump/raw/eval1
utils/validate_data_dir.sh: WARNING: you have only one speaker.  This probably a bad idea.
   Search for the word 'bold' in http://kaldi-asr.org/doc/data_prep.html
   for more information.
utils/validate_data_dir.sh: Successfully validated data-directory dump/raw/eval1
2025-06-25T01:59:28 (format_wav_scp.sh:46:main) scripts/audio/format_wav_scp.sh --nj 32 --cmd run.pl --audio-format wav --fs 22050 data/eval1/wav.scp dump/raw/eval1
[INFO] /home/uesugi/espnet-for-customize-jets/egs2/ljspeech_d0_jets/tts1/../../../tools/activate_python.sh is not present
2025-06-25T01:59:29 (format_wav_scp.sh:118:main) [info]: without segments
2025-06-25T02:00:41 (format_wav_scp.sh:153:main) Successfully finished. [elapsed=73s]
2025-06-25T02:00:41 (tts.sh:452:main) Skip Stage 3.1, no speaker embedding extraction set
2025-06-25T02:00:41 (tts.sh:505:main) Stage 4: Remove long/short data: dump/raw/org -> dump/raw
utils/copy_data_dir.sh: copied data from dump/raw/org/tr_no_dev to dump/raw/tr_no_dev
utils/validate_data_dir.sh: WARNING: you have only one speaker.  This probably a bad idea.
   Search for the word 'bold' in http://kaldi-asr.org/doc/data_prep.html
   for more information.
utils/validate_data_dir.sh: Successfully validated data-directory dump/raw/tr_no_dev
fix_data_dir.sh: kept all 12600 utterances.
fix_data_dir.sh: old files are kept in dump/raw/tr_no_dev/.backup
utils/copy_data_dir.sh: copied data from dump/raw/org/dev to dump/raw/dev
utils/validate_data_dir.sh: WARNING: you have only one speaker.  This probably a bad idea.
   Search for the word 'bold' in http://kaldi-asr.org/doc/data_prep.html
   for more information.
utils/validate_data_dir.sh: Successfully validated data-directory dump/raw/dev
fix_data_dir.sh: kept all 250 utterances.
fix_data_dir.sh: old files are kept in dump/raw/dev/.backup
2025-06-25T02:00:55 (tts.sh:560:main) Stage 5: Generate token_list from data/tr_no_dev/text
/home/uesugi/.conda/envs/espnet/bin/python3 /home/uesugi/espnet/espnet/espnet2/bin/tokenize_text.py --token_type phn -f 2- --input dump/raw/srctexts --output dump/token_list/phn_tacotron_g2p_en_no_space/tokens.txt --non_linguistic_symbols none --cleaner tacotron --g2p g2p_en_no_space --write_vocabulary true --add_symbol '<blank>:0' --add_symbol '<unk>:1' --add_symbol '<sos/eos>:-1'
2025-06-25 02:01:29,573 (tokenize_text:173) INFO: OOV rate = 0.0 %
2025-06-25T02:01:30 (tts.sh:592:main) Stage 6: TTS collect stats: train_set=dump/raw/tr_no_dev, valid_set=dump/raw/dev
2025-06-25T02:02:05 (tts.sh:686:main) Generate 'exp/tts_stats_raw_phn_tacotron_g2p_en_no_space/run.sh'. You can resume the process from stage 6 using this script
2025-06-25T02:02:05 (tts.sh:690:main) TTS collect_stats started... log: 'exp/tts_stats_raw_phn_tacotron_g2p_en_no_space/logdir/stats.*.log'
run.pl: 32 / 32 failed, log is in exp/tts_stats_raw_phn_tacotron_g2p_en_no_space/logdir/stats.*.log
# python3 -m espnet2.bin.tts_train --collect_stats true --write_collected_feats false --use_preprocessor true --token_type phn --token_list dump/token_list/phn_tacotron_g2p_en_no_space/tokens.txt --non_linguistic_symbols none --cleaner tacotron --g2p g2p_en_no_space --normalize none --pitch_normalize none --energy_normalize none --d0_normalize none --train_data_path_and_name_and_type dump/raw/tr_no_dev/text,text,text --train_data_path_and_name_and_type dump/raw/tr_no_dev/wav.scp,speech,sound --valid_data_path_and_name_and_type dump/raw/dev/text,text,text --valid_data_path_and_name_and_type dump/raw/dev/wav.scp,speech,sound --train_shape_file exp/tts_stats_raw_phn_tacotron_g2p_en_no_space/logdir/train.1.scp --valid_shape_file exp/tts_stats_raw_phn_tacotron_g2p_en_no_space/logdir/valid.1.scp --output_dir exp/tts_stats_raw_phn_tacotron_g2p_en_no_space/logdir/stats.1 --config conf/train_d0_jets.yaml --feats_extract fbank --feats_extract_conf n_fft=1024 --feats_extract_conf hop_length=256 --feats_extract_conf win_length=null --feats_extract_conf fs=22050 --feats_extract_conf fmin=80 --feats_extract_conf fmax=7600 --feats_extract_conf n_mels=80 --pitch_extract_conf fs=22050 --pitch_extract_conf n_fft=1024 --pitch_extract_conf hop_length=256 --pitch_extract_conf f0max=400 --pitch_extract_conf f0min=80 --energy_extract_conf fs=22050 --energy_extract_conf n_fft=1024 --energy_extract_conf hop_length=256 --energy_extract_conf win_length=null --d0_extract_conf fs=22050 --d0_extract_conf n_fft=1024 --d0_extract_conf hop_length=256 --d0_extract_conf win_length=null --d0_extract_conf fmin=80 --d0_extract_conf fmax=7600 --d0_extract_conf n_mels=80 
# Started at Wed Jun 25 02:02:06 JST 2025
#
/home/uesugi/.conda/envs/espnet/bin/python3 /home/uesugi/espnet/espnet/espnet2/bin/tts_train.py --collect_stats true --write_collected_feats false --use_preprocessor true --token_type phn --token_list dump/token_list/phn_tacotron_g2p_en_no_space/tokens.txt --non_linguistic_symbols none --cleaner tacotron --g2p g2p_en_no_space --normalize none --pitch_normalize none --energy_normalize none --d0_normalize none --train_data_path_and_name_and_type dump/raw/tr_no_dev/text,text,text --train_data_path_and_name_and_type dump/raw/tr_no_dev/wav.scp,speech,sound --valid_data_path_and_name_and_type dump/raw/dev/text,text,text --valid_data_path_and_name_and_type dump/raw/dev/wav.scp,speech,sound --train_shape_file exp/tts_stats_raw_phn_tacotron_g2p_en_no_space/logdir/train.1.scp --valid_shape_file exp/tts_stats_raw_phn_tacotron_g2p_en_no_space/logdir/valid.1.scp --output_dir exp/tts_stats_raw_phn_tacotron_g2p_en_no_space/logdir/stats.1 --config conf/train_d0_jets.yaml --feats_extract fbank --feats_extract_conf n_fft=1024 --feats_extract_conf hop_length=256 --feats_extract_conf win_length=null --feats_extract_conf fs=22050 --feats_extract_conf fmin=80 --feats_extract_conf fmax=7600 --feats_extract_conf n_mels=80 --pitch_extract_conf fs=22050 --pitch_extract_conf n_fft=1024 --pitch_extract_conf hop_length=256 --pitch_extract_conf f0max=400 --pitch_extract_conf f0min=80 --energy_extract_conf fs=22050 --energy_extract_conf n_fft=1024 --energy_extract_conf hop_length=256 --energy_extract_conf win_length=null --d0_extract_conf fs=22050 --d0_extract_conf n_fft=1024 --d0_extract_conf hop_length=256 --d0_extract_conf win_length=null --d0_extract_conf fmin=80 --d0_extract_conf fmax=7600 --d0_extract_conf n_mels=80
usage: tts_train.py [-h] [--config CONFIG] [--print_config]
                    [--log_level {ERROR,WARNING,INFO,DEBUG,NOTSET}]
                    [--drop_last_iter DROP_LAST_ITER] [--dry_run DRY_RUN]
                    [--iterator_type {sequence,category,chunk,task,none}]
                    [--valid_iterator_type {sequence,category,chunk,task,none}]
                    [--output_dir OUTPUT_DIR] [--ngpu NGPU] [--seed SEED]
                    [--num_workers NUM_WORKERS] [--num_att_plot NUM_ATT_PLOT]
                    [--dist_backend DIST_BACKEND]
                    [--dist_init_method DIST_INIT_METHOD]
                    [--dist_world_size DIST_WORLD_SIZE]
                    [--dist_rank DIST_RANK] [--local_rank LOCAL_RANK]
                    [--dist_master_addr DIST_MASTER_ADDR]
                    [--dist_master_port DIST_MASTER_PORT]
                    [--dist_launcher {slurm,mpi,None}]
                    [--multiprocessing_distributed MULTIPROCESSING_DISTRIBUTED]
                    [--unused_parameters UNUSED_PARAMETERS]
                    [--sharded_ddp SHARDED_DDP]
                    [--use_deepspeed USE_DEEPSPEED]
                    [--deepspeed_config DEEPSPEED_CONFIG]
                    [--gradient_as_bucket_view GRADIENT_AS_BUCKET_VIEW]
                    [--ddp_comm_hook {none,fp16_compress_hook,bf16_compress_hook}]
                    [--cudnn_enabled CUDNN_ENABLED]
                    [--cudnn_benchmark CUDNN_BENCHMARK]
                    [--cudnn_deterministic CUDNN_DETERMINISTIC]
                    [--use_tf32 USE_TF32] [--collect_stats COLLECT_STATS]
                    [--write_collected_feats WRITE_COLLECTED_FEATS]
                    [--max_epoch MAX_EPOCH] [--patience PATIENCE]
                    [--val_scheduler_criterion VAL_SCHEDULER_CRITERION VAL_SCHEDULER_CRITERION]
                    [--early_stopping_criterion EARLY_STOPPING_CRITERION EARLY_STOPPING_CRITERION EARLY_STOPPING_CRITERION]
                    [--best_model_criterion BEST_MODEL_CRITERION [BEST_MODEL_CRITERION ...]]
                    [--keep_nbest_models KEEP_NBEST_MODELS [KEEP_NBEST_MODELS ...]]
                    [--nbest_averaging_interval NBEST_AVERAGING_INTERVAL]
                    [--grad_clip GRAD_CLIP] [--grad_clip_type GRAD_CLIP_TYPE]
                    [--grad_noise GRAD_NOISE] [--accum_grad ACCUM_GRAD]
                    [--no_forward_run NO_FORWARD_RUN] [--resume RESUME]
                    [--train_dtype {float16,float32,float64}]
                    [--use_amp USE_AMP] [--log_interval LOG_INTERVAL]
                    [--use_matplotlib USE_MATPLOTLIB]
                    [--use_tensorboard USE_TENSORBOARD]
                    [--create_graph_in_tensorboard CREATE_GRAPH_IN_TENSORBOARD]
                    [--use_wandb USE_WANDB] [--wandb_project WANDB_PROJECT]
                    [--wandb_id WANDB_ID] [--wandb_entity WANDB_ENTITY]
                    [--wandb_name WANDB_NAME]
                    [--wandb_model_log_interval WANDB_MODEL_LOG_INTERVAL]
                    [--detect_anomaly DETECT_ANOMALY]
                    [--use_adapter USE_ADAPTER] [--adapter {lora,houlsby}]
                    [--save_strategy {all,adapter_only,required_grad_only}]
                    [--adapter_conf ADAPTER_CONF]
                    [--pretrain_path PRETRAIN_PATH]
                    [--init_param [INIT_PARAM ...]]
                    [--ignore_init_mismatch IGNORE_INIT_MISMATCH]
                    [--freeze_param [FREEZE_PARAM ...]]
                    [--num_iters_per_epoch NUM_ITERS_PER_EPOCH]
                    [--batch_size BATCH_SIZE]
                    [--valid_batch_size VALID_BATCH_SIZE]
                    [--batch_bins BATCH_BINS]
                    [--valid_batch_bins VALID_BATCH_BINS]
                    [--category_sample_size CATEGORY_SAMPLE_SIZE]
                    [--train_shape_file TRAIN_SHAPE_FILE]
                    [--valid_shape_file VALID_SHAPE_FILE]
                    [--batch_type {unsorted,sorted,folded,length,numel}]
                    [--valid_batch_type {unsorted,sorted,folded,length,numel,None}]
                    [--fold_length FOLD_LENGTH]
                    [--sort_in_batch {descending,ascending}]
                    [--shuffle_within_batch SHUFFLE_WITHIN_BATCH]
                    [--sort_batch {descending,ascending}]
                    [--multiple_iterator MULTIPLE_ITERATOR]
                    [--chunk_length CHUNK_LENGTH]
                    [--chunk_shift_ratio CHUNK_SHIFT_RATIO]
                    [--num_cache_chunks NUM_CACHE_CHUNKS]
                    [--chunk_excluded_key_prefixes CHUNK_EXCLUDED_KEY_PREFIXES [CHUNK_EXCLUDED_KEY_PREFIXES ...]]
                    [--chunk_default_fs CHUNK_DEFAULT_FS]
                    [--chunk_max_abs_length CHUNK_MAX_ABS_LENGTH]
                    [--chunk_discard_short_samples CHUNK_DISCARD_SHORT_SAMPLES]
                    [--train_data_path_and_name_and_type TRAIN_DATA_PATH_AND_NAME_AND_TYPE]
                    [--valid_data_path_and_name_and_type VALID_DATA_PATH_AND_NAME_AND_TYPE]
                    [--multi_task_dataset MULTI_TASK_DATASET]
                    [--allow_variable_data_keys ALLOW_VARIABLE_DATA_KEYS]
                    [--max_cache_size MAX_CACHE_SIZE]
                    [--max_cache_fd MAX_CACHE_FD]
                    [--allow_multi_rates ALLOW_MULTI_RATES]
                    [--valid_max_cache_size VALID_MAX_CACHE_SIZE]
                    [--exclude_weight_decay EXCLUDE_WEIGHT_DECAY]
                    [--exclude_weight_decay_conf EXCLUDE_WEIGHT_DECAY_CONF]
                    [--optim {adam,adamw,sgd,adadelta,adagrad,adamax,asgd,lbfgs,rmsprop,rprop,radam,accagd,adabound,adamod,diffgrad,lamb,novograd,pid,qhm,sgdw,yogi}]
                    [--optim_conf OPTIM_CONF]
                    [--scheduler {reducelronplateau,lambdalr,steplr,multisteplr,exponentiallr,cosineannealinglr,noamlr,warmuplr,piecewiselinearwarmuplr,warmupsteplr,warmupreducelronplateau,cycliclr,onecyclelr,cosineannealingwarmrestarts,cosineannealingwarmuprestarts,None}]
                    [--scheduler_conf SCHEDULER_CONF]
                    [--token_list TOKEN_LIST] [--odim ODIM]
                    [--model_conf MODEL_CONF]
                    [--use_preprocessor USE_PREPROCESSOR]
                    [--token_type {bpe,char,word,phn}] [--bpemodel BPEMODEL]
                    [--non_linguistic_symbols NON_LINGUISTIC_SYMBOLS]
                    [--cleaner {None,tacotron,jaconv,vietnamese,korean_cleaner}]
                    [--g2p {None,g2p_en,g2p_en_no_space,pyopenjtalk,pyopenjtalk_kana,pyopenjtalk_accent,pyopenjtalk_accent_with_pause,pyopenjtalk_prosody,pypinyin_g2p,pypinyin_g2p_phone,pypinyin_g2p_phone_without_prosody,espeak_ng_arabic,espeak_ng_german,espeak_ng_french,espeak_ng_spanish,espeak_ng_russian,espeak_ng_greek,espeak_ng_finnish,espeak_ng_hungarian,espeak_ng_dutch,espeak_ng_english_us_vits,espeak_ng_hindi,espeak_ng_italian,espeak_ng_ukrainian,espeak_ng_polish,g2pk,g2pk_no_space,g2pk_explicit_space,korean_jaso,korean_jaso_no_space,g2p_is}]
                    [--feats_extract {fbank,spectrogram,linear_spectrogram}]
                    [--feats_extract_conf FEATS_EXTRACT_CONF]
                    [--normalize {global_mvn,None}]
                    [--normalize_conf NORMALIZE_CONF]
                    [--tts {tacotron2,transformer,fastspeech,fastspeech2,prodiff,vits,joint_text2wav,jets}]
                    [--tts_conf TTS_CONF] [--pitch_extract {dio,None}]
                    [--pitch_extract_conf PITCH_EXTRACT_CONF]
                    [--pitch_normalize {global_mvn,None}]
                    [--pitch_normalize_conf PITCH_NORMALIZE_CONF]
                    [--energy_extract {energy,None}]
                    [--energy_extract_conf ENERGY_EXTRACT_CONF]
                    [--energy_normalize {global_mvn,None}]
                    [--energy_normalize_conf ENERGY_NORMALIZE_CONF]
tts_train.py: error: No such file: conf/train_d0_jets.yaml
Failed to import Flash Attention, using ESPnet default: No module named 'flash_attn'
# Accounting: time=527 threads=1
# Ended (code 2) at Wed Jun 25 02:10:53 JST 2025, elapsed time 527 seconds
# python3 -m espnet2.bin.tts_train --collect_stats true --write_collected_feats false --use_preprocessor true --token_type phn --token_list dump/token_list/phn_tacotron_g2p_en_no_space/tokens.txt --non_linguistic_symbols none --cleaner tacotron --g2p g2p_en_no_space --normalize none --pitch_normalize none --energy_normalize none --d0_normalize none --train_data_path_and_name_and_type dump/raw/tr_no_dev/text,text,text --train_data_path_and_name_and_type dump/raw/tr_no_dev/wav.scp,speech,sound --valid_data_path_and_name_and_type dump/raw/dev/text,text,text --valid_data_path_and_name_and_type dump/raw/dev/wav.scp,speech,sound --train_shape_file exp/tts_stats_raw_phn_tacotron_g2p_en_no_space/logdir/train.10.scp --valid_shape_file exp/tts_stats_raw_phn_tacotron_g2p_en_no_space/logdir/valid.10.scp --output_dir exp/tts_stats_raw_phn_tacotron_g2p_en_no_space/logdir/stats.10 --config conf/train_d0_jets.yaml --feats_extract fbank --feats_extract_conf n_fft=1024 --feats_extract_conf hop_length=256 --feats_extract_conf win_length=null --feats_extract_conf fs=22050 --feats_extract_conf fmin=80 --feats_extract_conf fmax=7600 --feats_extract_conf n_mels=80 --pitch_extract_conf fs=22050 --pitch_extract_conf n_fft=1024 --pitch_extract_conf hop_length=256 --pitch_extract_conf f0max=400 --pitch_extract_conf f0min=80 --energy_extract_conf fs=22050 --energy_extract_conf n_fft=1024 --energy_extract_conf hop_length=256 --energy_extract_conf win_length=null --d0_extract_conf fs=22050 --d0_extract_conf n_fft=1024 --d0_extract_conf hop_length=256 --d0_extract_conf win_length=null --d0_extract_conf fmin=80 --d0_extract_conf fmax=7600 --d0_extract_conf n_mels=80 
# Started at Wed Jun 25 02:02:07 JST 2025
#
/home/uesugi/.conda/envs/espnet/bin/python3 /home/uesugi/espnet/espnet/espnet2/bin/tts_train.py --collect_stats true --write_collected_feats false --use_preprocessor true --token_type phn --token_list dump/token_list/phn_tacotron_g2p_en_no_space/tokens.txt --non_linguistic_symbols none --cleaner tacotron --g2p g2p_en_no_space --normalize none --pitch_normalize none --energy_normalize none --d0_normalize none --train_data_path_and_name_and_type dump/raw/tr_no_dev/text,text,text --train_data_path_and_name_and_type dump/raw/tr_no_dev/wav.scp,speech,sound --valid_data_path_and_name_and_type dump/raw/dev/text,text,text --valid_data_path_and_name_and_type dump/raw/dev/wav.scp,speech,sound --train_shape_file exp/tts_stats_raw_phn_tacotron_g2p_en_no_space/logdir/train.10.scp --valid_shape_file exp/tts_stats_raw_phn_tacotron_g2p_en_no_space/logdir/valid.10.scp --output_dir exp/tts_stats_raw_phn_tacotron_g2p_en_no_space/logdir/stats.10 --config conf/train_d0_jets.yaml --feats_extract fbank --feats_extract_conf n_fft=1024 --feats_extract_conf hop_length=256 --feats_extract_conf win_length=null --feats_extract_conf fs=22050 --feats_extract_conf fmin=80 --feats_extract_conf fmax=7600 --feats_extract_conf n_mels=80 --pitch_extract_conf fs=22050 --pitch_extract_conf n_fft=1024 --pitch_extract_conf hop_length=256 --pitch_extract_conf f0max=400 --pitch_extract_conf f0min=80 --energy_extract_conf fs=22050 --energy_extract_conf n_fft=1024 --energy_extract_conf hop_length=256 --energy_extract_conf win_length=null --d0_extract_conf fs=22050 --d0_extract_conf n_fft=1024 --d0_extract_conf hop_length=256 --d0_extract_conf win_length=null --d0_extract_conf fmin=80 --d0_extract_conf fmax=7600 --d0_extract_conf n_mels=80
usage: tts_train.py [-h] [--config CONFIG] [--print_config]
                    [--log_level {ERROR,WARNING,INFO,DEBUG,NOTSET}]
                    [--drop_last_iter DROP_LAST_ITER] [--dry_run DRY_RUN]
                    [--iterator_type {sequence,category,chunk,task,none}]
                    [--valid_iterator_type {sequence,category,chunk,task,none}]
                    [--output_dir OUTPUT_DIR] [--ngpu NGPU] [--seed SEED]
                    [--num_workers NUM_WORKERS] [--num_att_plot NUM_ATT_PLOT]
                    [--dist_backend DIST_BACKEND]
                    [--dist_init_method DIST_INIT_METHOD]
                    [--dist_world_size DIST_WORLD_SIZE]
                    [--dist_rank DIST_RANK] [--local_rank LOCAL_RANK]
                    [--dist_master_addr DIST_MASTER_ADDR]
                    [--dist_master_port DIST_MASTER_PORT]
                    [--dist_launcher {slurm,mpi,None}]
                    [--multiprocessing_distributed MULTIPROCESSING_DISTRIBUTED]
                    [--unused_parameters UNUSED_PARAMETERS]
                    [--sharded_ddp SHARDED_DDP]
                    [--use_deepspeed USE_DEEPSPEED]
                    [--deepspeed_config DEEPSPEED_CONFIG]
                    [--gradient_as_bucket_view GRADIENT_AS_BUCKET_VIEW]
                    [--ddp_comm_hook {none,fp16_compress_hook,bf16_compress_hook}]
                    [--cudnn_enabled CUDNN_ENABLED]
                    [--cudnn_benchmark CUDNN_BENCHMARK]
                    [--cudnn_deterministic CUDNN_DETERMINISTIC]
                    [--use_tf32 USE_TF32] [--collect_stats COLLECT_STATS]
                    [--write_collected_feats WRITE_COLLECTED_FEATS]
                    [--max_epoch MAX_EPOCH] [--patience PATIENCE]
                    [--val_scheduler_criterion VAL_SCHEDULER_CRITERION VAL_SCHEDULER_CRITERION]
                    [--early_stopping_criterion EARLY_STOPPING_CRITERION EARLY_STOPPING_CRITERION EARLY_STOPPING_CRITERION]
                    [--best_model_criterion BEST_MODEL_CRITERION [BEST_MODEL_CRITERION ...]]
                    [--keep_nbest_models KEEP_NBEST_MODELS [KEEP_NBEST_MODELS ...]]
                    [--nbest_averaging_interval NBEST_AVERAGING_INTERVAL]
                    [--grad_clip GRAD_CLIP] [--grad_clip_type GRAD_CLIP_TYPE]
                    [--grad_noise GRAD_NOISE] [--accum_grad ACCUM_GRAD]
                    [--no_forward_run NO_FORWARD_RUN] [--resume RESUME]
                    [--train_dtype {float16,float32,float64}]
                    [--use_amp USE_AMP] [--log_interval LOG_INTERVAL]
                    [--use_matplotlib USE_MATPLOTLIB]
                    [--use_tensorboard USE_TENSORBOARD]
                    [--create_graph_in_tensorboard CREATE_GRAPH_IN_TENSORBOARD]
                    [--use_wandb USE_WANDB] [--wandb_project WANDB_PROJECT]
                    [--wandb_id WANDB_ID] [--wandb_entity WANDB_ENTITY]
                    [--wandb_name WANDB_NAME]
                    [--wandb_model_log_interval WANDB_MODEL_LOG_INTERVAL]
                    [--detect_anomaly DETECT_ANOMALY]
                    [--use_adapter USE_ADAPTER] [--adapter {lora,houlsby}]
                    [--save_strategy {all,adapter_only,required_grad_only}]
                    [--adapter_conf ADAPTER_CONF]
                    [--pretrain_path PRETRAIN_PATH]
                    [--init_param [INIT_PARAM ...]]
                    [--ignore_init_mismatch IGNORE_INIT_MISMATCH]
                    [--freeze_param [FREEZE_PARAM ...]]
                    [--num_iters_per_epoch NUM_ITERS_PER_EPOCH]
                    [--batch_size BATCH_SIZE]
                    [--valid_batch_size VALID_BATCH_SIZE]
                    [--batch_bins BATCH_BINS]
                    [--valid_batch_bins VALID_BATCH_BINS]
                    [--category_sample_size CATEGORY_SAMPLE_SIZE]
                    [--train_shape_file TRAIN_SHAPE_FILE]
                    [--valid_shape_file VALID_SHAPE_FILE]
                    [--batch_type {unsorted,sorted,folded,length,numel}]
                    [--valid_batch_type {unsorted,sorted,folded,length,numel,None}]
                    [--fold_length FOLD_LENGTH]
                    [--sort_in_batch {descending,ascending}]
                    [--shuffle_within_batch SHUFFLE_WITHIN_BATCH]
                    [--sort_batch {descending,ascending}]
                    [--multiple_iterator MULTIPLE_ITERATOR]
                    [--chunk_length CHUNK_LENGTH]
                    [--chunk_shift_ratio CHUNK_SHIFT_RATIO]
                    [--num_cache_chunks NUM_CACHE_CHUNKS]
                    [--chunk_excluded_key_prefixes CHUNK_EXCLUDED_KEY_PREFIXES [CHUNK_EXCLUDED_KEY_PREFIXES ...]]
                    [--chunk_default_fs CHUNK_DEFAULT_FS]
                    [--chunk_max_abs_length CHUNK_MAX_ABS_LENGTH]
                    [--chunk_discard_short_samples CHUNK_DISCARD_SHORT_SAMPLES]
                    [--train_data_path_and_name_and_type TRAIN_DATA_PATH_AND_NAME_AND_TYPE]
                    [--valid_data_path_and_name_and_type VALID_DATA_PATH_AND_NAME_AND_TYPE]
                    [--multi_task_dataset MULTI_TASK_DATASET]
                    [--allow_variable_data_keys ALLOW_VARIABLE_DATA_KEYS]
                    [--max_cache_size MAX_CACHE_SIZE]
                    [--max_cache_fd MAX_CACHE_FD]
                    [--allow_multi_rates ALLOW_MULTI_RATES]
                    [--valid_max_cache_size VALID_MAX_CACHE_SIZE]
                    [--exclude_weight_decay EXCLUDE_WEIGHT_DECAY]
                    [--exclude_weight_decay_conf EXCLUDE_WEIGHT_DECAY_CONF]
                    [--optim {adam,adamw,sgd,adadelta,adagrad,adamax,asgd,lbfgs,rmsprop,rprop,radam,accagd,adabound,adamod,diffgrad,lamb,novograd,pid,qhm,sgdw,yogi}]
                    [--optim_conf OPTIM_CONF]
                    [--scheduler {reducelronplateau,lambdalr,steplr,multisteplr,exponentiallr,cosineannealinglr,noamlr,warmuplr,piecewiselinearwarmuplr,warmupsteplr,warmupreducelronplateau,cycliclr,onecyclelr,cosineannealingwarmrestarts,cosineannealingwarmuprestarts,None}]
                    [--scheduler_conf SCHEDULER_CONF]
                    [--token_list TOKEN_LIST] [--odim ODIM]
                    [--model_conf MODEL_CONF]
                    [--use_preprocessor USE_PREPROCESSOR]
                    [--token_type {bpe,char,word,phn}] [--bpemodel BPEMODEL]
                    [--non_linguistic_symbols NON_LINGUISTIC_SYMBOLS]
                    [--cleaner {None,tacotron,jaconv,vietnamese,korean_cleaner}]
                    [--g2p {None,g2p_en,g2p_en_no_space,pyopenjtalk,pyopenjtalk_kana,pyopenjtalk_accent,pyopenjtalk_accent_with_pause,pyopenjtalk_prosody,pypinyin_g2p,pypinyin_g2p_phone,pypinyin_g2p_phone_without_prosody,espeak_ng_arabic,espeak_ng_german,espeak_ng_french,espeak_ng_spanish,espeak_ng_russian,espeak_ng_greek,espeak_ng_finnish,espeak_ng_hungarian,espeak_ng_dutch,espeak_ng_english_us_vits,espeak_ng_hindi,espeak_ng_italian,espeak_ng_ukrainian,espeak_ng_polish,g2pk,g2pk_no_space,g2pk_explicit_space,korean_jaso,korean_jaso_no_space,g2p_is}]
                    [--feats_extract {fbank,spectrogram,linear_spectrogram}]
                    [--feats_extract_conf FEATS_EXTRACT_CONF]
                    [--normalize {global_mvn,None}]
                    [--normalize_conf NORMALIZE_CONF]
                    [--tts {tacotron2,transformer,fastspeech,fastspeech2,prodiff,vits,joint_text2wav,jets}]
                    [--tts_conf TTS_CONF] [--pitch_extract {dio,None}]
                    [--pitch_extract_conf PITCH_EXTRACT_CONF]
                    [--pitch_normalize {global_mvn,None}]
                    [--pitch_normalize_conf PITCH_NORMALIZE_CONF]
                    [--energy_extract {energy,None}]
                    [--energy_extract_conf ENERGY_EXTRACT_CONF]
                    [--energy_normalize {global_mvn,None}]
                    [--energy_normalize_conf ENERGY_NORMALIZE_CONF]
tts_train.py: error: No such file: conf/train_d0_jets.yaml
Failed to import Flash Attention, using ESPnet default: No module named 'flash_attn'
# Accounting: time=526 threads=1
# Ended (code 2) at Wed Jun 25 02:10:53 JST 2025, elapsed time 526 seconds
# python3 -m espnet2.bin.tts_train --collect_stats true --write_collected_feats false --use_preprocessor true --token_type phn --token_list dump/token_list/phn_tacotron_g2p_en_no_space/tokens.txt --non_linguistic_symbols none --cleaner tacotron --g2p g2p_en_no_space --normalize none --pitch_normalize none --energy_normalize none --d0_normalize none --train_data_path_and_name_and_type dump/raw/tr_no_dev/text,text,text --train_data_path_and_name_and_type dump/raw/tr_no_dev/wav.scp,speech,sound --valid_data_path_and_name_and_type dump/raw/dev/text,text,text --valid_data_path_and_name_and_type dump/raw/dev/wav.scp,speech,sound --train_shape_file exp/tts_stats_raw_phn_tacotron_g2p_en_no_space/logdir/train.11.scp --valid_shape_file exp/tts_stats_raw_phn_tacotron_g2p_en_no_space/logdir/valid.11.scp --output_dir exp/tts_stats_raw_phn_tacotron_g2p_en_no_space/logdir/stats.11 --config conf/train_d0_jets.yaml --feats_extract fbank --feats_extract_conf n_fft=1024 --feats_extract_conf hop_length=256 --feats_extract_conf win_length=null --feats_extract_conf fs=22050 --feats_extract_conf fmin=80 --feats_extract_conf fmax=7600 --feats_extract_conf n_mels=80 --pitch_extract_conf fs=22050 --pitch_extract_conf n_fft=1024 --pitch_extract_conf hop_length=256 --pitch_extract_conf f0max=400 --pitch_extract_conf f0min=80 --energy_extract_conf fs=22050 --energy_extract_conf n_fft=1024 --energy_extract_conf hop_length=256 --energy_extract_conf win_length=null --d0_extract_conf fs=22050 --d0_extract_conf n_fft=1024 --d0_extract_conf hop_length=256 --d0_extract_conf win_length=null --d0_extract_conf fmin=80 --d0_extract_conf fmax=7600 --d0_extract_conf n_mels=80 
# Started at Wed Jun 25 02:02:05 JST 2025
#
/home/uesugi/.conda/envs/espnet/bin/python3 /home/uesugi/espnet/espnet/espnet2/bin/tts_train.py --collect_stats true --write_collected_feats false --use_preprocessor true --token_type phn --token_list dump/token_list/phn_tacotron_g2p_en_no_space/tokens.txt --non_linguistic_symbols none --cleaner tacotron --g2p g2p_en_no_space --normalize none --pitch_normalize none --energy_normalize none --d0_normalize none --train_data_path_and_name_and_type dump/raw/tr_no_dev/text,text,text --train_data_path_and_name_and_type dump/raw/tr_no_dev/wav.scp,speech,sound --valid_data_path_and_name_and_type dump/raw/dev/text,text,text --valid_data_path_and_name_and_type dump/raw/dev/wav.scp,speech,sound --train_shape_file exp/tts_stats_raw_phn_tacotron_g2p_en_no_space/logdir/train.11.scp --valid_shape_file exp/tts_stats_raw_phn_tacotron_g2p_en_no_space/logdir/valid.11.scp --output_dir exp/tts_stats_raw_phn_tacotron_g2p_en_no_space/logdir/stats.11 --config conf/train_d0_jets.yaml --feats_extract fbank --feats_extract_conf n_fft=1024 --feats_extract_conf hop_length=256 --feats_extract_conf win_length=null --feats_extract_conf fs=22050 --feats_extract_conf fmin=80 --feats_extract_conf fmax=7600 --feats_extract_conf n_mels=80 --pitch_extract_conf fs=22050 --pitch_extract_conf n_fft=1024 --pitch_extract_conf hop_length=256 --pitch_extract_conf f0max=400 --pitch_extract_conf f0min=80 --energy_extract_conf fs=22050 --energy_extract_conf n_fft=1024 --energy_extract_conf hop_length=256 --energy_extract_conf win_length=null --d0_extract_conf fs=22050 --d0_extract_conf n_fft=1024 --d0_extract_conf hop_length=256 --d0_extract_conf win_length=null --d0_extract_conf fmin=80 --d0_extract_conf fmax=7600 --d0_extract_conf n_mels=80
usage: tts_train.py [-h] [--config CONFIG] [--print_config]
                    [--log_level {ERROR,WARNING,INFO,DEBUG,NOTSET}]
                    [--drop_last_iter DROP_LAST_ITER] [--dry_run DRY_RUN]
                    [--iterator_type {sequence,category,chunk,task,none}]
                    [--valid_iterator_type {sequence,category,chunk,task,none}]
                    [--output_dir OUTPUT_DIR] [--ngpu NGPU] [--seed SEED]
                    [--num_workers NUM_WORKERS] [--num_att_plot NUM_ATT_PLOT]
                    [--dist_backend DIST_BACKEND]
                    [--dist_init_method DIST_INIT_METHOD]
                    [--dist_world_size DIST_WORLD_SIZE]
                    [--dist_rank DIST_RANK] [--local_rank LOCAL_RANK]
                    [--dist_master_addr DIST_MASTER_ADDR]
                    [--dist_master_port DIST_MASTER_PORT]
                    [--dist_launcher {slurm,mpi,None}]
                    [--multiprocessing_distributed MULTIPROCESSING_DISTRIBUTED]
                    [--unused_parameters UNUSED_PARAMETERS]
                    [--sharded_ddp SHARDED_DDP]
                    [--use_deepspeed USE_DEEPSPEED]
                    [--deepspeed_config DEEPSPEED_CONFIG]
                    [--gradient_as_bucket_view GRADIENT_AS_BUCKET_VIEW]
                    [--ddp_comm_hook {none,fp16_compress_hook,bf16_compress_hook}]
                    [--cudnn_enabled CUDNN_ENABLED]
                    [--cudnn_benchmark CUDNN_BENCHMARK]
                    [--cudnn_deterministic CUDNN_DETERMINISTIC]
                    [--use_tf32 USE_TF32] [--collect_stats COLLECT_STATS]
                    [--write_collected_feats WRITE_COLLECTED_FEATS]
                    [--max_epoch MAX_EPOCH] [--patience PATIENCE]
                    [--val_scheduler_criterion VAL_SCHEDULER_CRITERION VAL_SCHEDULER_CRITERION]
                    [--early_stopping_criterion EARLY_STOPPING_CRITERION EARLY_STOPPING_CRITERION EARLY_STOPPING_CRITERION]
                    [--best_model_criterion BEST_MODEL_CRITERION [BEST_MODEL_CRITERION ...]]
                    [--keep_nbest_models KEEP_NBEST_MODELS [KEEP_NBEST_MODELS ...]]
                    [--nbest_averaging_interval NBEST_AVERAGING_INTERVAL]
                    [--grad_clip GRAD_CLIP] [--grad_clip_type GRAD_CLIP_TYPE]
                    [--grad_noise GRAD_NOISE] [--accum_grad ACCUM_GRAD]
                    [--no_forward_run NO_FORWARD_RUN] [--resume RESUME]
                    [--train_dtype {float16,float32,float64}]
                    [--use_amp USE_AMP] [--log_interval LOG_INTERVAL]
                    [--use_matplotlib USE_MATPLOTLIB]
                    [--use_tensorboard USE_TENSORBOARD]
                    [--create_graph_in_tensorboard CREATE_GRAPH_IN_TENSORBOARD]
                    [--use_wandb USE_WANDB] [--wandb_project WANDB_PROJECT]
                    [--wandb_id WANDB_ID] [--wandb_entity WANDB_ENTITY]
                    [--wandb_name WANDB_NAME]
                    [--wandb_model_log_interval WANDB_MODEL_LOG_INTERVAL]
                    [--detect_anomaly DETECT_ANOMALY]
                    [--use_adapter USE_ADAPTER] [--adapter {lora,houlsby}]
                    [--save_strategy {all,adapter_only,required_grad_only}]
                    [--adapter_conf ADAPTER_CONF]
                    [--pretrain_path PRETRAIN_PATH]
                    [--init_param [INIT_PARAM ...]]
                    [--ignore_init_mismatch IGNORE_INIT_MISMATCH]
                    [--freeze_param [FREEZE_PARAM ...]]
                    [--num_iters_per_epoch NUM_ITERS_PER_EPOCH]
                    [--batch_size BATCH_SIZE]
                    [--valid_batch_size VALID_BATCH_SIZE]
                    [--batch_bins BATCH_BINS]
                    [--valid_batch_bins VALID_BATCH_BINS]
                    [--category_sample_size CATEGORY_SAMPLE_SIZE]
                    [--train_shape_file TRAIN_SHAPE_FILE]
                    [--valid_shape_file VALID_SHAPE_FILE]
                    [--batch_type {unsorted,sorted,folded,length,numel}]
                    [--valid_batch_type {unsorted,sorted,folded,length,numel,None}]
                    [--fold_length FOLD_LENGTH]
                    [--sort_in_batch {descending,ascending}]
                    [--shuffle_within_batch SHUFFLE_WITHIN_BATCH]
                    [--sort_batch {descending,ascending}]
                    [--multiple_iterator MULTIPLE_ITERATOR]
                    [--chunk_length CHUNK_LENGTH]
                    [--chunk_shift_ratio CHUNK_SHIFT_RATIO]
                    [--num_cache_chunks NUM_CACHE_CHUNKS]
                    [--chunk_excluded_key_prefixes CHUNK_EXCLUDED_KEY_PREFIXES [CHUNK_EXCLUDED_KEY_PREFIXES ...]]
                    [--chunk_default_fs CHUNK_DEFAULT_FS]
                    [--chunk_max_abs_length CHUNK_MAX_ABS_LENGTH]
                    [--chunk_discard_short_samples CHUNK_DISCARD_SHORT_SAMPLES]
                    [--train_data_path_and_name_and_type TRAIN_DATA_PATH_AND_NAME_AND_TYPE]
                    [--valid_data_path_and_name_and_type VALID_DATA_PATH_AND_NAME_AND_TYPE]
                    [--multi_task_dataset MULTI_TASK_DATASET]
                    [--allow_variable_data_keys ALLOW_VARIABLE_DATA_KEYS]
                    [--max_cache_size MAX_CACHE_SIZE]
                    [--max_cache_fd MAX_CACHE_FD]
                    [--allow_multi_rates ALLOW_MULTI_RATES]
                    [--valid_max_cache_size VALID_MAX_CACHE_SIZE]
                    [--exclude_weight_decay EXCLUDE_WEIGHT_DECAY]
                    [--exclude_weight_decay_conf EXCLUDE_WEIGHT_DECAY_CONF]
                    [--optim {adam,adamw,sgd,adadelta,adagrad,adamax,asgd,lbfgs,rmsprop,rprop,radam,accagd,adabound,adamod,diffgrad,lamb,novograd,pid,qhm,sgdw,yogi}]
                    [--optim_conf OPTIM_CONF]
                    [--scheduler {reducelronplateau,lambdalr,steplr,multisteplr,exponentiallr,cosineannealinglr,noamlr,warmuplr,piecewiselinearwarmuplr,warmupsteplr,warmupreducelronplateau,cycliclr,onecyclelr,cosineannealingwarmrestarts,cosineannealingwarmuprestarts,None}]
                    [--scheduler_conf SCHEDULER_CONF]
                    [--token_list TOKEN_LIST] [--odim ODIM]
                    [--model_conf MODEL_CONF]
                    [--use_preprocessor USE_PREPROCESSOR]
                    [--token_type {bpe,char,word,phn}] [--bpemodel BPEMODEL]
                    [--non_linguistic_symbols NON_LINGUISTIC_SYMBOLS]
                    [--cleaner {None,tacotron,jaconv,vietnamese,korean_cleaner}]
                    [--g2p {None,g2p_en,g2p_en_no_space,pyopenjtalk,pyopenjtalk_kana,pyopenjtalk_accent,pyopenjtalk_accent_with_pause,pyopenjtalk_prosody,pypinyin_g2p,pypinyin_g2p_phone,pypinyin_g2p_phone_without_prosody,espeak_ng_arabic,espeak_ng_german,espeak_ng_french,espeak_ng_spanish,espeak_ng_russian,espeak_ng_greek,espeak_ng_finnish,espeak_ng_hungarian,espeak_ng_dutch,espeak_ng_english_us_vits,espeak_ng_hindi,espeak_ng_italian,espeak_ng_ukrainian,espeak_ng_polish,g2pk,g2pk_no_space,g2pk_explicit_space,korean_jaso,korean_jaso_no_space,g2p_is}]
                    [--feats_extract {fbank,spectrogram,linear_spectrogram}]
                    [--feats_extract_conf FEATS_EXTRACT_CONF]
                    [--normalize {global_mvn,None}]
                    [--normalize_conf NORMALIZE_CONF]
                    [--tts {tacotron2,transformer,fastspeech,fastspeech2,prodiff,vits,joint_text2wav,jets}]
                    [--tts_conf TTS_CONF] [--pitch_extract {dio,None}]
                    [--pitch_extract_conf PITCH_EXTRACT_CONF]
                    [--pitch_normalize {global_mvn,None}]
                    [--pitch_normalize_conf PITCH_NORMALIZE_CONF]
                    [--energy_extract {energy,None}]
                    [--energy_extract_conf ENERGY_EXTRACT_CONF]
                    [--energy_normalize {global_mvn,None}]
                    [--energy_normalize_conf ENERGY_NORMALIZE_CONF]
tts_train.py: error: No such file: conf/train_d0_jets.yaml
Failed to import Flash Attention, using ESPnet default: No module named 'flash_attn'
# Accounting: time=527 threads=1
# Ended (code 2) at Wed Jun 25 02:10:52 JST 2025, elapsed time 527 seconds
# python3 -m espnet2.bin.tts_train --collect_stats true --write_collected_feats false --use_preprocessor true --token_type phn --token_list dump/token_list/phn_tacotron_g2p_en_no_space/tokens.txt --non_linguistic_symbols none --cleaner tacotron --g2p g2p_en_no_space --normalize none --pitch_normalize none --energy_normalize none --d0_normalize none --train_data_path_and_name_and_type dump/raw/tr_no_dev/text,text,text --train_data_path_and_name_and_type dump/raw/tr_no_dev/wav.scp,speech,sound --valid_data_path_and_name_and_type dump/raw/dev/text,text,text --valid_data_path_and_name_and_type dump/raw/dev/wav.scp,speech,sound --train_shape_file exp/tts_stats_raw_phn_tacotron_g2p_en_no_space/logdir/train.12.scp --valid_shape_file exp/tts_stats_raw_phn_tacotron_g2p_en_no_space/logdir/valid.12.scp --output_dir exp/tts_stats_raw_phn_tacotron_g2p_en_no_space/logdir/stats.12 --config conf/train_d0_jets.yaml --feats_extract fbank --feats_extract_conf n_fft=1024 --feats_extract_conf hop_length=256 --feats_extract_conf win_length=null --feats_extract_conf fs=22050 --feats_extract_conf fmin=80 --feats_extract_conf fmax=7600 --feats_extract_conf n_mels=80 --pitch_extract_conf fs=22050 --pitch_extract_conf n_fft=1024 --pitch_extract_conf hop_length=256 --pitch_extract_conf f0max=400 --pitch_extract_conf f0min=80 --energy_extract_conf fs=22050 --energy_extract_conf n_fft=1024 --energy_extract_conf hop_length=256 --energy_extract_conf win_length=null --d0_extract_conf fs=22050 --d0_extract_conf n_fft=1024 --d0_extract_conf hop_length=256 --d0_extract_conf win_length=null --d0_extract_conf fmin=80 --d0_extract_conf fmax=7600 --d0_extract_conf n_mels=80 
# Started at Wed Jun 25 02:02:07 JST 2025
#
/home/uesugi/.conda/envs/espnet/bin/python3 /home/uesugi/espnet/espnet/espnet2/bin/tts_train.py --collect_stats true --write_collected_feats false --use_preprocessor true --token_type phn --token_list dump/token_list/phn_tacotron_g2p_en_no_space/tokens.txt --non_linguistic_symbols none --cleaner tacotron --g2p g2p_en_no_space --normalize none --pitch_normalize none --energy_normalize none --d0_normalize none --train_data_path_and_name_and_type dump/raw/tr_no_dev/text,text,text --train_data_path_and_name_and_type dump/raw/tr_no_dev/wav.scp,speech,sound --valid_data_path_and_name_and_type dump/raw/dev/text,text,text --valid_data_path_and_name_and_type dump/raw/dev/wav.scp,speech,sound --train_shape_file exp/tts_stats_raw_phn_tacotron_g2p_en_no_space/logdir/train.12.scp --valid_shape_file exp/tts_stats_raw_phn_tacotron_g2p_en_no_space/logdir/valid.12.scp --output_dir exp/tts_stats_raw_phn_tacotron_g2p_en_no_space/logdir/stats.12 --config conf/train_d0_jets.yaml --feats_extract fbank --feats_extract_conf n_fft=1024 --feats_extract_conf hop_length=256 --feats_extract_conf win_length=null --feats_extract_conf fs=22050 --feats_extract_conf fmin=80 --feats_extract_conf fmax=7600 --feats_extract_conf n_mels=80 --pitch_extract_conf fs=22050 --pitch_extract_conf n_fft=1024 --pitch_extract_conf hop_length=256 --pitch_extract_conf f0max=400 --pitch_extract_conf f0min=80 --energy_extract_conf fs=22050 --energy_extract_conf n_fft=1024 --energy_extract_conf hop_length=256 --energy_extract_conf win_length=null --d0_extract_conf fs=22050 --d0_extract_conf n_fft=1024 --d0_extract_conf hop_length=256 --d0_extract_conf win_length=null --d0_extract_conf fmin=80 --d0_extract_conf fmax=7600 --d0_extract_conf n_mels=80
usage: tts_train.py [-h] [--config CONFIG] [--print_config]
                    [--log_level {ERROR,WARNING,INFO,DEBUG,NOTSET}]
                    [--drop_last_iter DROP_LAST_ITER] [--dry_run DRY_RUN]
                    [--iterator_type {sequence,category,chunk,task,none}]
                    [--valid_iterator_type {sequence,category,chunk,task,none}]
                    [--output_dir OUTPUT_DIR] [--ngpu NGPU] [--seed SEED]
                    [--num_workers NUM_WORKERS] [--num_att_plot NUM_ATT_PLOT]
                    [--dist_backend DIST_BACKEND]
                    [--dist_init_method DIST_INIT_METHOD]
                    [--dist_world_size DIST_WORLD_SIZE]
                    [--dist_rank DIST_RANK] [--local_rank LOCAL_RANK]
                    [--dist_master_addr DIST_MASTER_ADDR]
                    [--dist_master_port DIST_MASTER_PORT]
                    [--dist_launcher {slurm,mpi,None}]
                    [--multiprocessing_distributed MULTIPROCESSING_DISTRIBUTED]
                    [--unused_parameters UNUSED_PARAMETERS]
                    [--sharded_ddp SHARDED_DDP]
                    [--use_deepspeed USE_DEEPSPEED]
                    [--deepspeed_config DEEPSPEED_CONFIG]
                    [--gradient_as_bucket_view GRADIENT_AS_BUCKET_VIEW]
                    [--ddp_comm_hook {none,fp16_compress_hook,bf16_compress_hook}]
                    [--cudnn_enabled CUDNN_ENABLED]
                    [--cudnn_benchmark CUDNN_BENCHMARK]
                    [--cudnn_deterministic CUDNN_DETERMINISTIC]
                    [--use_tf32 USE_TF32] [--collect_stats COLLECT_STATS]
                    [--write_collected_feats WRITE_COLLECTED_FEATS]
                    [--max_epoch MAX_EPOCH] [--patience PATIENCE]
                    [--val_scheduler_criterion VAL_SCHEDULER_CRITERION VAL_SCHEDULER_CRITERION]
                    [--early_stopping_criterion EARLY_STOPPING_CRITERION EARLY_STOPPING_CRITERION EARLY_STOPPING_CRITERION]
                    [--best_model_criterion BEST_MODEL_CRITERION [BEST_MODEL_CRITERION ...]]
                    [--keep_nbest_models KEEP_NBEST_MODELS [KEEP_NBEST_MODELS ...]]
                    [--nbest_averaging_interval NBEST_AVERAGING_INTERVAL]
                    [--grad_clip GRAD_CLIP] [--grad_clip_type GRAD_CLIP_TYPE]
                    [--grad_noise GRAD_NOISE] [--accum_grad ACCUM_GRAD]
                    [--no_forward_run NO_FORWARD_RUN] [--resume RESUME]
                    [--train_dtype {float16,float32,float64}]
                    [--use_amp USE_AMP] [--log_interval LOG_INTERVAL]
                    [--use_matplotlib USE_MATPLOTLIB]
                    [--use_tensorboard USE_TENSORBOARD]
                    [--create_graph_in_tensorboard CREATE_GRAPH_IN_TENSORBOARD]
                    [--use_wandb USE_WANDB] [--wandb_project WANDB_PROJECT]
                    [--wandb_id WANDB_ID] [--wandb_entity WANDB_ENTITY]
                    [--wandb_name WANDB_NAME]
                    [--wandb_model_log_interval WANDB_MODEL_LOG_INTERVAL]
                    [--detect_anomaly DETECT_ANOMALY]
                    [--use_adapter USE_ADAPTER] [--adapter {lora,houlsby}]
                    [--save_strategy {all,adapter_only,required_grad_only}]
                    [--adapter_conf ADAPTER_CONF]
                    [--pretrain_path PRETRAIN_PATH]
                    [--init_param [INIT_PARAM ...]]
                    [--ignore_init_mismatch IGNORE_INIT_MISMATCH]
                    [--freeze_param [FREEZE_PARAM ...]]
                    [--num_iters_per_epoch NUM_ITERS_PER_EPOCH]
                    [--batch_size BATCH_SIZE]
                    [--valid_batch_size VALID_BATCH_SIZE]
                    [--batch_bins BATCH_BINS]
                    [--valid_batch_bins VALID_BATCH_BINS]
                    [--category_sample_size CATEGORY_SAMPLE_SIZE]
                    [--train_shape_file TRAIN_SHAPE_FILE]
                    [--valid_shape_file VALID_SHAPE_FILE]
                    [--batch_type {unsorted,sorted,folded,length,numel}]
                    [--valid_batch_type {unsorted,sorted,folded,length,numel,None}]
                    [--fold_length FOLD_LENGTH]
                    [--sort_in_batch {descending,ascending}]
                    [--shuffle_within_batch SHUFFLE_WITHIN_BATCH]
                    [--sort_batch {descending,ascending}]
                    [--multiple_iterator MULTIPLE_ITERATOR]
                    [--chunk_length CHUNK_LENGTH]
                    [--chunk_shift_ratio CHUNK_SHIFT_RATIO]
                    [--num_cache_chunks NUM_CACHE_CHUNKS]
                    [--chunk_excluded_key_prefixes CHUNK_EXCLUDED_KEY_PREFIXES [CHUNK_EXCLUDED_KEY_PREFIXES ...]]
                    [--chunk_default_fs CHUNK_DEFAULT_FS]
                    [--chunk_max_abs_length CHUNK_MAX_ABS_LENGTH]
                    [--chunk_discard_short_samples CHUNK_DISCARD_SHORT_SAMPLES]
                    [--train_data_path_and_name_and_type TRAIN_DATA_PATH_AND_NAME_AND_TYPE]
                    [--valid_data_path_and_name_and_type VALID_DATA_PATH_AND_NAME_AND_TYPE]
                    [--multi_task_dataset MULTI_TASK_DATASET]
                    [--allow_variable_data_keys ALLOW_VARIABLE_DATA_KEYS]
                    [--max_cache_size MAX_CACHE_SIZE]
                    [--max_cache_fd MAX_CACHE_FD]
                    [--allow_multi_rates ALLOW_MULTI_RATES]
                    [--valid_max_cache_size VALID_MAX_CACHE_SIZE]
                    [--exclude_weight_decay EXCLUDE_WEIGHT_DECAY]
                    [--exclude_weight_decay_conf EXCLUDE_WEIGHT_DECAY_CONF]
                    [--optim {adam,adamw,sgd,adadelta,adagrad,adamax,asgd,lbfgs,rmsprop,rprop,radam,accagd,adabound,adamod,diffgrad,lamb,novograd,pid,qhm,sgdw,yogi}]
                    [--optim_conf OPTIM_CONF]
                    [--scheduler {reducelronplateau,lambdalr,steplr,multisteplr,exponentiallr,cosineannealinglr,noamlr,warmuplr,piecewiselinearwarmuplr,warmupsteplr,warmupreducelronplateau,cycliclr,onecyclelr,cosineannealingwarmrestarts,cosineannealingwarmuprestarts,None}]
                    [--scheduler_conf SCHEDULER_CONF]
                    [--token_list TOKEN_LIST] [--odim ODIM]
                    [--model_conf MODEL_CONF]
                    [--use_preprocessor USE_PREPROCESSOR]
                    [--token_type {bpe,char,word,phn}] [--bpemodel BPEMODEL]
                    [--non_linguistic_symbols NON_LINGUISTIC_SYMBOLS]
                    [--cleaner {None,tacotron,jaconv,vietnamese,korean_cleaner}]
                    [--g2p {None,g2p_en,g2p_en_no_space,pyopenjtalk,pyopenjtalk_kana,pyopenjtalk_accent,pyopenjtalk_accent_with_pause,pyopenjtalk_prosody,pypinyin_g2p,pypinyin_g2p_phone,pypinyin_g2p_phone_without_prosody,espeak_ng_arabic,espeak_ng_german,espeak_ng_french,espeak_ng_spanish,espeak_ng_russian,espeak_ng_greek,espeak_ng_finnish,espeak_ng_hungarian,espeak_ng_dutch,espeak_ng_english_us_vits,espeak_ng_hindi,espeak_ng_italian,espeak_ng_ukrainian,espeak_ng_polish,g2pk,g2pk_no_space,g2pk_explicit_space,korean_jaso,korean_jaso_no_space,g2p_is}]
                    [--feats_extract {fbank,spectrogram,linear_spectrogram}]
                    [--feats_extract_conf FEATS_EXTRACT_CONF]
                    [--normalize {global_mvn,None}]
                    [--normalize_conf NORMALIZE_CONF]
                    [--tts {tacotron2,transformer,fastspeech,fastspeech2,prodiff,vits,joint_text2wav,jets}]
                    [--tts_conf TTS_CONF] [--pitch_extract {dio,None}]
                    [--pitch_extract_conf PITCH_EXTRACT_CONF]
                    [--pitch_normalize {global_mvn,None}]
                    [--pitch_normalize_conf PITCH_NORMALIZE_CONF]
                    [--energy_extract {energy,None}]
                    [--energy_extract_conf ENERGY_EXTRACT_CONF]
                    [--energy_normalize {global_mvn,None}]
                    [--energy_normalize_conf ENERGY_NORMALIZE_CONF]
tts_train.py: error: No such file: conf/train_d0_jets.yaml
Failed to import Flash Attention, using ESPnet default: No module named 'flash_attn'
# Accounting: time=525 threads=1
# Ended (code 2) at Wed Jun 25 02:10:52 JST 2025, elapsed time 525 seconds
# python3 -m espnet2.bin.tts_train --collect_stats true --write_collected_feats false --use_preprocessor true --token_type phn --token_list dump/token_list/phn_tacotron_g2p_en_no_space/tokens.txt --non_linguistic_symbols none --cleaner tacotron --g2p g2p_en_no_space --normalize none --pitch_normalize none --energy_normalize none --d0_normalize none --train_data_path_and_name_and_type dump/raw/tr_no_dev/text,text,text --train_data_path_and_name_and_type dump/raw/tr_no_dev/wav.scp,speech,sound --valid_data_path_and_name_and_type dump/raw/dev/text,text,text --valid_data_path_and_name_and_type dump/raw/dev/wav.scp,speech,sound --train_shape_file exp/tts_stats_raw_phn_tacotron_g2p_en_no_space/logdir/train.13.scp --valid_shape_file exp/tts_stats_raw_phn_tacotron_g2p_en_no_space/logdir/valid.13.scp --output_dir exp/tts_stats_raw_phn_tacotron_g2p_en_no_space/logdir/stats.13 --config conf/train_d0_jets.yaml --feats_extract fbank --feats_extract_conf n_fft=1024 --feats_extract_conf hop_length=256 --feats_extract_conf win_length=null --feats_extract_conf fs=22050 --feats_extract_conf fmin=80 --feats_extract_conf fmax=7600 --feats_extract_conf n_mels=80 --pitch_extract_conf fs=22050 --pitch_extract_conf n_fft=1024 --pitch_extract_conf hop_length=256 --pitch_extract_conf f0max=400 --pitch_extract_conf f0min=80 --energy_extract_conf fs=22050 --energy_extract_conf n_fft=1024 --energy_extract_conf hop_length=256 --energy_extract_conf win_length=null --d0_extract_conf fs=22050 --d0_extract_conf n_fft=1024 --d0_extract_conf hop_length=256 --d0_extract_conf win_length=null --d0_extract_conf fmin=80 --d0_extract_conf fmax=7600 --d0_extract_conf n_mels=80 
# Started at Wed Jun 25 02:02:05 JST 2025
#
/home/uesugi/.conda/envs/espnet/bin/python3 /home/uesugi/espnet/espnet/espnet2/bin/tts_train.py --collect_stats true --write_collected_feats false --use_preprocessor true --token_type phn --token_list dump/token_list/phn_tacotron_g2p_en_no_space/tokens.txt --non_linguistic_symbols none --cleaner tacotron --g2p g2p_en_no_space --normalize none --pitch_normalize none --energy_normalize none --d0_normalize none --train_data_path_and_name_and_type dump/raw/tr_no_dev/text,text,text --train_data_path_and_name_and_type dump/raw/tr_no_dev/wav.scp,speech,sound --valid_data_path_and_name_and_type dump/raw/dev/text,text,text --valid_data_path_and_name_and_type dump/raw/dev/wav.scp,speech,sound --train_shape_file exp/tts_stats_raw_phn_tacotron_g2p_en_no_space/logdir/train.13.scp --valid_shape_file exp/tts_stats_raw_phn_tacotron_g2p_en_no_space/logdir/valid.13.scp --output_dir exp/tts_stats_raw_phn_tacotron_g2p_en_no_space/logdir/stats.13 --config conf/train_d0_jets.yaml --feats_extract fbank --feats_extract_conf n_fft=1024 --feats_extract_conf hop_length=256 --feats_extract_conf win_length=null --feats_extract_conf fs=22050 --feats_extract_conf fmin=80 --feats_extract_conf fmax=7600 --feats_extract_conf n_mels=80 --pitch_extract_conf fs=22050 --pitch_extract_conf n_fft=1024 --pitch_extract_conf hop_length=256 --pitch_extract_conf f0max=400 --pitch_extract_conf f0min=80 --energy_extract_conf fs=22050 --energy_extract_conf n_fft=1024 --energy_extract_conf hop_length=256 --energy_extract_conf win_length=null --d0_extract_conf fs=22050 --d0_extract_conf n_fft=1024 --d0_extract_conf hop_length=256 --d0_extract_conf win_length=null --d0_extract_conf fmin=80 --d0_extract_conf fmax=7600 --d0_extract_conf n_mels=80
usage: tts_train.py [-h] [--config CONFIG] [--print_config]
                    [--log_level {ERROR,WARNING,INFO,DEBUG,NOTSET}]
                    [--drop_last_iter DROP_LAST_ITER] [--dry_run DRY_RUN]
                    [--iterator_type {sequence,category,chunk,task,none}]
                    [--valid_iterator_type {sequence,category,chunk,task,none}]
                    [--output_dir OUTPUT_DIR] [--ngpu NGPU] [--seed SEED]
                    [--num_workers NUM_WORKERS] [--num_att_plot NUM_ATT_PLOT]
                    [--dist_backend DIST_BACKEND]
                    [--dist_init_method DIST_INIT_METHOD]
                    [--dist_world_size DIST_WORLD_SIZE]
                    [--dist_rank DIST_RANK] [--local_rank LOCAL_RANK]
                    [--dist_master_addr DIST_MASTER_ADDR]
                    [--dist_master_port DIST_MASTER_PORT]
                    [--dist_launcher {slurm,mpi,None}]
                    [--multiprocessing_distributed MULTIPROCESSING_DISTRIBUTED]
                    [--unused_parameters UNUSED_PARAMETERS]
                    [--sharded_ddp SHARDED_DDP]
                    [--use_deepspeed USE_DEEPSPEED]
                    [--deepspeed_config DEEPSPEED_CONFIG]
                    [--gradient_as_bucket_view GRADIENT_AS_BUCKET_VIEW]
                    [--ddp_comm_hook {none,fp16_compress_hook,bf16_compress_hook}]
                    [--cudnn_enabled CUDNN_ENABLED]
                    [--cudnn_benchmark CUDNN_BENCHMARK]
                    [--cudnn_deterministic CUDNN_DETERMINISTIC]
                    [--use_tf32 USE_TF32] [--collect_stats COLLECT_STATS]
                    [--write_collected_feats WRITE_COLLECTED_FEATS]
                    [--max_epoch MAX_EPOCH] [--patience PATIENCE]
                    [--val_scheduler_criterion VAL_SCHEDULER_CRITERION VAL_SCHEDULER_CRITERION]
                    [--early_stopping_criterion EARLY_STOPPING_CRITERION EARLY_STOPPING_CRITERION EARLY_STOPPING_CRITERION]
                    [--best_model_criterion BEST_MODEL_CRITERION [BEST_MODEL_CRITERION ...]]
                    [--keep_nbest_models KEEP_NBEST_MODELS [KEEP_NBEST_MODELS ...]]
                    [--nbest_averaging_interval NBEST_AVERAGING_INTERVAL]
                    [--grad_clip GRAD_CLIP] [--grad_clip_type GRAD_CLIP_TYPE]
                    [--grad_noise GRAD_NOISE] [--accum_grad ACCUM_GRAD]
                    [--no_forward_run NO_FORWARD_RUN] [--resume RESUME]
                    [--train_dtype {float16,float32,float64}]
                    [--use_amp USE_AMP] [--log_interval LOG_INTERVAL]
                    [--use_matplotlib USE_MATPLOTLIB]
                    [--use_tensorboard USE_TENSORBOARD]
                    [--create_graph_in_tensorboard CREATE_GRAPH_IN_TENSORBOARD]
                    [--use_wandb USE_WANDB] [--wandb_project WANDB_PROJECT]
                    [--wandb_id WANDB_ID] [--wandb_entity WANDB_ENTITY]
                    [--wandb_name WANDB_NAME]
                    [--wandb_model_log_interval WANDB_MODEL_LOG_INTERVAL]
                    [--detect_anomaly DETECT_ANOMALY]
                    [--use_adapter USE_ADAPTER] [--adapter {lora,houlsby}]
                    [--save_strategy {all,adapter_only,required_grad_only}]
                    [--adapter_conf ADAPTER_CONF]
                    [--pretrain_path PRETRAIN_PATH]
                    [--init_param [INIT_PARAM ...]]
                    [--ignore_init_mismatch IGNORE_INIT_MISMATCH]
                    [--freeze_param [FREEZE_PARAM ...]]
                    [--num_iters_per_epoch NUM_ITERS_PER_EPOCH]
                    [--batch_size BATCH_SIZE]
                    [--valid_batch_size VALID_BATCH_SIZE]
                    [--batch_bins BATCH_BINS]
                    [--valid_batch_bins VALID_BATCH_BINS]
                    [--category_sample_size CATEGORY_SAMPLE_SIZE]
                    [--train_shape_file TRAIN_SHAPE_FILE]
                    [--valid_shape_file VALID_SHAPE_FILE]
                    [--batch_type {unsorted,sorted,folded,length,numel}]
                    [--valid_batch_type {unsorted,sorted,folded,length,numel,None}]
                    [--fold_length FOLD_LENGTH]
                    [--sort_in_batch {descending,ascending}]
                    [--shuffle_within_batch SHUFFLE_WITHIN_BATCH]
                    [--sort_batch {descending,ascending}]
                    [--multiple_iterator MULTIPLE_ITERATOR]
                    [--chunk_length CHUNK_LENGTH]
                    [--chunk_shift_ratio CHUNK_SHIFT_RATIO]
                    [--num_cache_chunks NUM_CACHE_CHUNKS]
                    [--chunk_excluded_key_prefixes CHUNK_EXCLUDED_KEY_PREFIXES [CHUNK_EXCLUDED_KEY_PREFIXES ...]]
                    [--chunk_default_fs CHUNK_DEFAULT_FS]
                    [--chunk_max_abs_length CHUNK_MAX_ABS_LENGTH]
                    [--chunk_discard_short_samples CHUNK_DISCARD_SHORT_SAMPLES]
                    [--train_data_path_and_name_and_type TRAIN_DATA_PATH_AND_NAME_AND_TYPE]
                    [--valid_data_path_and_name_and_type VALID_DATA_PATH_AND_NAME_AND_TYPE]
                    [--multi_task_dataset MULTI_TASK_DATASET]
                    [--allow_variable_data_keys ALLOW_VARIABLE_DATA_KEYS]
                    [--max_cache_size MAX_CACHE_SIZE]
                    [--max_cache_fd MAX_CACHE_FD]
                    [--allow_multi_rates ALLOW_MULTI_RATES]
                    [--valid_max_cache_size VALID_MAX_CACHE_SIZE]
                    [--exclude_weight_decay EXCLUDE_WEIGHT_DECAY]
                    [--exclude_weight_decay_conf EXCLUDE_WEIGHT_DECAY_CONF]
                    [--optim {adam,adamw,sgd,adadelta,adagrad,adamax,asgd,lbfgs,rmsprop,rprop,radam,accagd,adabound,adamod,diffgrad,lamb,novograd,pid,qhm,sgdw,yogi}]
                    [--optim_conf OPTIM_CONF]
                    [--scheduler {reducelronplateau,lambdalr,steplr,multisteplr,exponentiallr,cosineannealinglr,noamlr,warmuplr,piecewiselinearwarmuplr,warmupsteplr,warmupreducelronplateau,cycliclr,onecyclelr,cosineannealingwarmrestarts,cosineannealingwarmuprestarts,None}]
                    [--scheduler_conf SCHEDULER_CONF]
                    [--token_list TOKEN_LIST] [--odim ODIM]
                    [--model_conf MODEL_CONF]
                    [--use_preprocessor USE_PREPROCESSOR]
                    [--token_type {bpe,char,word,phn}] [--bpemodel BPEMODEL]
                    [--non_linguistic_symbols NON_LINGUISTIC_SYMBOLS]
                    [--cleaner {None,tacotron,jaconv,vietnamese,korean_cleaner}]
                    [--g2p {None,g2p_en,g2p_en_no_space,pyopenjtalk,pyopenjtalk_kana,pyopenjtalk_accent,pyopenjtalk_accent_with_pause,pyopenjtalk_prosody,pypinyin_g2p,pypinyin_g2p_phone,pypinyin_g2p_phone_without_prosody,espeak_ng_arabic,espeak_ng_german,espeak_ng_french,espeak_ng_spanish,espeak_ng_russian,espeak_ng_greek,espeak_ng_finnish,espeak_ng_hungarian,espeak_ng_dutch,espeak_ng_english_us_vits,espeak_ng_hindi,espeak_ng_italian,espeak_ng_ukrainian,espeak_ng_polish,g2pk,g2pk_no_space,g2pk_explicit_space,korean_jaso,korean_jaso_no_space,g2p_is}]
                    [--feats_extract {fbank,spectrogram,linear_spectrogram}]
                    [--feats_extract_conf FEATS_EXTRACT_CONF]
                    [--normalize {global_mvn,None}]
                    [--normalize_conf NORMALIZE_CONF]
                    [--tts {tacotron2,transformer,fastspeech,fastspeech2,prodiff,vits,joint_text2wav,jets}]
                    [--tts_conf TTS_CONF] [--pitch_extract {dio,None}]
                    [--pitch_extract_conf PITCH_EXTRACT_CONF]
                    [--pitch_normalize {global_mvn,None}]
                    [--pitch_normalize_conf PITCH_NORMALIZE_CONF]
                    [--energy_extract {energy,None}]
                    [--energy_extract_conf ENERGY_EXTRACT_CONF]
                    [--energy_normalize {global_mvn,None}]
                    [--energy_normalize_conf ENERGY_NORMALIZE_CONF]
tts_train.py: error: No such file: conf/train_d0_jets.yaml
Failed to import Flash Attention, using ESPnet default: No module named 'flash_attn'
# Accounting: time=528 threads=1
# Ended (code 2) at Wed Jun 25 02:10:53 JST 2025, elapsed time 528 seconds
# python3 -m espnet2.bin.tts_train --collect_stats true --write_collected_feats false --use_preprocessor true --token_type phn --token_list dump/token_list/phn_tacotron_g2p_en_no_space/tokens.txt --non_linguistic_symbols none --cleaner tacotron --g2p g2p_en_no_space --normalize none --pitch_normalize none --energy_normalize none --d0_normalize none --train_data_path_and_name_and_type dump/raw/tr_no_dev/text,text,text --train_data_path_and_name_and_type dump/raw/tr_no_dev/wav.scp,speech,sound --valid_data_path_and_name_and_type dump/raw/dev/text,text,text --valid_data_path_and_name_and_type dump/raw/dev/wav.scp,speech,sound --train_shape_file exp/tts_stats_raw_phn_tacotron_g2p_en_no_space/logdir/train.14.scp --valid_shape_file exp/tts_stats_raw_phn_tacotron_g2p_en_no_space/logdir/valid.14.scp --output_dir exp/tts_stats_raw_phn_tacotron_g2p_en_no_space/logdir/stats.14 --config conf/train_d0_jets.yaml --feats_extract fbank --feats_extract_conf n_fft=1024 --feats_extract_conf hop_length=256 --feats_extract_conf win_length=null --feats_extract_conf fs=22050 --feats_extract_conf fmin=80 --feats_extract_conf fmax=7600 --feats_extract_conf n_mels=80 --pitch_extract_conf fs=22050 --pitch_extract_conf n_fft=1024 --pitch_extract_conf hop_length=256 --pitch_extract_conf f0max=400 --pitch_extract_conf f0min=80 --energy_extract_conf fs=22050 --energy_extract_conf n_fft=1024 --energy_extract_conf hop_length=256 --energy_extract_conf win_length=null --d0_extract_conf fs=22050 --d0_extract_conf n_fft=1024 --d0_extract_conf hop_length=256 --d0_extract_conf win_length=null --d0_extract_conf fmin=80 --d0_extract_conf fmax=7600 --d0_extract_conf n_mels=80 
# Started at Wed Jun 25 02:02:06 JST 2025
#
/home/uesugi/.conda/envs/espnet/bin/python3 /home/uesugi/espnet/espnet/espnet2/bin/tts_train.py --collect_stats true --write_collected_feats false --use_preprocessor true --token_type phn --token_list dump/token_list/phn_tacotron_g2p_en_no_space/tokens.txt --non_linguistic_symbols none --cleaner tacotron --g2p g2p_en_no_space --normalize none --pitch_normalize none --energy_normalize none --d0_normalize none --train_data_path_and_name_and_type dump/raw/tr_no_dev/text,text,text --train_data_path_and_name_and_type dump/raw/tr_no_dev/wav.scp,speech,sound --valid_data_path_and_name_and_type dump/raw/dev/text,text,text --valid_data_path_and_name_and_type dump/raw/dev/wav.scp,speech,sound --train_shape_file exp/tts_stats_raw_phn_tacotron_g2p_en_no_space/logdir/train.14.scp --valid_shape_file exp/tts_stats_raw_phn_tacotron_g2p_en_no_space/logdir/valid.14.scp --output_dir exp/tts_stats_raw_phn_tacotron_g2p_en_no_space/logdir/stats.14 --config conf/train_d0_jets.yaml --feats_extract fbank --feats_extract_conf n_fft=1024 --feats_extract_conf hop_length=256 --feats_extract_conf win_length=null --feats_extract_conf fs=22050 --feats_extract_conf fmin=80 --feats_extract_conf fmax=7600 --feats_extract_conf n_mels=80 --pitch_extract_conf fs=22050 --pitch_extract_conf n_fft=1024 --pitch_extract_conf hop_length=256 --pitch_extract_conf f0max=400 --pitch_extract_conf f0min=80 --energy_extract_conf fs=22050 --energy_extract_conf n_fft=1024 --energy_extract_conf hop_length=256 --energy_extract_conf win_length=null --d0_extract_conf fs=22050 --d0_extract_conf n_fft=1024 --d0_extract_conf hop_length=256 --d0_extract_conf win_length=null --d0_extract_conf fmin=80 --d0_extract_conf fmax=7600 --d0_extract_conf n_mels=80
usage: tts_train.py [-h] [--config CONFIG] [--print_config]
                    [--log_level {ERROR,WARNING,INFO,DEBUG,NOTSET}]
                    [--drop_last_iter DROP_LAST_ITER] [--dry_run DRY_RUN]
                    [--iterator_type {sequence,category,chunk,task,none}]
                    [--valid_iterator_type {sequence,category,chunk,task,none}]
                    [--output_dir OUTPUT_DIR] [--ngpu NGPU] [--seed SEED]
                    [--num_workers NUM_WORKERS] [--num_att_plot NUM_ATT_PLOT]
                    [--dist_backend DIST_BACKEND]
                    [--dist_init_method DIST_INIT_METHOD]
                    [--dist_world_size DIST_WORLD_SIZE]
                    [--dist_rank DIST_RANK] [--local_rank LOCAL_RANK]
                    [--dist_master_addr DIST_MASTER_ADDR]
                    [--dist_master_port DIST_MASTER_PORT]
                    [--dist_launcher {slurm,mpi,None}]
                    [--multiprocessing_distributed MULTIPROCESSING_DISTRIBUTED]
                    [--unused_parameters UNUSED_PARAMETERS]
                    [--sharded_ddp SHARDED_DDP]
                    [--use_deepspeed USE_DEEPSPEED]
                    [--deepspeed_config DEEPSPEED_CONFIG]
                    [--gradient_as_bucket_view GRADIENT_AS_BUCKET_VIEW]
                    [--ddp_comm_hook {none,fp16_compress_hook,bf16_compress_hook}]
                    [--cudnn_enabled CUDNN_ENABLED]
                    [--cudnn_benchmark CUDNN_BENCHMARK]
                    [--cudnn_deterministic CUDNN_DETERMINISTIC]
                    [--use_tf32 USE_TF32] [--collect_stats COLLECT_STATS]
                    [--write_collected_feats WRITE_COLLECTED_FEATS]
                    [--max_epoch MAX_EPOCH] [--patience PATIENCE]
                    [--val_scheduler_criterion VAL_SCHEDULER_CRITERION VAL_SCHEDULER_CRITERION]
                    [--early_stopping_criterion EARLY_STOPPING_CRITERION EARLY_STOPPING_CRITERION EARLY_STOPPING_CRITERION]
                    [--best_model_criterion BEST_MODEL_CRITERION [BEST_MODEL_CRITERION ...]]
                    [--keep_nbest_models KEEP_NBEST_MODELS [KEEP_NBEST_MODELS ...]]
                    [--nbest_averaging_interval NBEST_AVERAGING_INTERVAL]
                    [--grad_clip GRAD_CLIP] [--grad_clip_type GRAD_CLIP_TYPE]
                    [--grad_noise GRAD_NOISE] [--accum_grad ACCUM_GRAD]
                    [--no_forward_run NO_FORWARD_RUN] [--resume RESUME]
                    [--train_dtype {float16,float32,float64}]
                    [--use_amp USE_AMP] [--log_interval LOG_INTERVAL]
                    [--use_matplotlib USE_MATPLOTLIB]
                    [--use_tensorboard USE_TENSORBOARD]
                    [--create_graph_in_tensorboard CREATE_GRAPH_IN_TENSORBOARD]
                    [--use_wandb USE_WANDB] [--wandb_project WANDB_PROJECT]
                    [--wandb_id WANDB_ID] [--wandb_entity WANDB_ENTITY]
                    [--wandb_name WANDB_NAME]
                    [--wandb_model_log_interval WANDB_MODEL_LOG_INTERVAL]
                    [--detect_anomaly DETECT_ANOMALY]
                    [--use_adapter USE_ADAPTER] [--adapter {lora,houlsby}]
                    [--save_strategy {all,adapter_only,required_grad_only}]
                    [--adapter_conf ADAPTER_CONF]
                    [--pretrain_path PRETRAIN_PATH]
                    [--init_param [INIT_PARAM ...]]
                    [--ignore_init_mismatch IGNORE_INIT_MISMATCH]
                    [--freeze_param [FREEZE_PARAM ...]]
                    [--num_iters_per_epoch NUM_ITERS_PER_EPOCH]
                    [--batch_size BATCH_SIZE]
                    [--valid_batch_size VALID_BATCH_SIZE]
                    [--batch_bins BATCH_BINS]
                    [--valid_batch_bins VALID_BATCH_BINS]
                    [--category_sample_size CATEGORY_SAMPLE_SIZE]
                    [--train_shape_file TRAIN_SHAPE_FILE]
                    [--valid_shape_file VALID_SHAPE_FILE]
                    [--batch_type {unsorted,sorted,folded,length,numel}]
                    [--valid_batch_type {unsorted,sorted,folded,length,numel,None}]
                    [--fold_length FOLD_LENGTH]
                    [--sort_in_batch {descending,ascending}]
                    [--shuffle_within_batch SHUFFLE_WITHIN_BATCH]
                    [--sort_batch {descending,ascending}]
                    [--multiple_iterator MULTIPLE_ITERATOR]
                    [--chunk_length CHUNK_LENGTH]
                    [--chunk_shift_ratio CHUNK_SHIFT_RATIO]
                    [--num_cache_chunks NUM_CACHE_CHUNKS]
                    [--chunk_excluded_key_prefixes CHUNK_EXCLUDED_KEY_PREFIXES [CHUNK_EXCLUDED_KEY_PREFIXES ...]]
                    [--chunk_default_fs CHUNK_DEFAULT_FS]
                    [--chunk_max_abs_length CHUNK_MAX_ABS_LENGTH]
                    [--chunk_discard_short_samples CHUNK_DISCARD_SHORT_SAMPLES]
                    [--train_data_path_and_name_and_type TRAIN_DATA_PATH_AND_NAME_AND_TYPE]
                    [--valid_data_path_and_name_and_type VALID_DATA_PATH_AND_NAME_AND_TYPE]
                    [--multi_task_dataset MULTI_TASK_DATASET]
                    [--allow_variable_data_keys ALLOW_VARIABLE_DATA_KEYS]
                    [--max_cache_size MAX_CACHE_SIZE]
                    [--max_cache_fd MAX_CACHE_FD]
                    [--allow_multi_rates ALLOW_MULTI_RATES]
                    [--valid_max_cache_size VALID_MAX_CACHE_SIZE]
                    [--exclude_weight_decay EXCLUDE_WEIGHT_DECAY]
                    [--exclude_weight_decay_conf EXCLUDE_WEIGHT_DECAY_CONF]
                    [--optim {adam,adamw,sgd,adadelta,adagrad,adamax,asgd,lbfgs,rmsprop,rprop,radam,accagd,adabound,adamod,diffgrad,lamb,novograd,pid,qhm,sgdw,yogi}]
                    [--optim_conf OPTIM_CONF]
                    [--scheduler {reducelronplateau,lambdalr,steplr,multisteplr,exponentiallr,cosineannealinglr,noamlr,warmuplr,piecewiselinearwarmuplr,warmupsteplr,warmupreducelronplateau,cycliclr,onecyclelr,cosineannealingwarmrestarts,cosineannealingwarmuprestarts,None}]
                    [--scheduler_conf SCHEDULER_CONF]
                    [--token_list TOKEN_LIST] [--odim ODIM]
                    [--model_conf MODEL_CONF]
                    [--use_preprocessor USE_PREPROCESSOR]
                    [--token_type {bpe,char,word,phn}] [--bpemodel BPEMODEL]
                    [--non_linguistic_symbols NON_LINGUISTIC_SYMBOLS]
                    [--cleaner {None,tacotron,jaconv,vietnamese,korean_cleaner}]
                    [--g2p {None,g2p_en,g2p_en_no_space,pyopenjtalk,pyopenjtalk_kana,pyopenjtalk_accent,pyopenjtalk_accent_with_pause,pyopenjtalk_prosody,pypinyin_g2p,pypinyin_g2p_phone,pypinyin_g2p_phone_without_prosody,espeak_ng_arabic,espeak_ng_german,espeak_ng_french,espeak_ng_spanish,espeak_ng_russian,espeak_ng_greek,espeak_ng_finnish,espeak_ng_hungarian,espeak_ng_dutch,espeak_ng_english_us_vits,espeak_ng_hindi,espeak_ng_italian,espeak_ng_ukrainian,espeak_ng_polish,g2pk,g2pk_no_space,g2pk_explicit_space,korean_jaso,korean_jaso_no_space,g2p_is}]
                    [--feats_extract {fbank,spectrogram,linear_spectrogram}]
                    [--feats_extract_conf FEATS_EXTRACT_CONF]
                    [--normalize {global_mvn,None}]
                    [--normalize_conf NORMALIZE_CONF]
                    [--tts {tacotron2,transformer,fastspeech,fastspeech2,prodiff,vits,joint_text2wav,jets}]
                    [--tts_conf TTS_CONF] [--pitch_extract {dio,None}]
                    [--pitch_extract_conf PITCH_EXTRACT_CONF]
                    [--pitch_normalize {global_mvn,None}]
                    [--pitch_normalize_conf PITCH_NORMALIZE_CONF]
                    [--energy_extract {energy,None}]
                    [--energy_extract_conf ENERGY_EXTRACT_CONF]
                    [--energy_normalize {global_mvn,None}]
                    [--energy_normalize_conf ENERGY_NORMALIZE_CONF]
tts_train.py: error: No such file: conf/train_d0_jets.yaml
Failed to import Flash Attention, using ESPnet default: No module named 'flash_attn'
# Accounting: time=526 threads=1
# Ended (code 2) at Wed Jun 25 02:10:52 JST 2025, elapsed time 526 seconds
# python3 -m espnet2.bin.tts_train --collect_stats true --write_collected_feats false --use_preprocessor true --token_type phn --token_list dump/token_list/phn_tacotron_g2p_en_no_space/tokens.txt --non_linguistic_symbols none --cleaner tacotron --g2p g2p_en_no_space --normalize none --pitch_normalize none --energy_normalize none --d0_normalize none --train_data_path_and_name_and_type dump/raw/tr_no_dev/text,text,text --train_data_path_and_name_and_type dump/raw/tr_no_dev/wav.scp,speech,sound --valid_data_path_and_name_and_type dump/raw/dev/text,text,text --valid_data_path_and_name_and_type dump/raw/dev/wav.scp,speech,sound --train_shape_file exp/tts_stats_raw_phn_tacotron_g2p_en_no_space/logdir/train.15.scp --valid_shape_file exp/tts_stats_raw_phn_tacotron_g2p_en_no_space/logdir/valid.15.scp --output_dir exp/tts_stats_raw_phn_tacotron_g2p_en_no_space/logdir/stats.15 --config conf/train_d0_jets.yaml --feats_extract fbank --feats_extract_conf n_fft=1024 --feats_extract_conf hop_length=256 --feats_extract_conf win_length=null --feats_extract_conf fs=22050 --feats_extract_conf fmin=80 --feats_extract_conf fmax=7600 --feats_extract_conf n_mels=80 --pitch_extract_conf fs=22050 --pitch_extract_conf n_fft=1024 --pitch_extract_conf hop_length=256 --pitch_extract_conf f0max=400 --pitch_extract_conf f0min=80 --energy_extract_conf fs=22050 --energy_extract_conf n_fft=1024 --energy_extract_conf hop_length=256 --energy_extract_conf win_length=null --d0_extract_conf fs=22050 --d0_extract_conf n_fft=1024 --d0_extract_conf hop_length=256 --d0_extract_conf win_length=null --d0_extract_conf fmin=80 --d0_extract_conf fmax=7600 --d0_extract_conf n_mels=80 
# Started at Wed Jun 25 02:02:07 JST 2025
#
/home/uesugi/.conda/envs/espnet/bin/python3 /home/uesugi/espnet/espnet/espnet2/bin/tts_train.py --collect_stats true --write_collected_feats false --use_preprocessor true --token_type phn --token_list dump/token_list/phn_tacotron_g2p_en_no_space/tokens.txt --non_linguistic_symbols none --cleaner tacotron --g2p g2p_en_no_space --normalize none --pitch_normalize none --energy_normalize none --d0_normalize none --train_data_path_and_name_and_type dump/raw/tr_no_dev/text,text,text --train_data_path_and_name_and_type dump/raw/tr_no_dev/wav.scp,speech,sound --valid_data_path_and_name_and_type dump/raw/dev/text,text,text --valid_data_path_and_name_and_type dump/raw/dev/wav.scp,speech,sound --train_shape_file exp/tts_stats_raw_phn_tacotron_g2p_en_no_space/logdir/train.15.scp --valid_shape_file exp/tts_stats_raw_phn_tacotron_g2p_en_no_space/logdir/valid.15.scp --output_dir exp/tts_stats_raw_phn_tacotron_g2p_en_no_space/logdir/stats.15 --config conf/train_d0_jets.yaml --feats_extract fbank --feats_extract_conf n_fft=1024 --feats_extract_conf hop_length=256 --feats_extract_conf win_length=null --feats_extract_conf fs=22050 --feats_extract_conf fmin=80 --feats_extract_conf fmax=7600 --feats_extract_conf n_mels=80 --pitch_extract_conf fs=22050 --pitch_extract_conf n_fft=1024 --pitch_extract_conf hop_length=256 --pitch_extract_conf f0max=400 --pitch_extract_conf f0min=80 --energy_extract_conf fs=22050 --energy_extract_conf n_fft=1024 --energy_extract_conf hop_length=256 --energy_extract_conf win_length=null --d0_extract_conf fs=22050 --d0_extract_conf n_fft=1024 --d0_extract_conf hop_length=256 --d0_extract_conf win_length=null --d0_extract_conf fmin=80 --d0_extract_conf fmax=7600 --d0_extract_conf n_mels=80
usage: tts_train.py [-h] [--config CONFIG] [--print_config]
                    [--log_level {ERROR,WARNING,INFO,DEBUG,NOTSET}]
                    [--drop_last_iter DROP_LAST_ITER] [--dry_run DRY_RUN]
                    [--iterator_type {sequence,category,chunk,task,none}]
                    [--valid_iterator_type {sequence,category,chunk,task,none}]
                    [--output_dir OUTPUT_DIR] [--ngpu NGPU] [--seed SEED]
                    [--num_workers NUM_WORKERS] [--num_att_plot NUM_ATT_PLOT]
                    [--dist_backend DIST_BACKEND]
                    [--dist_init_method DIST_INIT_METHOD]
                    [--dist_world_size DIST_WORLD_SIZE]
                    [--dist_rank DIST_RANK] [--local_rank LOCAL_RANK]
                    [--dist_master_addr DIST_MASTER_ADDR]
                    [--dist_master_port DIST_MASTER_PORT]
                    [--dist_launcher {slurm,mpi,None}]
                    [--multiprocessing_distributed MULTIPROCESSING_DISTRIBUTED]
                    [--unused_parameters UNUSED_PARAMETERS]
                    [--sharded_ddp SHARDED_DDP]
                    [--use_deepspeed USE_DEEPSPEED]
                    [--deepspeed_config DEEPSPEED_CONFIG]
                    [--gradient_as_bucket_view GRADIENT_AS_BUCKET_VIEW]
                    [--ddp_comm_hook {none,fp16_compress_hook,bf16_compress_hook}]
                    [--cudnn_enabled CUDNN_ENABLED]
                    [--cudnn_benchmark CUDNN_BENCHMARK]
                    [--cudnn_deterministic CUDNN_DETERMINISTIC]
                    [--use_tf32 USE_TF32] [--collect_stats COLLECT_STATS]
                    [--write_collected_feats WRITE_COLLECTED_FEATS]
                    [--max_epoch MAX_EPOCH] [--patience PATIENCE]
                    [--val_scheduler_criterion VAL_SCHEDULER_CRITERION VAL_SCHEDULER_CRITERION]
                    [--early_stopping_criterion EARLY_STOPPING_CRITERION EARLY_STOPPING_CRITERION EARLY_STOPPING_CRITERION]
                    [--best_model_criterion BEST_MODEL_CRITERION [BEST_MODEL_CRITERION ...]]
                    [--keep_nbest_models KEEP_NBEST_MODELS [KEEP_NBEST_MODELS ...]]
                    [--nbest_averaging_interval NBEST_AVERAGING_INTERVAL]
                    [--grad_clip GRAD_CLIP] [--grad_clip_type GRAD_CLIP_TYPE]
                    [--grad_noise GRAD_NOISE] [--accum_grad ACCUM_GRAD]
                    [--no_forward_run NO_FORWARD_RUN] [--resume RESUME]
                    [--train_dtype {float16,float32,float64}]
                    [--use_amp USE_AMP] [--log_interval LOG_INTERVAL]
                    [--use_matplotlib USE_MATPLOTLIB]
                    [--use_tensorboard USE_TENSORBOARD]
                    [--create_graph_in_tensorboard CREATE_GRAPH_IN_TENSORBOARD]
                    [--use_wandb USE_WANDB] [--wandb_project WANDB_PROJECT]
                    [--wandb_id WANDB_ID] [--wandb_entity WANDB_ENTITY]
                    [--wandb_name WANDB_NAME]
                    [--wandb_model_log_interval WANDB_MODEL_LOG_INTERVAL]
                    [--detect_anomaly DETECT_ANOMALY]
                    [--use_adapter USE_ADAPTER] [--adapter {lora,houlsby}]
                    [--save_strategy {all,adapter_only,required_grad_only}]
                    [--adapter_conf ADAPTER_CONF]
                    [--pretrain_path PRETRAIN_PATH]
                    [--init_param [INIT_PARAM ...]]
                    [--ignore_init_mismatch IGNORE_INIT_MISMATCH]
                    [--freeze_param [FREEZE_PARAM ...]]
                    [--num_iters_per_epoch NUM_ITERS_PER_EPOCH]
                    [--batch_size BATCH_SIZE]
                    [--valid_batch_size VALID_BATCH_SIZE]
                    [--batch_bins BATCH_BINS]
                    [--valid_batch_bins VALID_BATCH_BINS]
                    [--category_sample_size CATEGORY_SAMPLE_SIZE]
                    [--train_shape_file TRAIN_SHAPE_FILE]
                    [--valid_shape_file VALID_SHAPE_FILE]
                    [--batch_type {unsorted,sorted,folded,length,numel}]
                    [--valid_batch_type {unsorted,sorted,folded,length,numel,None}]
                    [--fold_length FOLD_LENGTH]
                    [--sort_in_batch {descending,ascending}]
                    [--shuffle_within_batch SHUFFLE_WITHIN_BATCH]
                    [--sort_batch {descending,ascending}]
                    [--multiple_iterator MULTIPLE_ITERATOR]
                    [--chunk_length CHUNK_LENGTH]
                    [--chunk_shift_ratio CHUNK_SHIFT_RATIO]
                    [--num_cache_chunks NUM_CACHE_CHUNKS]
                    [--chunk_excluded_key_prefixes CHUNK_EXCLUDED_KEY_PREFIXES [CHUNK_EXCLUDED_KEY_PREFIXES ...]]
                    [--chunk_default_fs CHUNK_DEFAULT_FS]
                    [--chunk_max_abs_length CHUNK_MAX_ABS_LENGTH]
                    [--chunk_discard_short_samples CHUNK_DISCARD_SHORT_SAMPLES]
                    [--train_data_path_and_name_and_type TRAIN_DATA_PATH_AND_NAME_AND_TYPE]
                    [--valid_data_path_and_name_and_type VALID_DATA_PATH_AND_NAME_AND_TYPE]
                    [--multi_task_dataset MULTI_TASK_DATASET]
                    [--allow_variable_data_keys ALLOW_VARIABLE_DATA_KEYS]
                    [--max_cache_size MAX_CACHE_SIZE]
                    [--max_cache_fd MAX_CACHE_FD]
                    [--allow_multi_rates ALLOW_MULTI_RATES]
                    [--valid_max_cache_size VALID_MAX_CACHE_SIZE]
                    [--exclude_weight_decay EXCLUDE_WEIGHT_DECAY]
                    [--exclude_weight_decay_conf EXCLUDE_WEIGHT_DECAY_CONF]
                    [--optim {adam,adamw,sgd,adadelta,adagrad,adamax,asgd,lbfgs,rmsprop,rprop,radam,accagd,adabound,adamod,diffgrad,lamb,novograd,pid,qhm,sgdw,yogi}]
                    [--optim_conf OPTIM_CONF]
                    [--scheduler {reducelronplateau,lambdalr,steplr,multisteplr,exponentiallr,cosineannealinglr,noamlr,warmuplr,piecewiselinearwarmuplr,warmupsteplr,warmupreducelronplateau,cycliclr,onecyclelr,cosineannealingwarmrestarts,cosineannealingwarmuprestarts,None}]
                    [--scheduler_conf SCHEDULER_CONF]
                    [--token_list TOKEN_LIST] [--odim ODIM]
                    [--model_conf MODEL_CONF]
                    [--use_preprocessor USE_PREPROCESSOR]
                    [--token_type {bpe,char,word,phn}] [--bpemodel BPEMODEL]
                    [--non_linguistic_symbols NON_LINGUISTIC_SYMBOLS]
                    [--cleaner {None,tacotron,jaconv,vietnamese,korean_cleaner}]
                    [--g2p {None,g2p_en,g2p_en_no_space,pyopenjtalk,pyopenjtalk_kana,pyopenjtalk_accent,pyopenjtalk_accent_with_pause,pyopenjtalk_prosody,pypinyin_g2p,pypinyin_g2p_phone,pypinyin_g2p_phone_without_prosody,espeak_ng_arabic,espeak_ng_german,espeak_ng_french,espeak_ng_spanish,espeak_ng_russian,espeak_ng_greek,espeak_ng_finnish,espeak_ng_hungarian,espeak_ng_dutch,espeak_ng_english_us_vits,espeak_ng_hindi,espeak_ng_italian,espeak_ng_ukrainian,espeak_ng_polish,g2pk,g2pk_no_space,g2pk_explicit_space,korean_jaso,korean_jaso_no_space,g2p_is}]
                    [--feats_extract {fbank,spectrogram,linear_spectrogram}]
                    [--feats_extract_conf FEATS_EXTRACT_CONF]
                    [--normalize {global_mvn,None}]
                    [--normalize_conf NORMALIZE_CONF]
                    [--tts {tacotron2,transformer,fastspeech,fastspeech2,prodiff,vits,joint_text2wav,jets}]
                    [--tts_conf TTS_CONF] [--pitch_extract {dio,None}]
                    [--pitch_extract_conf PITCH_EXTRACT_CONF]
                    [--pitch_normalize {global_mvn,None}]
                    [--pitch_normalize_conf PITCH_NORMALIZE_CONF]
                    [--energy_extract {energy,None}]
                    [--energy_extract_conf ENERGY_EXTRACT_CONF]
                    [--energy_normalize {global_mvn,None}]
                    [--energy_normalize_conf ENERGY_NORMALIZE_CONF]
tts_train.py: error: No such file: conf/train_d0_jets.yaml
Failed to import Flash Attention, using ESPnet default: No module named 'flash_attn'
# Accounting: time=525 threads=1
# Ended (code 2) at Wed Jun 25 02:10:52 JST 2025, elapsed time 525 seconds
# python3 -m espnet2.bin.tts_train --collect_stats true --write_collected_feats false --use_preprocessor true --token_type phn --token_list dump/token_list/phn_tacotron_g2p_en_no_space/tokens.txt --non_linguistic_symbols none --cleaner tacotron --g2p g2p_en_no_space --normalize none --pitch_normalize none --energy_normalize none --d0_normalize none --train_data_path_and_name_and_type dump/raw/tr_no_dev/text,text,text --train_data_path_and_name_and_type dump/raw/tr_no_dev/wav.scp,speech,sound --valid_data_path_and_name_and_type dump/raw/dev/text,text,text --valid_data_path_and_name_and_type dump/raw/dev/wav.scp,speech,sound --train_shape_file exp/tts_stats_raw_phn_tacotron_g2p_en_no_space/logdir/train.16.scp --valid_shape_file exp/tts_stats_raw_phn_tacotron_g2p_en_no_space/logdir/valid.16.scp --output_dir exp/tts_stats_raw_phn_tacotron_g2p_en_no_space/logdir/stats.16 --config conf/train_d0_jets.yaml --feats_extract fbank --feats_extract_conf n_fft=1024 --feats_extract_conf hop_length=256 --feats_extract_conf win_length=null --feats_extract_conf fs=22050 --feats_extract_conf fmin=80 --feats_extract_conf fmax=7600 --feats_extract_conf n_mels=80 --pitch_extract_conf fs=22050 --pitch_extract_conf n_fft=1024 --pitch_extract_conf hop_length=256 --pitch_extract_conf f0max=400 --pitch_extract_conf f0min=80 --energy_extract_conf fs=22050 --energy_extract_conf n_fft=1024 --energy_extract_conf hop_length=256 --energy_extract_conf win_length=null --d0_extract_conf fs=22050 --d0_extract_conf n_fft=1024 --d0_extract_conf hop_length=256 --d0_extract_conf win_length=null --d0_extract_conf fmin=80 --d0_extract_conf fmax=7600 --d0_extract_conf n_mels=80 
# Started at Wed Jun 25 02:02:06 JST 2025
#
/home/uesugi/.conda/envs/espnet/bin/python3 /home/uesugi/espnet/espnet/espnet2/bin/tts_train.py --collect_stats true --write_collected_feats false --use_preprocessor true --token_type phn --token_list dump/token_list/phn_tacotron_g2p_en_no_space/tokens.txt --non_linguistic_symbols none --cleaner tacotron --g2p g2p_en_no_space --normalize none --pitch_normalize none --energy_normalize none --d0_normalize none --train_data_path_and_name_and_type dump/raw/tr_no_dev/text,text,text --train_data_path_and_name_and_type dump/raw/tr_no_dev/wav.scp,speech,sound --valid_data_path_and_name_and_type dump/raw/dev/text,text,text --valid_data_path_and_name_and_type dump/raw/dev/wav.scp,speech,sound --train_shape_file exp/tts_stats_raw_phn_tacotron_g2p_en_no_space/logdir/train.16.scp --valid_shape_file exp/tts_stats_raw_phn_tacotron_g2p_en_no_space/logdir/valid.16.scp --output_dir exp/tts_stats_raw_phn_tacotron_g2p_en_no_space/logdir/stats.16 --config conf/train_d0_jets.yaml --feats_extract fbank --feats_extract_conf n_fft=1024 --feats_extract_conf hop_length=256 --feats_extract_conf win_length=null --feats_extract_conf fs=22050 --feats_extract_conf fmin=80 --feats_extract_conf fmax=7600 --feats_extract_conf n_mels=80 --pitch_extract_conf fs=22050 --pitch_extract_conf n_fft=1024 --pitch_extract_conf hop_length=256 --pitch_extract_conf f0max=400 --pitch_extract_conf f0min=80 --energy_extract_conf fs=22050 --energy_extract_conf n_fft=1024 --energy_extract_conf hop_length=256 --energy_extract_conf win_length=null --d0_extract_conf fs=22050 --d0_extract_conf n_fft=1024 --d0_extract_conf hop_length=256 --d0_extract_conf win_length=null --d0_extract_conf fmin=80 --d0_extract_conf fmax=7600 --d0_extract_conf n_mels=80
usage: tts_train.py [-h] [--config CONFIG] [--print_config]
                    [--log_level {ERROR,WARNING,INFO,DEBUG,NOTSET}]
                    [--drop_last_iter DROP_LAST_ITER] [--dry_run DRY_RUN]
                    [--iterator_type {sequence,category,chunk,task,none}]
                    [--valid_iterator_type {sequence,category,chunk,task,none}]
                    [--output_dir OUTPUT_DIR] [--ngpu NGPU] [--seed SEED]
                    [--num_workers NUM_WORKERS] [--num_att_plot NUM_ATT_PLOT]
                    [--dist_backend DIST_BACKEND]
                    [--dist_init_method DIST_INIT_METHOD]
                    [--dist_world_size DIST_WORLD_SIZE]
                    [--dist_rank DIST_RANK] [--local_rank LOCAL_RANK]
                    [--dist_master_addr DIST_MASTER_ADDR]
                    [--dist_master_port DIST_MASTER_PORT]
                    [--dist_launcher {slurm,mpi,None}]
                    [--multiprocessing_distributed MULTIPROCESSING_DISTRIBUTED]
                    [--unused_parameters UNUSED_PARAMETERS]
                    [--sharded_ddp SHARDED_DDP]
                    [--use_deepspeed USE_DEEPSPEED]
                    [--deepspeed_config DEEPSPEED_CONFIG]
                    [--gradient_as_bucket_view GRADIENT_AS_BUCKET_VIEW]
                    [--ddp_comm_hook {none,fp16_compress_hook,bf16_compress_hook}]
                    [--cudnn_enabled CUDNN_ENABLED]
                    [--cudnn_benchmark CUDNN_BENCHMARK]
                    [--cudnn_deterministic CUDNN_DETERMINISTIC]
                    [--use_tf32 USE_TF32] [--collect_stats COLLECT_STATS]
                    [--write_collected_feats WRITE_COLLECTED_FEATS]
                    [--max_epoch MAX_EPOCH] [--patience PATIENCE]
                    [--val_scheduler_criterion VAL_SCHEDULER_CRITERION VAL_SCHEDULER_CRITERION]
                    [--early_stopping_criterion EARLY_STOPPING_CRITERION EARLY_STOPPING_CRITERION EARLY_STOPPING_CRITERION]
                    [--best_model_criterion BEST_MODEL_CRITERION [BEST_MODEL_CRITERION ...]]
                    [--keep_nbest_models KEEP_NBEST_MODELS [KEEP_NBEST_MODELS ...]]
                    [--nbest_averaging_interval NBEST_AVERAGING_INTERVAL]
                    [--grad_clip GRAD_CLIP] [--grad_clip_type GRAD_CLIP_TYPE]
                    [--grad_noise GRAD_NOISE] [--accum_grad ACCUM_GRAD]
                    [--no_forward_run NO_FORWARD_RUN] [--resume RESUME]
                    [--train_dtype {float16,float32,float64}]
                    [--use_amp USE_AMP] [--log_interval LOG_INTERVAL]
                    [--use_matplotlib USE_MATPLOTLIB]
                    [--use_tensorboard USE_TENSORBOARD]
                    [--create_graph_in_tensorboard CREATE_GRAPH_IN_TENSORBOARD]
                    [--use_wandb USE_WANDB] [--wandb_project WANDB_PROJECT]
                    [--wandb_id WANDB_ID] [--wandb_entity WANDB_ENTITY]
                    [--wandb_name WANDB_NAME]
                    [--wandb_model_log_interval WANDB_MODEL_LOG_INTERVAL]
                    [--detect_anomaly DETECT_ANOMALY]
                    [--use_adapter USE_ADAPTER] [--adapter {lora,houlsby}]
                    [--save_strategy {all,adapter_only,required_grad_only}]
                    [--adapter_conf ADAPTER_CONF]
                    [--pretrain_path PRETRAIN_PATH]
                    [--init_param [INIT_PARAM ...]]
                    [--ignore_init_mismatch IGNORE_INIT_MISMATCH]
                    [--freeze_param [FREEZE_PARAM ...]]
                    [--num_iters_per_epoch NUM_ITERS_PER_EPOCH]
                    [--batch_size BATCH_SIZE]
                    [--valid_batch_size VALID_BATCH_SIZE]
                    [--batch_bins BATCH_BINS]
                    [--valid_batch_bins VALID_BATCH_BINS]
                    [--category_sample_size CATEGORY_SAMPLE_SIZE]
                    [--train_shape_file TRAIN_SHAPE_FILE]
                    [--valid_shape_file VALID_SHAPE_FILE]
                    [--batch_type {unsorted,sorted,folded,length,numel}]
                    [--valid_batch_type {unsorted,sorted,folded,length,numel,None}]
                    [--fold_length FOLD_LENGTH]
                    [--sort_in_batch {descending,ascending}]
                    [--shuffle_within_batch SHUFFLE_WITHIN_BATCH]
                    [--sort_batch {descending,ascending}]
                    [--multiple_iterator MULTIPLE_ITERATOR]
                    [--chunk_length CHUNK_LENGTH]
                    [--chunk_shift_ratio CHUNK_SHIFT_RATIO]
                    [--num_cache_chunks NUM_CACHE_CHUNKS]
                    [--chunk_excluded_key_prefixes CHUNK_EXCLUDED_KEY_PREFIXES [CHUNK_EXCLUDED_KEY_PREFIXES ...]]
                    [--chunk_default_fs CHUNK_DEFAULT_FS]
                    [--chunk_max_abs_length CHUNK_MAX_ABS_LENGTH]
                    [--chunk_discard_short_samples CHUNK_DISCARD_SHORT_SAMPLES]
                    [--train_data_path_and_name_and_type TRAIN_DATA_PATH_AND_NAME_AND_TYPE]
                    [--valid_data_path_and_name_and_type VALID_DATA_PATH_AND_NAME_AND_TYPE]
                    [--multi_task_dataset MULTI_TASK_DATASET]
                    [--allow_variable_data_keys ALLOW_VARIABLE_DATA_KEYS]
                    [--max_cache_size MAX_CACHE_SIZE]
                    [--max_cache_fd MAX_CACHE_FD]
                    [--allow_multi_rates ALLOW_MULTI_RATES]
                    [--valid_max_cache_size VALID_MAX_CACHE_SIZE]
                    [--exclude_weight_decay EXCLUDE_WEIGHT_DECAY]
                    [--exclude_weight_decay_conf EXCLUDE_WEIGHT_DECAY_CONF]
                    [--optim {adam,adamw,sgd,adadelta,adagrad,adamax,asgd,lbfgs,rmsprop,rprop,radam,accagd,adabound,adamod,diffgrad,lamb,novograd,pid,qhm,sgdw,yogi}]
                    [--optim_conf OPTIM_CONF]
                    [--scheduler {reducelronplateau,lambdalr,steplr,multisteplr,exponentiallr,cosineannealinglr,noamlr,warmuplr,piecewiselinearwarmuplr,warmupsteplr,warmupreducelronplateau,cycliclr,onecyclelr,cosineannealingwarmrestarts,cosineannealingwarmuprestarts,None}]
                    [--scheduler_conf SCHEDULER_CONF]
                    [--token_list TOKEN_LIST] [--odim ODIM]
                    [--model_conf MODEL_CONF]
                    [--use_preprocessor USE_PREPROCESSOR]
                    [--token_type {bpe,char,word,phn}] [--bpemodel BPEMODEL]
                    [--non_linguistic_symbols NON_LINGUISTIC_SYMBOLS]
                    [--cleaner {None,tacotron,jaconv,vietnamese,korean_cleaner}]
                    [--g2p {None,g2p_en,g2p_en_no_space,pyopenjtalk,pyopenjtalk_kana,pyopenjtalk_accent,pyopenjtalk_accent_with_pause,pyopenjtalk_prosody,pypinyin_g2p,pypinyin_g2p_phone,pypinyin_g2p_phone_without_prosody,espeak_ng_arabic,espeak_ng_german,espeak_ng_french,espeak_ng_spanish,espeak_ng_russian,espeak_ng_greek,espeak_ng_finnish,espeak_ng_hungarian,espeak_ng_dutch,espeak_ng_english_us_vits,espeak_ng_hindi,espeak_ng_italian,espeak_ng_ukrainian,espeak_ng_polish,g2pk,g2pk_no_space,g2pk_explicit_space,korean_jaso,korean_jaso_no_space,g2p_is}]
                    [--feats_extract {fbank,spectrogram,linear_spectrogram}]
                    [--feats_extract_conf FEATS_EXTRACT_CONF]
                    [--normalize {global_mvn,None}]
                    [--normalize_conf NORMALIZE_CONF]
                    [--tts {tacotron2,transformer,fastspeech,fastspeech2,prodiff,vits,joint_text2wav,jets}]
                    [--tts_conf TTS_CONF] [--pitch_extract {dio,None}]
                    [--pitch_extract_conf PITCH_EXTRACT_CONF]
                    [--pitch_normalize {global_mvn,None}]
                    [--pitch_normalize_conf PITCH_NORMALIZE_CONF]
                    [--energy_extract {energy,None}]
                    [--energy_extract_conf ENERGY_EXTRACT_CONF]
                    [--energy_normalize {global_mvn,None}]
                    [--energy_normalize_conf ENERGY_NORMALIZE_CONF]
tts_train.py: error: No such file: conf/train_d0_jets.yaml
Failed to import Flash Attention, using ESPnet default: No module named 'flash_attn'
# Accounting: time=526 threads=1
# Ended (code 2) at Wed Jun 25 02:10:52 JST 2025, elapsed time 526 seconds
# python3 -m espnet2.bin.tts_train --collect_stats true --write_collected_feats false --use_preprocessor true --token_type phn --token_list dump/token_list/phn_tacotron_g2p_en_no_space/tokens.txt --non_linguistic_symbols none --cleaner tacotron --g2p g2p_en_no_space --normalize none --pitch_normalize none --energy_normalize none --d0_normalize none --train_data_path_and_name_and_type dump/raw/tr_no_dev/text,text,text --train_data_path_and_name_and_type dump/raw/tr_no_dev/wav.scp,speech,sound --valid_data_path_and_name_and_type dump/raw/dev/text,text,text --valid_data_path_and_name_and_type dump/raw/dev/wav.scp,speech,sound --train_shape_file exp/tts_stats_raw_phn_tacotron_g2p_en_no_space/logdir/train.17.scp --valid_shape_file exp/tts_stats_raw_phn_tacotron_g2p_en_no_space/logdir/valid.17.scp --output_dir exp/tts_stats_raw_phn_tacotron_g2p_en_no_space/logdir/stats.17 --config conf/train_d0_jets.yaml --feats_extract fbank --feats_extract_conf n_fft=1024 --feats_extract_conf hop_length=256 --feats_extract_conf win_length=null --feats_extract_conf fs=22050 --feats_extract_conf fmin=80 --feats_extract_conf fmax=7600 --feats_extract_conf n_mels=80 --pitch_extract_conf fs=22050 --pitch_extract_conf n_fft=1024 --pitch_extract_conf hop_length=256 --pitch_extract_conf f0max=400 --pitch_extract_conf f0min=80 --energy_extract_conf fs=22050 --energy_extract_conf n_fft=1024 --energy_extract_conf hop_length=256 --energy_extract_conf win_length=null --d0_extract_conf fs=22050 --d0_extract_conf n_fft=1024 --d0_extract_conf hop_length=256 --d0_extract_conf win_length=null --d0_extract_conf fmin=80 --d0_extract_conf fmax=7600 --d0_extract_conf n_mels=80 
# Started at Wed Jun 25 02:02:07 JST 2025
#
/home/uesugi/.conda/envs/espnet/bin/python3 /home/uesugi/espnet/espnet/espnet2/bin/tts_train.py --collect_stats true --write_collected_feats false --use_preprocessor true --token_type phn --token_list dump/token_list/phn_tacotron_g2p_en_no_space/tokens.txt --non_linguistic_symbols none --cleaner tacotron --g2p g2p_en_no_space --normalize none --pitch_normalize none --energy_normalize none --d0_normalize none --train_data_path_and_name_and_type dump/raw/tr_no_dev/text,text,text --train_data_path_and_name_and_type dump/raw/tr_no_dev/wav.scp,speech,sound --valid_data_path_and_name_and_type dump/raw/dev/text,text,text --valid_data_path_and_name_and_type dump/raw/dev/wav.scp,speech,sound --train_shape_file exp/tts_stats_raw_phn_tacotron_g2p_en_no_space/logdir/train.17.scp --valid_shape_file exp/tts_stats_raw_phn_tacotron_g2p_en_no_space/logdir/valid.17.scp --output_dir exp/tts_stats_raw_phn_tacotron_g2p_en_no_space/logdir/stats.17 --config conf/train_d0_jets.yaml --feats_extract fbank --feats_extract_conf n_fft=1024 --feats_extract_conf hop_length=256 --feats_extract_conf win_length=null --feats_extract_conf fs=22050 --feats_extract_conf fmin=80 --feats_extract_conf fmax=7600 --feats_extract_conf n_mels=80 --pitch_extract_conf fs=22050 --pitch_extract_conf n_fft=1024 --pitch_extract_conf hop_length=256 --pitch_extract_conf f0max=400 --pitch_extract_conf f0min=80 --energy_extract_conf fs=22050 --energy_extract_conf n_fft=1024 --energy_extract_conf hop_length=256 --energy_extract_conf win_length=null --d0_extract_conf fs=22050 --d0_extract_conf n_fft=1024 --d0_extract_conf hop_length=256 --d0_extract_conf win_length=null --d0_extract_conf fmin=80 --d0_extract_conf fmax=7600 --d0_extract_conf n_mels=80
usage: tts_train.py [-h] [--config CONFIG] [--print_config]
                    [--log_level {ERROR,WARNING,INFO,DEBUG,NOTSET}]
                    [--drop_last_iter DROP_LAST_ITER] [--dry_run DRY_RUN]
                    [--iterator_type {sequence,category,chunk,task,none}]
                    [--valid_iterator_type {sequence,category,chunk,task,none}]
                    [--output_dir OUTPUT_DIR] [--ngpu NGPU] [--seed SEED]
                    [--num_workers NUM_WORKERS] [--num_att_plot NUM_ATT_PLOT]
                    [--dist_backend DIST_BACKEND]
                    [--dist_init_method DIST_INIT_METHOD]
                    [--dist_world_size DIST_WORLD_SIZE]
                    [--dist_rank DIST_RANK] [--local_rank LOCAL_RANK]
                    [--dist_master_addr DIST_MASTER_ADDR]
                    [--dist_master_port DIST_MASTER_PORT]
                    [--dist_launcher {slurm,mpi,None}]
                    [--multiprocessing_distributed MULTIPROCESSING_DISTRIBUTED]
                    [--unused_parameters UNUSED_PARAMETERS]
                    [--sharded_ddp SHARDED_DDP]
                    [--use_deepspeed USE_DEEPSPEED]
                    [--deepspeed_config DEEPSPEED_CONFIG]
                    [--gradient_as_bucket_view GRADIENT_AS_BUCKET_VIEW]
                    [--ddp_comm_hook {none,fp16_compress_hook,bf16_compress_hook}]
                    [--cudnn_enabled CUDNN_ENABLED]
                    [--cudnn_benchmark CUDNN_BENCHMARK]
                    [--cudnn_deterministic CUDNN_DETERMINISTIC]
                    [--use_tf32 USE_TF32] [--collect_stats COLLECT_STATS]
                    [--write_collected_feats WRITE_COLLECTED_FEATS]
                    [--max_epoch MAX_EPOCH] [--patience PATIENCE]
                    [--val_scheduler_criterion VAL_SCHEDULER_CRITERION VAL_SCHEDULER_CRITERION]
                    [--early_stopping_criterion EARLY_STOPPING_CRITERION EARLY_STOPPING_CRITERION EARLY_STOPPING_CRITERION]
                    [--best_model_criterion BEST_MODEL_CRITERION [BEST_MODEL_CRITERION ...]]
                    [--keep_nbest_models KEEP_NBEST_MODELS [KEEP_NBEST_MODELS ...]]
                    [--nbest_averaging_interval NBEST_AVERAGING_INTERVAL]
                    [--grad_clip GRAD_CLIP] [--grad_clip_type GRAD_CLIP_TYPE]
                    [--grad_noise GRAD_NOISE] [--accum_grad ACCUM_GRAD]
                    [--no_forward_run NO_FORWARD_RUN] [--resume RESUME]
                    [--train_dtype {float16,float32,float64}]
                    [--use_amp USE_AMP] [--log_interval LOG_INTERVAL]
                    [--use_matplotlib USE_MATPLOTLIB]
                    [--use_tensorboard USE_TENSORBOARD]
                    [--create_graph_in_tensorboard CREATE_GRAPH_IN_TENSORBOARD]
                    [--use_wandb USE_WANDB] [--wandb_project WANDB_PROJECT]
                    [--wandb_id WANDB_ID] [--wandb_entity WANDB_ENTITY]
                    [--wandb_name WANDB_NAME]
                    [--wandb_model_log_interval WANDB_MODEL_LOG_INTERVAL]
                    [--detect_anomaly DETECT_ANOMALY]
                    [--use_adapter USE_ADAPTER] [--adapter {lora,houlsby}]
                    [--save_strategy {all,adapter_only,required_grad_only}]
                    [--adapter_conf ADAPTER_CONF]
                    [--pretrain_path PRETRAIN_PATH]
                    [--init_param [INIT_PARAM ...]]
                    [--ignore_init_mismatch IGNORE_INIT_MISMATCH]
                    [--freeze_param [FREEZE_PARAM ...]]
                    [--num_iters_per_epoch NUM_ITERS_PER_EPOCH]
                    [--batch_size BATCH_SIZE]
                    [--valid_batch_size VALID_BATCH_SIZE]
                    [--batch_bins BATCH_BINS]
                    [--valid_batch_bins VALID_BATCH_BINS]
                    [--category_sample_size CATEGORY_SAMPLE_SIZE]
                    [--train_shape_file TRAIN_SHAPE_FILE]
                    [--valid_shape_file VALID_SHAPE_FILE]
                    [--batch_type {unsorted,sorted,folded,length,numel}]
                    [--valid_batch_type {unsorted,sorted,folded,length,numel,None}]
                    [--fold_length FOLD_LENGTH]
                    [--sort_in_batch {descending,ascending}]
                    [--shuffle_within_batch SHUFFLE_WITHIN_BATCH]
                    [--sort_batch {descending,ascending}]
                    [--multiple_iterator MULTIPLE_ITERATOR]
                    [--chunk_length CHUNK_LENGTH]
                    [--chunk_shift_ratio CHUNK_SHIFT_RATIO]
                    [--num_cache_chunks NUM_CACHE_CHUNKS]
                    [--chunk_excluded_key_prefixes CHUNK_EXCLUDED_KEY_PREFIXES [CHUNK_EXCLUDED_KEY_PREFIXES ...]]
                    [--chunk_default_fs CHUNK_DEFAULT_FS]
                    [--chunk_max_abs_length CHUNK_MAX_ABS_LENGTH]
                    [--chunk_discard_short_samples CHUNK_DISCARD_SHORT_SAMPLES]
                    [--train_data_path_and_name_and_type TRAIN_DATA_PATH_AND_NAME_AND_TYPE]
                    [--valid_data_path_and_name_and_type VALID_DATA_PATH_AND_NAME_AND_TYPE]
                    [--multi_task_dataset MULTI_TASK_DATASET]
                    [--allow_variable_data_keys ALLOW_VARIABLE_DATA_KEYS]
                    [--max_cache_size MAX_CACHE_SIZE]
                    [--max_cache_fd MAX_CACHE_FD]
                    [--allow_multi_rates ALLOW_MULTI_RATES]
                    [--valid_max_cache_size VALID_MAX_CACHE_SIZE]
                    [--exclude_weight_decay EXCLUDE_WEIGHT_DECAY]
                    [--exclude_weight_decay_conf EXCLUDE_WEIGHT_DECAY_CONF]
                    [--optim {adam,adamw,sgd,adadelta,adagrad,adamax,asgd,lbfgs,rmsprop,rprop,radam,accagd,adabound,adamod,diffgrad,lamb,novograd,pid,qhm,sgdw,yogi}]
                    [--optim_conf OPTIM_CONF]
                    [--scheduler {reducelronplateau,lambdalr,steplr,multisteplr,exponentiallr,cosineannealinglr,noamlr,warmuplr,piecewiselinearwarmuplr,warmupsteplr,warmupreducelronplateau,cycliclr,onecyclelr,cosineannealingwarmrestarts,cosineannealingwarmuprestarts,None}]
                    [--scheduler_conf SCHEDULER_CONF]
                    [--token_list TOKEN_LIST] [--odim ODIM]
                    [--model_conf MODEL_CONF]
                    [--use_preprocessor USE_PREPROCESSOR]
                    [--token_type {bpe,char,word,phn}] [--bpemodel BPEMODEL]
                    [--non_linguistic_symbols NON_LINGUISTIC_SYMBOLS]
                    [--cleaner {None,tacotron,jaconv,vietnamese,korean_cleaner}]
                    [--g2p {None,g2p_en,g2p_en_no_space,pyopenjtalk,pyopenjtalk_kana,pyopenjtalk_accent,pyopenjtalk_accent_with_pause,pyopenjtalk_prosody,pypinyin_g2p,pypinyin_g2p_phone,pypinyin_g2p_phone_without_prosody,espeak_ng_arabic,espeak_ng_german,espeak_ng_french,espeak_ng_spanish,espeak_ng_russian,espeak_ng_greek,espeak_ng_finnish,espeak_ng_hungarian,espeak_ng_dutch,espeak_ng_english_us_vits,espeak_ng_hindi,espeak_ng_italian,espeak_ng_ukrainian,espeak_ng_polish,g2pk,g2pk_no_space,g2pk_explicit_space,korean_jaso,korean_jaso_no_space,g2p_is}]
                    [--feats_extract {fbank,spectrogram,linear_spectrogram}]
                    [--feats_extract_conf FEATS_EXTRACT_CONF]
                    [--normalize {global_mvn,None}]
                    [--normalize_conf NORMALIZE_CONF]
                    [--tts {tacotron2,transformer,fastspeech,fastspeech2,prodiff,vits,joint_text2wav,jets}]
                    [--tts_conf TTS_CONF] [--pitch_extract {dio,None}]
                    [--pitch_extract_conf PITCH_EXTRACT_CONF]
                    [--pitch_normalize {global_mvn,None}]
                    [--pitch_normalize_conf PITCH_NORMALIZE_CONF]
                    [--energy_extract {energy,None}]
                    [--energy_extract_conf ENERGY_EXTRACT_CONF]
                    [--energy_normalize {global_mvn,None}]
                    [--energy_normalize_conf ENERGY_NORMALIZE_CONF]
tts_train.py: error: No such file: conf/train_d0_jets.yaml
Failed to import Flash Attention, using ESPnet default: No module named 'flash_attn'
# Accounting: time=525 threads=1
# Ended (code 2) at Wed Jun 25 02:10:52 JST 2025, elapsed time 525 seconds
# python3 -m espnet2.bin.tts_train --collect_stats true --write_collected_feats false --use_preprocessor true --token_type phn --token_list dump/token_list/phn_tacotron_g2p_en_no_space/tokens.txt --non_linguistic_symbols none --cleaner tacotron --g2p g2p_en_no_space --normalize none --pitch_normalize none --energy_normalize none --d0_normalize none --train_data_path_and_name_and_type dump/raw/tr_no_dev/text,text,text --train_data_path_and_name_and_type dump/raw/tr_no_dev/wav.scp,speech,sound --valid_data_path_and_name_and_type dump/raw/dev/text,text,text --valid_data_path_and_name_and_type dump/raw/dev/wav.scp,speech,sound --train_shape_file exp/tts_stats_raw_phn_tacotron_g2p_en_no_space/logdir/train.18.scp --valid_shape_file exp/tts_stats_raw_phn_tacotron_g2p_en_no_space/logdir/valid.18.scp --output_dir exp/tts_stats_raw_phn_tacotron_g2p_en_no_space/logdir/stats.18 --config conf/train_d0_jets.yaml --feats_extract fbank --feats_extract_conf n_fft=1024 --feats_extract_conf hop_length=256 --feats_extract_conf win_length=null --feats_extract_conf fs=22050 --feats_extract_conf fmin=80 --feats_extract_conf fmax=7600 --feats_extract_conf n_mels=80 --pitch_extract_conf fs=22050 --pitch_extract_conf n_fft=1024 --pitch_extract_conf hop_length=256 --pitch_extract_conf f0max=400 --pitch_extract_conf f0min=80 --energy_extract_conf fs=22050 --energy_extract_conf n_fft=1024 --energy_extract_conf hop_length=256 --energy_extract_conf win_length=null --d0_extract_conf fs=22050 --d0_extract_conf n_fft=1024 --d0_extract_conf hop_length=256 --d0_extract_conf win_length=null --d0_extract_conf fmin=80 --d0_extract_conf fmax=7600 --d0_extract_conf n_mels=80 
# Started at Wed Jun 25 02:02:06 JST 2025
#
/home/uesugi/.conda/envs/espnet/bin/python3 /home/uesugi/espnet/espnet/espnet2/bin/tts_train.py --collect_stats true --write_collected_feats false --use_preprocessor true --token_type phn --token_list dump/token_list/phn_tacotron_g2p_en_no_space/tokens.txt --non_linguistic_symbols none --cleaner tacotron --g2p g2p_en_no_space --normalize none --pitch_normalize none --energy_normalize none --d0_normalize none --train_data_path_and_name_and_type dump/raw/tr_no_dev/text,text,text --train_data_path_and_name_and_type dump/raw/tr_no_dev/wav.scp,speech,sound --valid_data_path_and_name_and_type dump/raw/dev/text,text,text --valid_data_path_and_name_and_type dump/raw/dev/wav.scp,speech,sound --train_shape_file exp/tts_stats_raw_phn_tacotron_g2p_en_no_space/logdir/train.18.scp --valid_shape_file exp/tts_stats_raw_phn_tacotron_g2p_en_no_space/logdir/valid.18.scp --output_dir exp/tts_stats_raw_phn_tacotron_g2p_en_no_space/logdir/stats.18 --config conf/train_d0_jets.yaml --feats_extract fbank --feats_extract_conf n_fft=1024 --feats_extract_conf hop_length=256 --feats_extract_conf win_length=null --feats_extract_conf fs=22050 --feats_extract_conf fmin=80 --feats_extract_conf fmax=7600 --feats_extract_conf n_mels=80 --pitch_extract_conf fs=22050 --pitch_extract_conf n_fft=1024 --pitch_extract_conf hop_length=256 --pitch_extract_conf f0max=400 --pitch_extract_conf f0min=80 --energy_extract_conf fs=22050 --energy_extract_conf n_fft=1024 --energy_extract_conf hop_length=256 --energy_extract_conf win_length=null --d0_extract_conf fs=22050 --d0_extract_conf n_fft=1024 --d0_extract_conf hop_length=256 --d0_extract_conf win_length=null --d0_extract_conf fmin=80 --d0_extract_conf fmax=7600 --d0_extract_conf n_mels=80
usage: tts_train.py [-h] [--config CONFIG] [--print_config]
                    [--log_level {ERROR,WARNING,INFO,DEBUG,NOTSET}]
                    [--drop_last_iter DROP_LAST_ITER] [--dry_run DRY_RUN]
                    [--iterator_type {sequence,category,chunk,task,none}]
                    [--valid_iterator_type {sequence,category,chunk,task,none}]
                    [--output_dir OUTPUT_DIR] [--ngpu NGPU] [--seed SEED]
                    [--num_workers NUM_WORKERS] [--num_att_plot NUM_ATT_PLOT]
                    [--dist_backend DIST_BACKEND]
                    [--dist_init_method DIST_INIT_METHOD]
                    [--dist_world_size DIST_WORLD_SIZE]
                    [--dist_rank DIST_RANK] [--local_rank LOCAL_RANK]
                    [--dist_master_addr DIST_MASTER_ADDR]
                    [--dist_master_port DIST_MASTER_PORT]
                    [--dist_launcher {slurm,mpi,None}]
                    [--multiprocessing_distributed MULTIPROCESSING_DISTRIBUTED]
                    [--unused_parameters UNUSED_PARAMETERS]
                    [--sharded_ddp SHARDED_DDP]
                    [--use_deepspeed USE_DEEPSPEED]
                    [--deepspeed_config DEEPSPEED_CONFIG]
                    [--gradient_as_bucket_view GRADIENT_AS_BUCKET_VIEW]
                    [--ddp_comm_hook {none,fp16_compress_hook,bf16_compress_hook}]
                    [--cudnn_enabled CUDNN_ENABLED]
                    [--cudnn_benchmark CUDNN_BENCHMARK]
                    [--cudnn_deterministic CUDNN_DETERMINISTIC]
                    [--use_tf32 USE_TF32] [--collect_stats COLLECT_STATS]
                    [--write_collected_feats WRITE_COLLECTED_FEATS]
                    [--max_epoch MAX_EPOCH] [--patience PATIENCE]
                    [--val_scheduler_criterion VAL_SCHEDULER_CRITERION VAL_SCHEDULER_CRITERION]
                    [--early_stopping_criterion EARLY_STOPPING_CRITERION EARLY_STOPPING_CRITERION EARLY_STOPPING_CRITERION]
                    [--best_model_criterion BEST_MODEL_CRITERION [BEST_MODEL_CRITERION ...]]
                    [--keep_nbest_models KEEP_NBEST_MODELS [KEEP_NBEST_MODELS ...]]
                    [--nbest_averaging_interval NBEST_AVERAGING_INTERVAL]
                    [--grad_clip GRAD_CLIP] [--grad_clip_type GRAD_CLIP_TYPE]
                    [--grad_noise GRAD_NOISE] [--accum_grad ACCUM_GRAD]
                    [--no_forward_run NO_FORWARD_RUN] [--resume RESUME]
                    [--train_dtype {float16,float32,float64}]
                    [--use_amp USE_AMP] [--log_interval LOG_INTERVAL]
                    [--use_matplotlib USE_MATPLOTLIB]
                    [--use_tensorboard USE_TENSORBOARD]
                    [--create_graph_in_tensorboard CREATE_GRAPH_IN_TENSORBOARD]
                    [--use_wandb USE_WANDB] [--wandb_project WANDB_PROJECT]
                    [--wandb_id WANDB_ID] [--wandb_entity WANDB_ENTITY]
                    [--wandb_name WANDB_NAME]
                    [--wandb_model_log_interval WANDB_MODEL_LOG_INTERVAL]
                    [--detect_anomaly DETECT_ANOMALY]
                    [--use_adapter USE_ADAPTER] [--adapter {lora,houlsby}]
                    [--save_strategy {all,adapter_only,required_grad_only}]
                    [--adapter_conf ADAPTER_CONF]
                    [--pretrain_path PRETRAIN_PATH]
                    [--init_param [INIT_PARAM ...]]
                    [--ignore_init_mismatch IGNORE_INIT_MISMATCH]
                    [--freeze_param [FREEZE_PARAM ...]]
                    [--num_iters_per_epoch NUM_ITERS_PER_EPOCH]
                    [--batch_size BATCH_SIZE]
                    [--valid_batch_size VALID_BATCH_SIZE]
                    [--batch_bins BATCH_BINS]
                    [--valid_batch_bins VALID_BATCH_BINS]
                    [--category_sample_size CATEGORY_SAMPLE_SIZE]
                    [--train_shape_file TRAIN_SHAPE_FILE]
                    [--valid_shape_file VALID_SHAPE_FILE]
                    [--batch_type {unsorted,sorted,folded,length,numel}]
                    [--valid_batch_type {unsorted,sorted,folded,length,numel,None}]
                    [--fold_length FOLD_LENGTH]
                    [--sort_in_batch {descending,ascending}]
                    [--shuffle_within_batch SHUFFLE_WITHIN_BATCH]
                    [--sort_batch {descending,ascending}]
                    [--multiple_iterator MULTIPLE_ITERATOR]
                    [--chunk_length CHUNK_LENGTH]
                    [--chunk_shift_ratio CHUNK_SHIFT_RATIO]
                    [--num_cache_chunks NUM_CACHE_CHUNKS]
                    [--chunk_excluded_key_prefixes CHUNK_EXCLUDED_KEY_PREFIXES [CHUNK_EXCLUDED_KEY_PREFIXES ...]]
                    [--chunk_default_fs CHUNK_DEFAULT_FS]
                    [--chunk_max_abs_length CHUNK_MAX_ABS_LENGTH]
                    [--chunk_discard_short_samples CHUNK_DISCARD_SHORT_SAMPLES]
                    [--train_data_path_and_name_and_type TRAIN_DATA_PATH_AND_NAME_AND_TYPE]
                    [--valid_data_path_and_name_and_type VALID_DATA_PATH_AND_NAME_AND_TYPE]
                    [--multi_task_dataset MULTI_TASK_DATASET]
                    [--allow_variable_data_keys ALLOW_VARIABLE_DATA_KEYS]
                    [--max_cache_size MAX_CACHE_SIZE]
                    [--max_cache_fd MAX_CACHE_FD]
                    [--allow_multi_rates ALLOW_MULTI_RATES]
                    [--valid_max_cache_size VALID_MAX_CACHE_SIZE]
                    [--exclude_weight_decay EXCLUDE_WEIGHT_DECAY]
                    [--exclude_weight_decay_conf EXCLUDE_WEIGHT_DECAY_CONF]
                    [--optim {adam,adamw,sgd,adadelta,adagrad,adamax,asgd,lbfgs,rmsprop,rprop,radam,accagd,adabound,adamod,diffgrad,lamb,novograd,pid,qhm,sgdw,yogi}]
                    [--optim_conf OPTIM_CONF]
                    [--scheduler {reducelronplateau,lambdalr,steplr,multisteplr,exponentiallr,cosineannealinglr,noamlr,warmuplr,piecewiselinearwarmuplr,warmupsteplr,warmupreducelronplateau,cycliclr,onecyclelr,cosineannealingwarmrestarts,cosineannealingwarmuprestarts,None}]
                    [--scheduler_conf SCHEDULER_CONF]
                    [--token_list TOKEN_LIST] [--odim ODIM]
                    [--model_conf MODEL_CONF]
                    [--use_preprocessor USE_PREPROCESSOR]
                    [--token_type {bpe,char,word,phn}] [--bpemodel BPEMODEL]
                    [--non_linguistic_symbols NON_LINGUISTIC_SYMBOLS]
                    [--cleaner {None,tacotron,jaconv,vietnamese,korean_cleaner}]
                    [--g2p {None,g2p_en,g2p_en_no_space,pyopenjtalk,pyopenjtalk_kana,pyopenjtalk_accent,pyopenjtalk_accent_with_pause,pyopenjtalk_prosody,pypinyin_g2p,pypinyin_g2p_phone,pypinyin_g2p_phone_without_prosody,espeak_ng_arabic,espeak_ng_german,espeak_ng_french,espeak_ng_spanish,espeak_ng_russian,espeak_ng_greek,espeak_ng_finnish,espeak_ng_hungarian,espeak_ng_dutch,espeak_ng_english_us_vits,espeak_ng_hindi,espeak_ng_italian,espeak_ng_ukrainian,espeak_ng_polish,g2pk,g2pk_no_space,g2pk_explicit_space,korean_jaso,korean_jaso_no_space,g2p_is}]
                    [--feats_extract {fbank,spectrogram,linear_spectrogram}]
                    [--feats_extract_conf FEATS_EXTRACT_CONF]
                    [--normalize {global_mvn,None}]
                    [--normalize_conf NORMALIZE_CONF]
                    [--tts {tacotron2,transformer,fastspeech,fastspeech2,prodiff,vits,joint_text2wav,jets}]
                    [--tts_conf TTS_CONF] [--pitch_extract {dio,None}]
                    [--pitch_extract_conf PITCH_EXTRACT_CONF]
                    [--pitch_normalize {global_mvn,None}]
                    [--pitch_normalize_conf PITCH_NORMALIZE_CONF]
                    [--energy_extract {energy,None}]
                    [--energy_extract_conf ENERGY_EXTRACT_CONF]
                    [--energy_normalize {global_mvn,None}]
                    [--energy_normalize_conf ENERGY_NORMALIZE_CONF]
tts_train.py: error: No such file: conf/train_d0_jets.yaml
Failed to import Flash Attention, using ESPnet default: No module named 'flash_attn'
# Accounting: time=526 threads=1
# Ended (code 2) at Wed Jun 25 02:10:53 JST 2025, elapsed time 526 seconds
# python3 -m espnet2.bin.tts_train --collect_stats true --write_collected_feats false --use_preprocessor true --token_type phn --token_list dump/token_list/phn_tacotron_g2p_en_no_space/tokens.txt --non_linguistic_symbols none --cleaner tacotron --g2p g2p_en_no_space --normalize none --pitch_normalize none --energy_normalize none --d0_normalize none --train_data_path_and_name_and_type dump/raw/tr_no_dev/text,text,text --train_data_path_and_name_and_type dump/raw/tr_no_dev/wav.scp,speech,sound --valid_data_path_and_name_and_type dump/raw/dev/text,text,text --valid_data_path_and_name_and_type dump/raw/dev/wav.scp,speech,sound --train_shape_file exp/tts_stats_raw_phn_tacotron_g2p_en_no_space/logdir/train.19.scp --valid_shape_file exp/tts_stats_raw_phn_tacotron_g2p_en_no_space/logdir/valid.19.scp --output_dir exp/tts_stats_raw_phn_tacotron_g2p_en_no_space/logdir/stats.19 --config conf/train_d0_jets.yaml --feats_extract fbank --feats_extract_conf n_fft=1024 --feats_extract_conf hop_length=256 --feats_extract_conf win_length=null --feats_extract_conf fs=22050 --feats_extract_conf fmin=80 --feats_extract_conf fmax=7600 --feats_extract_conf n_mels=80 --pitch_extract_conf fs=22050 --pitch_extract_conf n_fft=1024 --pitch_extract_conf hop_length=256 --pitch_extract_conf f0max=400 --pitch_extract_conf f0min=80 --energy_extract_conf fs=22050 --energy_extract_conf n_fft=1024 --energy_extract_conf hop_length=256 --energy_extract_conf win_length=null --d0_extract_conf fs=22050 --d0_extract_conf n_fft=1024 --d0_extract_conf hop_length=256 --d0_extract_conf win_length=null --d0_extract_conf fmin=80 --d0_extract_conf fmax=7600 --d0_extract_conf n_mels=80 
# Started at Wed Jun 25 02:02:06 JST 2025
#
/home/uesugi/.conda/envs/espnet/bin/python3 /home/uesugi/espnet/espnet/espnet2/bin/tts_train.py --collect_stats true --write_collected_feats false --use_preprocessor true --token_type phn --token_list dump/token_list/phn_tacotron_g2p_en_no_space/tokens.txt --non_linguistic_symbols none --cleaner tacotron --g2p g2p_en_no_space --normalize none --pitch_normalize none --energy_normalize none --d0_normalize none --train_data_path_and_name_and_type dump/raw/tr_no_dev/text,text,text --train_data_path_and_name_and_type dump/raw/tr_no_dev/wav.scp,speech,sound --valid_data_path_and_name_and_type dump/raw/dev/text,text,text --valid_data_path_and_name_and_type dump/raw/dev/wav.scp,speech,sound --train_shape_file exp/tts_stats_raw_phn_tacotron_g2p_en_no_space/logdir/train.19.scp --valid_shape_file exp/tts_stats_raw_phn_tacotron_g2p_en_no_space/logdir/valid.19.scp --output_dir exp/tts_stats_raw_phn_tacotron_g2p_en_no_space/logdir/stats.19 --config conf/train_d0_jets.yaml --feats_extract fbank --feats_extract_conf n_fft=1024 --feats_extract_conf hop_length=256 --feats_extract_conf win_length=null --feats_extract_conf fs=22050 --feats_extract_conf fmin=80 --feats_extract_conf fmax=7600 --feats_extract_conf n_mels=80 --pitch_extract_conf fs=22050 --pitch_extract_conf n_fft=1024 --pitch_extract_conf hop_length=256 --pitch_extract_conf f0max=400 --pitch_extract_conf f0min=80 --energy_extract_conf fs=22050 --energy_extract_conf n_fft=1024 --energy_extract_conf hop_length=256 --energy_extract_conf win_length=null --d0_extract_conf fs=22050 --d0_extract_conf n_fft=1024 --d0_extract_conf hop_length=256 --d0_extract_conf win_length=null --d0_extract_conf fmin=80 --d0_extract_conf fmax=7600 --d0_extract_conf n_mels=80
usage: tts_train.py [-h] [--config CONFIG] [--print_config]
                    [--log_level {ERROR,WARNING,INFO,DEBUG,NOTSET}]
                    [--drop_last_iter DROP_LAST_ITER] [--dry_run DRY_RUN]
                    [--iterator_type {sequence,category,chunk,task,none}]
                    [--valid_iterator_type {sequence,category,chunk,task,none}]
                    [--output_dir OUTPUT_DIR] [--ngpu NGPU] [--seed SEED]
                    [--num_workers NUM_WORKERS] [--num_att_plot NUM_ATT_PLOT]
                    [--dist_backend DIST_BACKEND]
                    [--dist_init_method DIST_INIT_METHOD]
                    [--dist_world_size DIST_WORLD_SIZE]
                    [--dist_rank DIST_RANK] [--local_rank LOCAL_RANK]
                    [--dist_master_addr DIST_MASTER_ADDR]
                    [--dist_master_port DIST_MASTER_PORT]
                    [--dist_launcher {slurm,mpi,None}]
                    [--multiprocessing_distributed MULTIPROCESSING_DISTRIBUTED]
                    [--unused_parameters UNUSED_PARAMETERS]
                    [--sharded_ddp SHARDED_DDP]
                    [--use_deepspeed USE_DEEPSPEED]
                    [--deepspeed_config DEEPSPEED_CONFIG]
                    [--gradient_as_bucket_view GRADIENT_AS_BUCKET_VIEW]
                    [--ddp_comm_hook {none,fp16_compress_hook,bf16_compress_hook}]
                    [--cudnn_enabled CUDNN_ENABLED]
                    [--cudnn_benchmark CUDNN_BENCHMARK]
                    [--cudnn_deterministic CUDNN_DETERMINISTIC]
                    [--use_tf32 USE_TF32] [--collect_stats COLLECT_STATS]
                    [--write_collected_feats WRITE_COLLECTED_FEATS]
                    [--max_epoch MAX_EPOCH] [--patience PATIENCE]
                    [--val_scheduler_criterion VAL_SCHEDULER_CRITERION VAL_SCHEDULER_CRITERION]
                    [--early_stopping_criterion EARLY_STOPPING_CRITERION EARLY_STOPPING_CRITERION EARLY_STOPPING_CRITERION]
                    [--best_model_criterion BEST_MODEL_CRITERION [BEST_MODEL_CRITERION ...]]
                    [--keep_nbest_models KEEP_NBEST_MODELS [KEEP_NBEST_MODELS ...]]
                    [--nbest_averaging_interval NBEST_AVERAGING_INTERVAL]
                    [--grad_clip GRAD_CLIP] [--grad_clip_type GRAD_CLIP_TYPE]
                    [--grad_noise GRAD_NOISE] [--accum_grad ACCUM_GRAD]
                    [--no_forward_run NO_FORWARD_RUN] [--resume RESUME]
                    [--train_dtype {float16,float32,float64}]
                    [--use_amp USE_AMP] [--log_interval LOG_INTERVAL]
                    [--use_matplotlib USE_MATPLOTLIB]
                    [--use_tensorboard USE_TENSORBOARD]
                    [--create_graph_in_tensorboard CREATE_GRAPH_IN_TENSORBOARD]
                    [--use_wandb USE_WANDB] [--wandb_project WANDB_PROJECT]
                    [--wandb_id WANDB_ID] [--wandb_entity WANDB_ENTITY]
                    [--wandb_name WANDB_NAME]
                    [--wandb_model_log_interval WANDB_MODEL_LOG_INTERVAL]
                    [--detect_anomaly DETECT_ANOMALY]
                    [--use_adapter USE_ADAPTER] [--adapter {lora,houlsby}]
                    [--save_strategy {all,adapter_only,required_grad_only}]
                    [--adapter_conf ADAPTER_CONF]
                    [--pretrain_path PRETRAIN_PATH]
                    [--init_param [INIT_PARAM ...]]
                    [--ignore_init_mismatch IGNORE_INIT_MISMATCH]
                    [--freeze_param [FREEZE_PARAM ...]]
                    [--num_iters_per_epoch NUM_ITERS_PER_EPOCH]
                    [--batch_size BATCH_SIZE]
                    [--valid_batch_size VALID_BATCH_SIZE]
                    [--batch_bins BATCH_BINS]
                    [--valid_batch_bins VALID_BATCH_BINS]
                    [--category_sample_size CATEGORY_SAMPLE_SIZE]
                    [--train_shape_file TRAIN_SHAPE_FILE]
                    [--valid_shape_file VALID_SHAPE_FILE]
                    [--batch_type {unsorted,sorted,folded,length,numel}]
                    [--valid_batch_type {unsorted,sorted,folded,length,numel,None}]
                    [--fold_length FOLD_LENGTH]
                    [--sort_in_batch {descending,ascending}]
                    [--shuffle_within_batch SHUFFLE_WITHIN_BATCH]
                    [--sort_batch {descending,ascending}]
                    [--multiple_iterator MULTIPLE_ITERATOR]
                    [--chunk_length CHUNK_LENGTH]
                    [--chunk_shift_ratio CHUNK_SHIFT_RATIO]
                    [--num_cache_chunks NUM_CACHE_CHUNKS]
                    [--chunk_excluded_key_prefixes CHUNK_EXCLUDED_KEY_PREFIXES [CHUNK_EXCLUDED_KEY_PREFIXES ...]]
                    [--chunk_default_fs CHUNK_DEFAULT_FS]
                    [--chunk_max_abs_length CHUNK_MAX_ABS_LENGTH]
                    [--chunk_discard_short_samples CHUNK_DISCARD_SHORT_SAMPLES]
                    [--train_data_path_and_name_and_type TRAIN_DATA_PATH_AND_NAME_AND_TYPE]
                    [--valid_data_path_and_name_and_type VALID_DATA_PATH_AND_NAME_AND_TYPE]
                    [--multi_task_dataset MULTI_TASK_DATASET]
                    [--allow_variable_data_keys ALLOW_VARIABLE_DATA_KEYS]
                    [--max_cache_size MAX_CACHE_SIZE]
                    [--max_cache_fd MAX_CACHE_FD]
                    [--allow_multi_rates ALLOW_MULTI_RATES]
                    [--valid_max_cache_size VALID_MAX_CACHE_SIZE]
                    [--exclude_weight_decay EXCLUDE_WEIGHT_DECAY]
                    [--exclude_weight_decay_conf EXCLUDE_WEIGHT_DECAY_CONF]
                    [--optim {adam,adamw,sgd,adadelta,adagrad,adamax,asgd,lbfgs,rmsprop,rprop,radam,accagd,adabound,adamod,diffgrad,lamb,novograd,pid,qhm,sgdw,yogi}]
                    [--optim_conf OPTIM_CONF]
                    [--scheduler {reducelronplateau,lambdalr,steplr,multisteplr,exponentiallr,cosineannealinglr,noamlr,warmuplr,piecewiselinearwarmuplr,warmupsteplr,warmupreducelronplateau,cycliclr,onecyclelr,cosineannealingwarmrestarts,cosineannealingwarmuprestarts,None}]
                    [--scheduler_conf SCHEDULER_CONF]
                    [--token_list TOKEN_LIST] [--odim ODIM]
                    [--model_conf MODEL_CONF]
                    [--use_preprocessor USE_PREPROCESSOR]
                    [--token_type {bpe,char,word,phn}] [--bpemodel BPEMODEL]
                    [--non_linguistic_symbols NON_LINGUISTIC_SYMBOLS]
                    [--cleaner {None,tacotron,jaconv,vietnamese,korean_cleaner}]
                    [--g2p {None,g2p_en,g2p_en_no_space,pyopenjtalk,pyopenjtalk_kana,pyopenjtalk_accent,pyopenjtalk_accent_with_pause,pyopenjtalk_prosody,pypinyin_g2p,pypinyin_g2p_phone,pypinyin_g2p_phone_without_prosody,espeak_ng_arabic,espeak_ng_german,espeak_ng_french,espeak_ng_spanish,espeak_ng_russian,espeak_ng_greek,espeak_ng_finnish,espeak_ng_hungarian,espeak_ng_dutch,espeak_ng_english_us_vits,espeak_ng_hindi,espeak_ng_italian,espeak_ng_ukrainian,espeak_ng_polish,g2pk,g2pk_no_space,g2pk_explicit_space,korean_jaso,korean_jaso_no_space,g2p_is}]
                    [--feats_extract {fbank,spectrogram,linear_spectrogram}]
                    [--feats_extract_conf FEATS_EXTRACT_CONF]
                    [--normalize {global_mvn,None}]
                    [--normalize_conf NORMALIZE_CONF]
                    [--tts {tacotron2,transformer,fastspeech,fastspeech2,prodiff,vits,joint_text2wav,jets}]
                    [--tts_conf TTS_CONF] [--pitch_extract {dio,None}]
                    [--pitch_extract_conf PITCH_EXTRACT_CONF]
                    [--pitch_normalize {global_mvn,None}]
                    [--pitch_normalize_conf PITCH_NORMALIZE_CONF]
                    [--energy_extract {energy,None}]
                    [--energy_extract_conf ENERGY_EXTRACT_CONF]
                    [--energy_normalize {global_mvn,None}]
                    [--energy_normalize_conf ENERGY_NORMALIZE_CONF]
tts_train.py: error: No such file: conf/train_d0_jets.yaml
Failed to import Flash Attention, using ESPnet default: No module named 'flash_attn'
# Accounting: time=525 threads=1
# Ended (code 2) at Wed Jun 25 02:10:52 JST 2025, elapsed time 525 seconds
# python3 -m espnet2.bin.tts_train --collect_stats true --write_collected_feats false --use_preprocessor true --token_type phn --token_list dump/token_list/phn_tacotron_g2p_en_no_space/tokens.txt --non_linguistic_symbols none --cleaner tacotron --g2p g2p_en_no_space --normalize none --pitch_normalize none --energy_normalize none --d0_normalize none --train_data_path_and_name_and_type dump/raw/tr_no_dev/text,text,text --train_data_path_and_name_and_type dump/raw/tr_no_dev/wav.scp,speech,sound --valid_data_path_and_name_and_type dump/raw/dev/text,text,text --valid_data_path_and_name_and_type dump/raw/dev/wav.scp,speech,sound --train_shape_file exp/tts_stats_raw_phn_tacotron_g2p_en_no_space/logdir/train.2.scp --valid_shape_file exp/tts_stats_raw_phn_tacotron_g2p_en_no_space/logdir/valid.2.scp --output_dir exp/tts_stats_raw_phn_tacotron_g2p_en_no_space/logdir/stats.2 --config conf/train_d0_jets.yaml --feats_extract fbank --feats_extract_conf n_fft=1024 --feats_extract_conf hop_length=256 --feats_extract_conf win_length=null --feats_extract_conf fs=22050 --feats_extract_conf fmin=80 --feats_extract_conf fmax=7600 --feats_extract_conf n_mels=80 --pitch_extract_conf fs=22050 --pitch_extract_conf n_fft=1024 --pitch_extract_conf hop_length=256 --pitch_extract_conf f0max=400 --pitch_extract_conf f0min=80 --energy_extract_conf fs=22050 --energy_extract_conf n_fft=1024 --energy_extract_conf hop_length=256 --energy_extract_conf win_length=null --d0_extract_conf fs=22050 --d0_extract_conf n_fft=1024 --d0_extract_conf hop_length=256 --d0_extract_conf win_length=null --d0_extract_conf fmin=80 --d0_extract_conf fmax=7600 --d0_extract_conf n_mels=80 
# Started at Wed Jun 25 02:02:07 JST 2025
#
/home/uesugi/.conda/envs/espnet/bin/python3 /home/uesugi/espnet/espnet/espnet2/bin/tts_train.py --collect_stats true --write_collected_feats false --use_preprocessor true --token_type phn --token_list dump/token_list/phn_tacotron_g2p_en_no_space/tokens.txt --non_linguistic_symbols none --cleaner tacotron --g2p g2p_en_no_space --normalize none --pitch_normalize none --energy_normalize none --d0_normalize none --train_data_path_and_name_and_type dump/raw/tr_no_dev/text,text,text --train_data_path_and_name_and_type dump/raw/tr_no_dev/wav.scp,speech,sound --valid_data_path_and_name_and_type dump/raw/dev/text,text,text --valid_data_path_and_name_and_type dump/raw/dev/wav.scp,speech,sound --train_shape_file exp/tts_stats_raw_phn_tacotron_g2p_en_no_space/logdir/train.2.scp --valid_shape_file exp/tts_stats_raw_phn_tacotron_g2p_en_no_space/logdir/valid.2.scp --output_dir exp/tts_stats_raw_phn_tacotron_g2p_en_no_space/logdir/stats.2 --config conf/train_d0_jets.yaml --feats_extract fbank --feats_extract_conf n_fft=1024 --feats_extract_conf hop_length=256 --feats_extract_conf win_length=null --feats_extract_conf fs=22050 --feats_extract_conf fmin=80 --feats_extract_conf fmax=7600 --feats_extract_conf n_mels=80 --pitch_extract_conf fs=22050 --pitch_extract_conf n_fft=1024 --pitch_extract_conf hop_length=256 --pitch_extract_conf f0max=400 --pitch_extract_conf f0min=80 --energy_extract_conf fs=22050 --energy_extract_conf n_fft=1024 --energy_extract_conf hop_length=256 --energy_extract_conf win_length=null --d0_extract_conf fs=22050 --d0_extract_conf n_fft=1024 --d0_extract_conf hop_length=256 --d0_extract_conf win_length=null --d0_extract_conf fmin=80 --d0_extract_conf fmax=7600 --d0_extract_conf n_mels=80
usage: tts_train.py [-h] [--config CONFIG] [--print_config]
                    [--log_level {ERROR,WARNING,INFO,DEBUG,NOTSET}]
                    [--drop_last_iter DROP_LAST_ITER] [--dry_run DRY_RUN]
                    [--iterator_type {sequence,category,chunk,task,none}]
                    [--valid_iterator_type {sequence,category,chunk,task,none}]
                    [--output_dir OUTPUT_DIR] [--ngpu NGPU] [--seed SEED]
                    [--num_workers NUM_WORKERS] [--num_att_plot NUM_ATT_PLOT]
                    [--dist_backend DIST_BACKEND]
                    [--dist_init_method DIST_INIT_METHOD]
                    [--dist_world_size DIST_WORLD_SIZE]
                    [--dist_rank DIST_RANK] [--local_rank LOCAL_RANK]
                    [--dist_master_addr DIST_MASTER_ADDR]
                    [--dist_master_port DIST_MASTER_PORT]
                    [--dist_launcher {slurm,mpi,None}]
                    [--multiprocessing_distributed MULTIPROCESSING_DISTRIBUTED]
                    [--unused_parameters UNUSED_PARAMETERS]
                    [--sharded_ddp SHARDED_DDP]
                    [--use_deepspeed USE_DEEPSPEED]
                    [--deepspeed_config DEEPSPEED_CONFIG]
                    [--gradient_as_bucket_view GRADIENT_AS_BUCKET_VIEW]
                    [--ddp_comm_hook {none,fp16_compress_hook,bf16_compress_hook}]
                    [--cudnn_enabled CUDNN_ENABLED]
                    [--cudnn_benchmark CUDNN_BENCHMARK]
                    [--cudnn_deterministic CUDNN_DETERMINISTIC]
                    [--use_tf32 USE_TF32] [--collect_stats COLLECT_STATS]
                    [--write_collected_feats WRITE_COLLECTED_FEATS]
                    [--max_epoch MAX_EPOCH] [--patience PATIENCE]
                    [--val_scheduler_criterion VAL_SCHEDULER_CRITERION VAL_SCHEDULER_CRITERION]
                    [--early_stopping_criterion EARLY_STOPPING_CRITERION EARLY_STOPPING_CRITERION EARLY_STOPPING_CRITERION]
                    [--best_model_criterion BEST_MODEL_CRITERION [BEST_MODEL_CRITERION ...]]
                    [--keep_nbest_models KEEP_NBEST_MODELS [KEEP_NBEST_MODELS ...]]
                    [--nbest_averaging_interval NBEST_AVERAGING_INTERVAL]
                    [--grad_clip GRAD_CLIP] [--grad_clip_type GRAD_CLIP_TYPE]
                    [--grad_noise GRAD_NOISE] [--accum_grad ACCUM_GRAD]
                    [--no_forward_run NO_FORWARD_RUN] [--resume RESUME]
                    [--train_dtype {float16,float32,float64}]
                    [--use_amp USE_AMP] [--log_interval LOG_INTERVAL]
                    [--use_matplotlib USE_MATPLOTLIB]
                    [--use_tensorboard USE_TENSORBOARD]
                    [--create_graph_in_tensorboard CREATE_GRAPH_IN_TENSORBOARD]
                    [--use_wandb USE_WANDB] [--wandb_project WANDB_PROJECT]
                    [--wandb_id WANDB_ID] [--wandb_entity WANDB_ENTITY]
                    [--wandb_name WANDB_NAME]
                    [--wandb_model_log_interval WANDB_MODEL_LOG_INTERVAL]
                    [--detect_anomaly DETECT_ANOMALY]
                    [--use_adapter USE_ADAPTER] [--adapter {lora,houlsby}]
                    [--save_strategy {all,adapter_only,required_grad_only}]
                    [--adapter_conf ADAPTER_CONF]
                    [--pretrain_path PRETRAIN_PATH]
                    [--init_param [INIT_PARAM ...]]
                    [--ignore_init_mismatch IGNORE_INIT_MISMATCH]
                    [--freeze_param [FREEZE_PARAM ...]]
                    [--num_iters_per_epoch NUM_ITERS_PER_EPOCH]
                    [--batch_size BATCH_SIZE]
                    [--valid_batch_size VALID_BATCH_SIZE]
                    [--batch_bins BATCH_BINS]
                    [--valid_batch_bins VALID_BATCH_BINS]
                    [--category_sample_size CATEGORY_SAMPLE_SIZE]
                    [--train_shape_file TRAIN_SHAPE_FILE]
                    [--valid_shape_file VALID_SHAPE_FILE]
                    [--batch_type {unsorted,sorted,folded,length,numel}]
                    [--valid_batch_type {unsorted,sorted,folded,length,numel,None}]
                    [--fold_length FOLD_LENGTH]
                    [--sort_in_batch {descending,ascending}]
                    [--shuffle_within_batch SHUFFLE_WITHIN_BATCH]
                    [--sort_batch {descending,ascending}]
                    [--multiple_iterator MULTIPLE_ITERATOR]
                    [--chunk_length CHUNK_LENGTH]
                    [--chunk_shift_ratio CHUNK_SHIFT_RATIO]
                    [--num_cache_chunks NUM_CACHE_CHUNKS]
                    [--chunk_excluded_key_prefixes CHUNK_EXCLUDED_KEY_PREFIXES [CHUNK_EXCLUDED_KEY_PREFIXES ...]]
                    [--chunk_default_fs CHUNK_DEFAULT_FS]
                    [--chunk_max_abs_length CHUNK_MAX_ABS_LENGTH]
                    [--chunk_discard_short_samples CHUNK_DISCARD_SHORT_SAMPLES]
                    [--train_data_path_and_name_and_type TRAIN_DATA_PATH_AND_NAME_AND_TYPE]
                    [--valid_data_path_and_name_and_type VALID_DATA_PATH_AND_NAME_AND_TYPE]
                    [--multi_task_dataset MULTI_TASK_DATASET]
                    [--allow_variable_data_keys ALLOW_VARIABLE_DATA_KEYS]
                    [--max_cache_size MAX_CACHE_SIZE]
                    [--max_cache_fd MAX_CACHE_FD]
                    [--allow_multi_rates ALLOW_MULTI_RATES]
                    [--valid_max_cache_size VALID_MAX_CACHE_SIZE]
                    [--exclude_weight_decay EXCLUDE_WEIGHT_DECAY]
                    [--exclude_weight_decay_conf EXCLUDE_WEIGHT_DECAY_CONF]
                    [--optim {adam,adamw,sgd,adadelta,adagrad,adamax,asgd,lbfgs,rmsprop,rprop,radam,accagd,adabound,adamod,diffgrad,lamb,novograd,pid,qhm,sgdw,yogi}]
                    [--optim_conf OPTIM_CONF]
                    [--scheduler {reducelronplateau,lambdalr,steplr,multisteplr,exponentiallr,cosineannealinglr,noamlr,warmuplr,piecewiselinearwarmuplr,warmupsteplr,warmupreducelronplateau,cycliclr,onecyclelr,cosineannealingwarmrestarts,cosineannealingwarmuprestarts,None}]
                    [--scheduler_conf SCHEDULER_CONF]
                    [--token_list TOKEN_LIST] [--odim ODIM]
                    [--model_conf MODEL_CONF]
                    [--use_preprocessor USE_PREPROCESSOR]
                    [--token_type {bpe,char,word,phn}] [--bpemodel BPEMODEL]
                    [--non_linguistic_symbols NON_LINGUISTIC_SYMBOLS]
                    [--cleaner {None,tacotron,jaconv,vietnamese,korean_cleaner}]
                    [--g2p {None,g2p_en,g2p_en_no_space,pyopenjtalk,pyopenjtalk_kana,pyopenjtalk_accent,pyopenjtalk_accent_with_pause,pyopenjtalk_prosody,pypinyin_g2p,pypinyin_g2p_phone,pypinyin_g2p_phone_without_prosody,espeak_ng_arabic,espeak_ng_german,espeak_ng_french,espeak_ng_spanish,espeak_ng_russian,espeak_ng_greek,espeak_ng_finnish,espeak_ng_hungarian,espeak_ng_dutch,espeak_ng_english_us_vits,espeak_ng_hindi,espeak_ng_italian,espeak_ng_ukrainian,espeak_ng_polish,g2pk,g2pk_no_space,g2pk_explicit_space,korean_jaso,korean_jaso_no_space,g2p_is}]
                    [--feats_extract {fbank,spectrogram,linear_spectrogram}]
                    [--feats_extract_conf FEATS_EXTRACT_CONF]
                    [--normalize {global_mvn,None}]
                    [--normalize_conf NORMALIZE_CONF]
                    [--tts {tacotron2,transformer,fastspeech,fastspeech2,prodiff,vits,joint_text2wav,jets}]
                    [--tts_conf TTS_CONF] [--pitch_extract {dio,None}]
                    [--pitch_extract_conf PITCH_EXTRACT_CONF]
                    [--pitch_normalize {global_mvn,None}]
                    [--pitch_normalize_conf PITCH_NORMALIZE_CONF]
                    [--energy_extract {energy,None}]
                    [--energy_extract_conf ENERGY_EXTRACT_CONF]
                    [--energy_normalize {global_mvn,None}]
                    [--energy_normalize_conf ENERGY_NORMALIZE_CONF]
tts_train.py: error: No such file: conf/train_d0_jets.yaml
Failed to import Flash Attention, using ESPnet default: No module named 'flash_attn'
# Accounting: time=525 threads=1
# Ended (code 2) at Wed Jun 25 02:10:52 JST 2025, elapsed time 525 seconds
# python3 -m espnet2.bin.tts_train --collect_stats true --write_collected_feats false --use_preprocessor true --token_type phn --token_list dump/token_list/phn_tacotron_g2p_en_no_space/tokens.txt --non_linguistic_symbols none --cleaner tacotron --g2p g2p_en_no_space --normalize none --pitch_normalize none --energy_normalize none --d0_normalize none --train_data_path_and_name_and_type dump/raw/tr_no_dev/text,text,text --train_data_path_and_name_and_type dump/raw/tr_no_dev/wav.scp,speech,sound --valid_data_path_and_name_and_type dump/raw/dev/text,text,text --valid_data_path_and_name_and_type dump/raw/dev/wav.scp,speech,sound --train_shape_file exp/tts_stats_raw_phn_tacotron_g2p_en_no_space/logdir/train.20.scp --valid_shape_file exp/tts_stats_raw_phn_tacotron_g2p_en_no_space/logdir/valid.20.scp --output_dir exp/tts_stats_raw_phn_tacotron_g2p_en_no_space/logdir/stats.20 --config conf/train_d0_jets.yaml --feats_extract fbank --feats_extract_conf n_fft=1024 --feats_extract_conf hop_length=256 --feats_extract_conf win_length=null --feats_extract_conf fs=22050 --feats_extract_conf fmin=80 --feats_extract_conf fmax=7600 --feats_extract_conf n_mels=80 --pitch_extract_conf fs=22050 --pitch_extract_conf n_fft=1024 --pitch_extract_conf hop_length=256 --pitch_extract_conf f0max=400 --pitch_extract_conf f0min=80 --energy_extract_conf fs=22050 --energy_extract_conf n_fft=1024 --energy_extract_conf hop_length=256 --energy_extract_conf win_length=null --d0_extract_conf fs=22050 --d0_extract_conf n_fft=1024 --d0_extract_conf hop_length=256 --d0_extract_conf win_length=null --d0_extract_conf fmin=80 --d0_extract_conf fmax=7600 --d0_extract_conf n_mels=80 
# Started at Wed Jun 25 02:02:06 JST 2025
#
/home/uesugi/.conda/envs/espnet/bin/python3 /home/uesugi/espnet/espnet/espnet2/bin/tts_train.py --collect_stats true --write_collected_feats false --use_preprocessor true --token_type phn --token_list dump/token_list/phn_tacotron_g2p_en_no_space/tokens.txt --non_linguistic_symbols none --cleaner tacotron --g2p g2p_en_no_space --normalize none --pitch_normalize none --energy_normalize none --d0_normalize none --train_data_path_and_name_and_type dump/raw/tr_no_dev/text,text,text --train_data_path_and_name_and_type dump/raw/tr_no_dev/wav.scp,speech,sound --valid_data_path_and_name_and_type dump/raw/dev/text,text,text --valid_data_path_and_name_and_type dump/raw/dev/wav.scp,speech,sound --train_shape_file exp/tts_stats_raw_phn_tacotron_g2p_en_no_space/logdir/train.20.scp --valid_shape_file exp/tts_stats_raw_phn_tacotron_g2p_en_no_space/logdir/valid.20.scp --output_dir exp/tts_stats_raw_phn_tacotron_g2p_en_no_space/logdir/stats.20 --config conf/train_d0_jets.yaml --feats_extract fbank --feats_extract_conf n_fft=1024 --feats_extract_conf hop_length=256 --feats_extract_conf win_length=null --feats_extract_conf fs=22050 --feats_extract_conf fmin=80 --feats_extract_conf fmax=7600 --feats_extract_conf n_mels=80 --pitch_extract_conf fs=22050 --pitch_extract_conf n_fft=1024 --pitch_extract_conf hop_length=256 --pitch_extract_conf f0max=400 --pitch_extract_conf f0min=80 --energy_extract_conf fs=22050 --energy_extract_conf n_fft=1024 --energy_extract_conf hop_length=256 --energy_extract_conf win_length=null --d0_extract_conf fs=22050 --d0_extract_conf n_fft=1024 --d0_extract_conf hop_length=256 --d0_extract_conf win_length=null --d0_extract_conf fmin=80 --d0_extract_conf fmax=7600 --d0_extract_conf n_mels=80
usage: tts_train.py [-h] [--config CONFIG] [--print_config]
                    [--log_level {ERROR,WARNING,INFO,DEBUG,NOTSET}]
                    [--drop_last_iter DROP_LAST_ITER] [--dry_run DRY_RUN]
                    [--iterator_type {sequence,category,chunk,task,none}]
                    [--valid_iterator_type {sequence,category,chunk,task,none}]
                    [--output_dir OUTPUT_DIR] [--ngpu NGPU] [--seed SEED]
                    [--num_workers NUM_WORKERS] [--num_att_plot NUM_ATT_PLOT]
                    [--dist_backend DIST_BACKEND]
                    [--dist_init_method DIST_INIT_METHOD]
                    [--dist_world_size DIST_WORLD_SIZE]
                    [--dist_rank DIST_RANK] [--local_rank LOCAL_RANK]
                    [--dist_master_addr DIST_MASTER_ADDR]
                    [--dist_master_port DIST_MASTER_PORT]
                    [--dist_launcher {slurm,mpi,None}]
                    [--multiprocessing_distributed MULTIPROCESSING_DISTRIBUTED]
                    [--unused_parameters UNUSED_PARAMETERS]
                    [--sharded_ddp SHARDED_DDP]
                    [--use_deepspeed USE_DEEPSPEED]
                    [--deepspeed_config DEEPSPEED_CONFIG]
                    [--gradient_as_bucket_view GRADIENT_AS_BUCKET_VIEW]
                    [--ddp_comm_hook {none,fp16_compress_hook,bf16_compress_hook}]
                    [--cudnn_enabled CUDNN_ENABLED]
                    [--cudnn_benchmark CUDNN_BENCHMARK]
                    [--cudnn_deterministic CUDNN_DETERMINISTIC]
                    [--use_tf32 USE_TF32] [--collect_stats COLLECT_STATS]
                    [--write_collected_feats WRITE_COLLECTED_FEATS]
                    [--max_epoch MAX_EPOCH] [--patience PATIENCE]
                    [--val_scheduler_criterion VAL_SCHEDULER_CRITERION VAL_SCHEDULER_CRITERION]
                    [--early_stopping_criterion EARLY_STOPPING_CRITERION EARLY_STOPPING_CRITERION EARLY_STOPPING_CRITERION]
                    [--best_model_criterion BEST_MODEL_CRITERION [BEST_MODEL_CRITERION ...]]
                    [--keep_nbest_models KEEP_NBEST_MODELS [KEEP_NBEST_MODELS ...]]
                    [--nbest_averaging_interval NBEST_AVERAGING_INTERVAL]
                    [--grad_clip GRAD_CLIP] [--grad_clip_type GRAD_CLIP_TYPE]
                    [--grad_noise GRAD_NOISE] [--accum_grad ACCUM_GRAD]
                    [--no_forward_run NO_FORWARD_RUN] [--resume RESUME]
                    [--train_dtype {float16,float32,float64}]
                    [--use_amp USE_AMP] [--log_interval LOG_INTERVAL]
                    [--use_matplotlib USE_MATPLOTLIB]
                    [--use_tensorboard USE_TENSORBOARD]
                    [--create_graph_in_tensorboard CREATE_GRAPH_IN_TENSORBOARD]
                    [--use_wandb USE_WANDB] [--wandb_project WANDB_PROJECT]
                    [--wandb_id WANDB_ID] [--wandb_entity WANDB_ENTITY]
                    [--wandb_name WANDB_NAME]
                    [--wandb_model_log_interval WANDB_MODEL_LOG_INTERVAL]
                    [--detect_anomaly DETECT_ANOMALY]
                    [--use_adapter USE_ADAPTER] [--adapter {lora,houlsby}]
                    [--save_strategy {all,adapter_only,required_grad_only}]
                    [--adapter_conf ADAPTER_CONF]
                    [--pretrain_path PRETRAIN_PATH]
                    [--init_param [INIT_PARAM ...]]
                    [--ignore_init_mismatch IGNORE_INIT_MISMATCH]
                    [--freeze_param [FREEZE_PARAM ...]]
                    [--num_iters_per_epoch NUM_ITERS_PER_EPOCH]
                    [--batch_size BATCH_SIZE]
                    [--valid_batch_size VALID_BATCH_SIZE]
                    [--batch_bins BATCH_BINS]
                    [--valid_batch_bins VALID_BATCH_BINS]
                    [--category_sample_size CATEGORY_SAMPLE_SIZE]
                    [--train_shape_file TRAIN_SHAPE_FILE]
                    [--valid_shape_file VALID_SHAPE_FILE]
                    [--batch_type {unsorted,sorted,folded,length,numel}]
                    [--valid_batch_type {unsorted,sorted,folded,length,numel,None}]
                    [--fold_length FOLD_LENGTH]
                    [--sort_in_batch {descending,ascending}]
                    [--shuffle_within_batch SHUFFLE_WITHIN_BATCH]
                    [--sort_batch {descending,ascending}]
                    [--multiple_iterator MULTIPLE_ITERATOR]
                    [--chunk_length CHUNK_LENGTH]
                    [--chunk_shift_ratio CHUNK_SHIFT_RATIO]
                    [--num_cache_chunks NUM_CACHE_CHUNKS]
                    [--chunk_excluded_key_prefixes CHUNK_EXCLUDED_KEY_PREFIXES [CHUNK_EXCLUDED_KEY_PREFIXES ...]]
                    [--chunk_default_fs CHUNK_DEFAULT_FS]
                    [--chunk_max_abs_length CHUNK_MAX_ABS_LENGTH]
                    [--chunk_discard_short_samples CHUNK_DISCARD_SHORT_SAMPLES]
                    [--train_data_path_and_name_and_type TRAIN_DATA_PATH_AND_NAME_AND_TYPE]
                    [--valid_data_path_and_name_and_type VALID_DATA_PATH_AND_NAME_AND_TYPE]
                    [--multi_task_dataset MULTI_TASK_DATASET]
                    [--allow_variable_data_keys ALLOW_VARIABLE_DATA_KEYS]
                    [--max_cache_size MAX_CACHE_SIZE]
                    [--max_cache_fd MAX_CACHE_FD]
                    [--allow_multi_rates ALLOW_MULTI_RATES]
                    [--valid_max_cache_size VALID_MAX_CACHE_SIZE]
                    [--exclude_weight_decay EXCLUDE_WEIGHT_DECAY]
                    [--exclude_weight_decay_conf EXCLUDE_WEIGHT_DECAY_CONF]
                    [--optim {adam,adamw,sgd,adadelta,adagrad,adamax,asgd,lbfgs,rmsprop,rprop,radam,accagd,adabound,adamod,diffgrad,lamb,novograd,pid,qhm,sgdw,yogi}]
                    [--optim_conf OPTIM_CONF]
                    [--scheduler {reducelronplateau,lambdalr,steplr,multisteplr,exponentiallr,cosineannealinglr,noamlr,warmuplr,piecewiselinearwarmuplr,warmupsteplr,warmupreducelronplateau,cycliclr,onecyclelr,cosineannealingwarmrestarts,cosineannealingwarmuprestarts,None}]
                    [--scheduler_conf SCHEDULER_CONF]
                    [--token_list TOKEN_LIST] [--odim ODIM]
                    [--model_conf MODEL_CONF]
                    [--use_preprocessor USE_PREPROCESSOR]
                    [--token_type {bpe,char,word,phn}] [--bpemodel BPEMODEL]
                    [--non_linguistic_symbols NON_LINGUISTIC_SYMBOLS]
                    [--cleaner {None,tacotron,jaconv,vietnamese,korean_cleaner}]
                    [--g2p {None,g2p_en,g2p_en_no_space,pyopenjtalk,pyopenjtalk_kana,pyopenjtalk_accent,pyopenjtalk_accent_with_pause,pyopenjtalk_prosody,pypinyin_g2p,pypinyin_g2p_phone,pypinyin_g2p_phone_without_prosody,espeak_ng_arabic,espeak_ng_german,espeak_ng_french,espeak_ng_spanish,espeak_ng_russian,espeak_ng_greek,espeak_ng_finnish,espeak_ng_hungarian,espeak_ng_dutch,espeak_ng_english_us_vits,espeak_ng_hindi,espeak_ng_italian,espeak_ng_ukrainian,espeak_ng_polish,g2pk,g2pk_no_space,g2pk_explicit_space,korean_jaso,korean_jaso_no_space,g2p_is}]
                    [--feats_extract {fbank,spectrogram,linear_spectrogram}]
                    [--feats_extract_conf FEATS_EXTRACT_CONF]
                    [--normalize {global_mvn,None}]
                    [--normalize_conf NORMALIZE_CONF]
                    [--tts {tacotron2,transformer,fastspeech,fastspeech2,prodiff,vits,joint_text2wav,jets}]
                    [--tts_conf TTS_CONF] [--pitch_extract {dio,None}]
                    [--pitch_extract_conf PITCH_EXTRACT_CONF]
                    [--pitch_normalize {global_mvn,None}]
                    [--pitch_normalize_conf PITCH_NORMALIZE_CONF]
                    [--energy_extract {energy,None}]
                    [--energy_extract_conf ENERGY_EXTRACT_CONF]
                    [--energy_normalize {global_mvn,None}]
                    [--energy_normalize_conf ENERGY_NORMALIZE_CONF]
tts_train.py: error: No such file: conf/train_d0_jets.yaml
Failed to import Flash Attention, using ESPnet default: No module named 'flash_attn'
# Accounting: time=526 threads=1
# Ended (code 2) at Wed Jun 25 02:10:52 JST 2025, elapsed time 526 seconds
# python3 -m espnet2.bin.tts_train --collect_stats true --write_collected_feats false --use_preprocessor true --token_type phn --token_list dump/token_list/phn_tacotron_g2p_en_no_space/tokens.txt --non_linguistic_symbols none --cleaner tacotron --g2p g2p_en_no_space --normalize none --pitch_normalize none --energy_normalize none --d0_normalize none --train_data_path_and_name_and_type dump/raw/tr_no_dev/text,text,text --train_data_path_and_name_and_type dump/raw/tr_no_dev/wav.scp,speech,sound --valid_data_path_and_name_and_type dump/raw/dev/text,text,text --valid_data_path_and_name_and_type dump/raw/dev/wav.scp,speech,sound --train_shape_file exp/tts_stats_raw_phn_tacotron_g2p_en_no_space/logdir/train.21.scp --valid_shape_file exp/tts_stats_raw_phn_tacotron_g2p_en_no_space/logdir/valid.21.scp --output_dir exp/tts_stats_raw_phn_tacotron_g2p_en_no_space/logdir/stats.21 --config conf/train_d0_jets.yaml --feats_extract fbank --feats_extract_conf n_fft=1024 --feats_extract_conf hop_length=256 --feats_extract_conf win_length=null --feats_extract_conf fs=22050 --feats_extract_conf fmin=80 --feats_extract_conf fmax=7600 --feats_extract_conf n_mels=80 --pitch_extract_conf fs=22050 --pitch_extract_conf n_fft=1024 --pitch_extract_conf hop_length=256 --pitch_extract_conf f0max=400 --pitch_extract_conf f0min=80 --energy_extract_conf fs=22050 --energy_extract_conf n_fft=1024 --energy_extract_conf hop_length=256 --energy_extract_conf win_length=null --d0_extract_conf fs=22050 --d0_extract_conf n_fft=1024 --d0_extract_conf hop_length=256 --d0_extract_conf win_length=null --d0_extract_conf fmin=80 --d0_extract_conf fmax=7600 --d0_extract_conf n_mels=80 
# Started at Wed Jun 25 02:02:06 JST 2025
#
/home/uesugi/.conda/envs/espnet/bin/python3 /home/uesugi/espnet/espnet/espnet2/bin/tts_train.py --collect_stats true --write_collected_feats false --use_preprocessor true --token_type phn --token_list dump/token_list/phn_tacotron_g2p_en_no_space/tokens.txt --non_linguistic_symbols none --cleaner tacotron --g2p g2p_en_no_space --normalize none --pitch_normalize none --energy_normalize none --d0_normalize none --train_data_path_and_name_and_type dump/raw/tr_no_dev/text,text,text --train_data_path_and_name_and_type dump/raw/tr_no_dev/wav.scp,speech,sound --valid_data_path_and_name_and_type dump/raw/dev/text,text,text --valid_data_path_and_name_and_type dump/raw/dev/wav.scp,speech,sound --train_shape_file exp/tts_stats_raw_phn_tacotron_g2p_en_no_space/logdir/train.21.scp --valid_shape_file exp/tts_stats_raw_phn_tacotron_g2p_en_no_space/logdir/valid.21.scp --output_dir exp/tts_stats_raw_phn_tacotron_g2p_en_no_space/logdir/stats.21 --config conf/train_d0_jets.yaml --feats_extract fbank --feats_extract_conf n_fft=1024 --feats_extract_conf hop_length=256 --feats_extract_conf win_length=null --feats_extract_conf fs=22050 --feats_extract_conf fmin=80 --feats_extract_conf fmax=7600 --feats_extract_conf n_mels=80 --pitch_extract_conf fs=22050 --pitch_extract_conf n_fft=1024 --pitch_extract_conf hop_length=256 --pitch_extract_conf f0max=400 --pitch_extract_conf f0min=80 --energy_extract_conf fs=22050 --energy_extract_conf n_fft=1024 --energy_extract_conf hop_length=256 --energy_extract_conf win_length=null --d0_extract_conf fs=22050 --d0_extract_conf n_fft=1024 --d0_extract_conf hop_length=256 --d0_extract_conf win_length=null --d0_extract_conf fmin=80 --d0_extract_conf fmax=7600 --d0_extract_conf n_mels=80
usage: tts_train.py [-h] [--config CONFIG] [--print_config]
                    [--log_level {ERROR,WARNING,INFO,DEBUG,NOTSET}]
                    [--drop_last_iter DROP_LAST_ITER] [--dry_run DRY_RUN]
                    [--iterator_type {sequence,category,chunk,task,none}]
                    [--valid_iterator_type {sequence,category,chunk,task,none}]
                    [--output_dir OUTPUT_DIR] [--ngpu NGPU] [--seed SEED]
                    [--num_workers NUM_WORKERS] [--num_att_plot NUM_ATT_PLOT]
                    [--dist_backend DIST_BACKEND]
                    [--dist_init_method DIST_INIT_METHOD]
                    [--dist_world_size DIST_WORLD_SIZE]
                    [--dist_rank DIST_RANK] [--local_rank LOCAL_RANK]
                    [--dist_master_addr DIST_MASTER_ADDR]
                    [--dist_master_port DIST_MASTER_PORT]
                    [--dist_launcher {slurm,mpi,None}]
                    [--multiprocessing_distributed MULTIPROCESSING_DISTRIBUTED]
                    [--unused_parameters UNUSED_PARAMETERS]
                    [--sharded_ddp SHARDED_DDP]
                    [--use_deepspeed USE_DEEPSPEED]
                    [--deepspeed_config DEEPSPEED_CONFIG]
                    [--gradient_as_bucket_view GRADIENT_AS_BUCKET_VIEW]
                    [--ddp_comm_hook {none,fp16_compress_hook,bf16_compress_hook}]
                    [--cudnn_enabled CUDNN_ENABLED]
                    [--cudnn_benchmark CUDNN_BENCHMARK]
                    [--cudnn_deterministic CUDNN_DETERMINISTIC]
                    [--use_tf32 USE_TF32] [--collect_stats COLLECT_STATS]
                    [--write_collected_feats WRITE_COLLECTED_FEATS]
                    [--max_epoch MAX_EPOCH] [--patience PATIENCE]
                    [--val_scheduler_criterion VAL_SCHEDULER_CRITERION VAL_SCHEDULER_CRITERION]
                    [--early_stopping_criterion EARLY_STOPPING_CRITERION EARLY_STOPPING_CRITERION EARLY_STOPPING_CRITERION]
                    [--best_model_criterion BEST_MODEL_CRITERION [BEST_MODEL_CRITERION ...]]
                    [--keep_nbest_models KEEP_NBEST_MODELS [KEEP_NBEST_MODELS ...]]
                    [--nbest_averaging_interval NBEST_AVERAGING_INTERVAL]
                    [--grad_clip GRAD_CLIP] [--grad_clip_type GRAD_CLIP_TYPE]
                    [--grad_noise GRAD_NOISE] [--accum_grad ACCUM_GRAD]
                    [--no_forward_run NO_FORWARD_RUN] [--resume RESUME]
                    [--train_dtype {float16,float32,float64}]
                    [--use_amp USE_AMP] [--log_interval LOG_INTERVAL]
                    [--use_matplotlib USE_MATPLOTLIB]
                    [--use_tensorboard USE_TENSORBOARD]
                    [--create_graph_in_tensorboard CREATE_GRAPH_IN_TENSORBOARD]
                    [--use_wandb USE_WANDB] [--wandb_project WANDB_PROJECT]
                    [--wandb_id WANDB_ID] [--wandb_entity WANDB_ENTITY]
                    [--wandb_name WANDB_NAME]
                    [--wandb_model_log_interval WANDB_MODEL_LOG_INTERVAL]
                    [--detect_anomaly DETECT_ANOMALY]
                    [--use_adapter USE_ADAPTER] [--adapter {lora,houlsby}]
                    [--save_strategy {all,adapter_only,required_grad_only}]
                    [--adapter_conf ADAPTER_CONF]
                    [--pretrain_path PRETRAIN_PATH]
                    [--init_param [INIT_PARAM ...]]
                    [--ignore_init_mismatch IGNORE_INIT_MISMATCH]
                    [--freeze_param [FREEZE_PARAM ...]]
                    [--num_iters_per_epoch NUM_ITERS_PER_EPOCH]
                    [--batch_size BATCH_SIZE]
                    [--valid_batch_size VALID_BATCH_SIZE]
                    [--batch_bins BATCH_BINS]
                    [--valid_batch_bins VALID_BATCH_BINS]
                    [--category_sample_size CATEGORY_SAMPLE_SIZE]
                    [--train_shape_file TRAIN_SHAPE_FILE]
                    [--valid_shape_file VALID_SHAPE_FILE]
                    [--batch_type {unsorted,sorted,folded,length,numel}]
                    [--valid_batch_type {unsorted,sorted,folded,length,numel,None}]
                    [--fold_length FOLD_LENGTH]
                    [--sort_in_batch {descending,ascending}]
                    [--shuffle_within_batch SHUFFLE_WITHIN_BATCH]
                    [--sort_batch {descending,ascending}]
                    [--multiple_iterator MULTIPLE_ITERATOR]
                    [--chunk_length CHUNK_LENGTH]
                    [--chunk_shift_ratio CHUNK_SHIFT_RATIO]
                    [--num_cache_chunks NUM_CACHE_CHUNKS]
                    [--chunk_excluded_key_prefixes CHUNK_EXCLUDED_KEY_PREFIXES [CHUNK_EXCLUDED_KEY_PREFIXES ...]]
                    [--chunk_default_fs CHUNK_DEFAULT_FS]
                    [--chunk_max_abs_length CHUNK_MAX_ABS_LENGTH]
                    [--chunk_discard_short_samples CHUNK_DISCARD_SHORT_SAMPLES]
                    [--train_data_path_and_name_and_type TRAIN_DATA_PATH_AND_NAME_AND_TYPE]
                    [--valid_data_path_and_name_and_type VALID_DATA_PATH_AND_NAME_AND_TYPE]
                    [--multi_task_dataset MULTI_TASK_DATASET]
                    [--allow_variable_data_keys ALLOW_VARIABLE_DATA_KEYS]
                    [--max_cache_size MAX_CACHE_SIZE]
                    [--max_cache_fd MAX_CACHE_FD]
                    [--allow_multi_rates ALLOW_MULTI_RATES]
                    [--valid_max_cache_size VALID_MAX_CACHE_SIZE]
                    [--exclude_weight_decay EXCLUDE_WEIGHT_DECAY]
                    [--exclude_weight_decay_conf EXCLUDE_WEIGHT_DECAY_CONF]
                    [--optim {adam,adamw,sgd,adadelta,adagrad,adamax,asgd,lbfgs,rmsprop,rprop,radam,accagd,adabound,adamod,diffgrad,lamb,novograd,pid,qhm,sgdw,yogi}]
                    [--optim_conf OPTIM_CONF]
                    [--scheduler {reducelronplateau,lambdalr,steplr,multisteplr,exponentiallr,cosineannealinglr,noamlr,warmuplr,piecewiselinearwarmuplr,warmupsteplr,warmupreducelronplateau,cycliclr,onecyclelr,cosineannealingwarmrestarts,cosineannealingwarmuprestarts,None}]
                    [--scheduler_conf SCHEDULER_CONF]
                    [--token_list TOKEN_LIST] [--odim ODIM]
                    [--model_conf MODEL_CONF]
                    [--use_preprocessor USE_PREPROCESSOR]
                    [--token_type {bpe,char,word,phn}] [--bpemodel BPEMODEL]
                    [--non_linguistic_symbols NON_LINGUISTIC_SYMBOLS]
                    [--cleaner {None,tacotron,jaconv,vietnamese,korean_cleaner}]
                    [--g2p {None,g2p_en,g2p_en_no_space,pyopenjtalk,pyopenjtalk_kana,pyopenjtalk_accent,pyopenjtalk_accent_with_pause,pyopenjtalk_prosody,pypinyin_g2p,pypinyin_g2p_phone,pypinyin_g2p_phone_without_prosody,espeak_ng_arabic,espeak_ng_german,espeak_ng_french,espeak_ng_spanish,espeak_ng_russian,espeak_ng_greek,espeak_ng_finnish,espeak_ng_hungarian,espeak_ng_dutch,espeak_ng_english_us_vits,espeak_ng_hindi,espeak_ng_italian,espeak_ng_ukrainian,espeak_ng_polish,g2pk,g2pk_no_space,g2pk_explicit_space,korean_jaso,korean_jaso_no_space,g2p_is}]
                    [--feats_extract {fbank,spectrogram,linear_spectrogram}]
                    [--feats_extract_conf FEATS_EXTRACT_CONF]
                    [--normalize {global_mvn,None}]
                    [--normalize_conf NORMALIZE_CONF]
                    [--tts {tacotron2,transformer,fastspeech,fastspeech2,prodiff,vits,joint_text2wav,jets}]
                    [--tts_conf TTS_CONF] [--pitch_extract {dio,None}]
                    [--pitch_extract_conf PITCH_EXTRACT_CONF]
                    [--pitch_normalize {global_mvn,None}]
                    [--pitch_normalize_conf PITCH_NORMALIZE_CONF]
                    [--energy_extract {energy,None}]
                    [--energy_extract_conf ENERGY_EXTRACT_CONF]
                    [--energy_normalize {global_mvn,None}]
                    [--energy_normalize_conf ENERGY_NORMALIZE_CONF]
tts_train.py: error: No such file: conf/train_d0_jets.yaml
Failed to import Flash Attention, using ESPnet default: No module named 'flash_attn'
# Accounting: time=526 threads=1
# Ended (code 2) at Wed Jun 25 02:10:52 JST 2025, elapsed time 526 seconds
# python3 -m espnet2.bin.tts_train --collect_stats true --write_collected_feats false --use_preprocessor true --token_type phn --token_list dump/token_list/phn_tacotron_g2p_en_no_space/tokens.txt --non_linguistic_symbols none --cleaner tacotron --g2p g2p_en_no_space --normalize none --pitch_normalize none --energy_normalize none --d0_normalize none --train_data_path_and_name_and_type dump/raw/tr_no_dev/text,text,text --train_data_path_and_name_and_type dump/raw/tr_no_dev/wav.scp,speech,sound --valid_data_path_and_name_and_type dump/raw/dev/text,text,text --valid_data_path_and_name_and_type dump/raw/dev/wav.scp,speech,sound --train_shape_file exp/tts_stats_raw_phn_tacotron_g2p_en_no_space/logdir/train.22.scp --valid_shape_file exp/tts_stats_raw_phn_tacotron_g2p_en_no_space/logdir/valid.22.scp --output_dir exp/tts_stats_raw_phn_tacotron_g2p_en_no_space/logdir/stats.22 --config conf/train_d0_jets.yaml --feats_extract fbank --feats_extract_conf n_fft=1024 --feats_extract_conf hop_length=256 --feats_extract_conf win_length=null --feats_extract_conf fs=22050 --feats_extract_conf fmin=80 --feats_extract_conf fmax=7600 --feats_extract_conf n_mels=80 --pitch_extract_conf fs=22050 --pitch_extract_conf n_fft=1024 --pitch_extract_conf hop_length=256 --pitch_extract_conf f0max=400 --pitch_extract_conf f0min=80 --energy_extract_conf fs=22050 --energy_extract_conf n_fft=1024 --energy_extract_conf hop_length=256 --energy_extract_conf win_length=null --d0_extract_conf fs=22050 --d0_extract_conf n_fft=1024 --d0_extract_conf hop_length=256 --d0_extract_conf win_length=null --d0_extract_conf fmin=80 --d0_extract_conf fmax=7600 --d0_extract_conf n_mels=80 
# Started at Wed Jun 25 02:02:06 JST 2025
#
/home/uesugi/.conda/envs/espnet/bin/python3 /home/uesugi/espnet/espnet/espnet2/bin/tts_train.py --collect_stats true --write_collected_feats false --use_preprocessor true --token_type phn --token_list dump/token_list/phn_tacotron_g2p_en_no_space/tokens.txt --non_linguistic_symbols none --cleaner tacotron --g2p g2p_en_no_space --normalize none --pitch_normalize none --energy_normalize none --d0_normalize none --train_data_path_and_name_and_type dump/raw/tr_no_dev/text,text,text --train_data_path_and_name_and_type dump/raw/tr_no_dev/wav.scp,speech,sound --valid_data_path_and_name_and_type dump/raw/dev/text,text,text --valid_data_path_and_name_and_type dump/raw/dev/wav.scp,speech,sound --train_shape_file exp/tts_stats_raw_phn_tacotron_g2p_en_no_space/logdir/train.22.scp --valid_shape_file exp/tts_stats_raw_phn_tacotron_g2p_en_no_space/logdir/valid.22.scp --output_dir exp/tts_stats_raw_phn_tacotron_g2p_en_no_space/logdir/stats.22 --config conf/train_d0_jets.yaml --feats_extract fbank --feats_extract_conf n_fft=1024 --feats_extract_conf hop_length=256 --feats_extract_conf win_length=null --feats_extract_conf fs=22050 --feats_extract_conf fmin=80 --feats_extract_conf fmax=7600 --feats_extract_conf n_mels=80 --pitch_extract_conf fs=22050 --pitch_extract_conf n_fft=1024 --pitch_extract_conf hop_length=256 --pitch_extract_conf f0max=400 --pitch_extract_conf f0min=80 --energy_extract_conf fs=22050 --energy_extract_conf n_fft=1024 --energy_extract_conf hop_length=256 --energy_extract_conf win_length=null --d0_extract_conf fs=22050 --d0_extract_conf n_fft=1024 --d0_extract_conf hop_length=256 --d0_extract_conf win_length=null --d0_extract_conf fmin=80 --d0_extract_conf fmax=7600 --d0_extract_conf n_mels=80
usage: tts_train.py [-h] [--config CONFIG] [--print_config]
                    [--log_level {ERROR,WARNING,INFO,DEBUG,NOTSET}]
                    [--drop_last_iter DROP_LAST_ITER] [--dry_run DRY_RUN]
                    [--iterator_type {sequence,category,chunk,task,none}]
                    [--valid_iterator_type {sequence,category,chunk,task,none}]
                    [--output_dir OUTPUT_DIR] [--ngpu NGPU] [--seed SEED]
                    [--num_workers NUM_WORKERS] [--num_att_plot NUM_ATT_PLOT]
                    [--dist_backend DIST_BACKEND]
                    [--dist_init_method DIST_INIT_METHOD]
                    [--dist_world_size DIST_WORLD_SIZE]
                    [--dist_rank DIST_RANK] [--local_rank LOCAL_RANK]
                    [--dist_master_addr DIST_MASTER_ADDR]
                    [--dist_master_port DIST_MASTER_PORT]
                    [--dist_launcher {slurm,mpi,None}]
                    [--multiprocessing_distributed MULTIPROCESSING_DISTRIBUTED]
                    [--unused_parameters UNUSED_PARAMETERS]
                    [--sharded_ddp SHARDED_DDP]
                    [--use_deepspeed USE_DEEPSPEED]
                    [--deepspeed_config DEEPSPEED_CONFIG]
                    [--gradient_as_bucket_view GRADIENT_AS_BUCKET_VIEW]
                    [--ddp_comm_hook {none,fp16_compress_hook,bf16_compress_hook}]
                    [--cudnn_enabled CUDNN_ENABLED]
                    [--cudnn_benchmark CUDNN_BENCHMARK]
                    [--cudnn_deterministic CUDNN_DETERMINISTIC]
                    [--use_tf32 USE_TF32] [--collect_stats COLLECT_STATS]
                    [--write_collected_feats WRITE_COLLECTED_FEATS]
                    [--max_epoch MAX_EPOCH] [--patience PATIENCE]
                    [--val_scheduler_criterion VAL_SCHEDULER_CRITERION VAL_SCHEDULER_CRITERION]
                    [--early_stopping_criterion EARLY_STOPPING_CRITERION EARLY_STOPPING_CRITERION EARLY_STOPPING_CRITERION]
                    [--best_model_criterion BEST_MODEL_CRITERION [BEST_MODEL_CRITERION ...]]
                    [--keep_nbest_models KEEP_NBEST_MODELS [KEEP_NBEST_MODELS ...]]
                    [--nbest_averaging_interval NBEST_AVERAGING_INTERVAL]
                    [--grad_clip GRAD_CLIP] [--grad_clip_type GRAD_CLIP_TYPE]
                    [--grad_noise GRAD_NOISE] [--accum_grad ACCUM_GRAD]
                    [--no_forward_run NO_FORWARD_RUN] [--resume RESUME]
                    [--train_dtype {float16,float32,float64}]
                    [--use_amp USE_AMP] [--log_interval LOG_INTERVAL]
                    [--use_matplotlib USE_MATPLOTLIB]
                    [--use_tensorboard USE_TENSORBOARD]
                    [--create_graph_in_tensorboard CREATE_GRAPH_IN_TENSORBOARD]
                    [--use_wandb USE_WANDB] [--wandb_project WANDB_PROJECT]
                    [--wandb_id WANDB_ID] [--wandb_entity WANDB_ENTITY]
                    [--wandb_name WANDB_NAME]
                    [--wandb_model_log_interval WANDB_MODEL_LOG_INTERVAL]
                    [--detect_anomaly DETECT_ANOMALY]
                    [--use_adapter USE_ADAPTER] [--adapter {lora,houlsby}]
                    [--save_strategy {all,adapter_only,required_grad_only}]
                    [--adapter_conf ADAPTER_CONF]
                    [--pretrain_path PRETRAIN_PATH]
                    [--init_param [INIT_PARAM ...]]
                    [--ignore_init_mismatch IGNORE_INIT_MISMATCH]
                    [--freeze_param [FREEZE_PARAM ...]]
                    [--num_iters_per_epoch NUM_ITERS_PER_EPOCH]
                    [--batch_size BATCH_SIZE]
                    [--valid_batch_size VALID_BATCH_SIZE]
                    [--batch_bins BATCH_BINS]
                    [--valid_batch_bins VALID_BATCH_BINS]
                    [--category_sample_size CATEGORY_SAMPLE_SIZE]
                    [--train_shape_file TRAIN_SHAPE_FILE]
                    [--valid_shape_file VALID_SHAPE_FILE]
                    [--batch_type {unsorted,sorted,folded,length,numel}]
                    [--valid_batch_type {unsorted,sorted,folded,length,numel,None}]
                    [--fold_length FOLD_LENGTH]
                    [--sort_in_batch {descending,ascending}]
                    [--shuffle_within_batch SHUFFLE_WITHIN_BATCH]
                    [--sort_batch {descending,ascending}]
                    [--multiple_iterator MULTIPLE_ITERATOR]
                    [--chunk_length CHUNK_LENGTH]
                    [--chunk_shift_ratio CHUNK_SHIFT_RATIO]
                    [--num_cache_chunks NUM_CACHE_CHUNKS]
                    [--chunk_excluded_key_prefixes CHUNK_EXCLUDED_KEY_PREFIXES [CHUNK_EXCLUDED_KEY_PREFIXES ...]]
                    [--chunk_default_fs CHUNK_DEFAULT_FS]
                    [--chunk_max_abs_length CHUNK_MAX_ABS_LENGTH]
                    [--chunk_discard_short_samples CHUNK_DISCARD_SHORT_SAMPLES]
                    [--train_data_path_and_name_and_type TRAIN_DATA_PATH_AND_NAME_AND_TYPE]
                    [--valid_data_path_and_name_and_type VALID_DATA_PATH_AND_NAME_AND_TYPE]
                    [--multi_task_dataset MULTI_TASK_DATASET]
                    [--allow_variable_data_keys ALLOW_VARIABLE_DATA_KEYS]
                    [--max_cache_size MAX_CACHE_SIZE]
                    [--max_cache_fd MAX_CACHE_FD]
                    [--allow_multi_rates ALLOW_MULTI_RATES]
                    [--valid_max_cache_size VALID_MAX_CACHE_SIZE]
                    [--exclude_weight_decay EXCLUDE_WEIGHT_DECAY]
                    [--exclude_weight_decay_conf EXCLUDE_WEIGHT_DECAY_CONF]
                    [--optim {adam,adamw,sgd,adadelta,adagrad,adamax,asgd,lbfgs,rmsprop,rprop,radam,accagd,adabound,adamod,diffgrad,lamb,novograd,pid,qhm,sgdw,yogi}]
                    [--optim_conf OPTIM_CONF]
                    [--scheduler {reducelronplateau,lambdalr,steplr,multisteplr,exponentiallr,cosineannealinglr,noamlr,warmuplr,piecewiselinearwarmuplr,warmupsteplr,warmupreducelronplateau,cycliclr,onecyclelr,cosineannealingwarmrestarts,cosineannealingwarmuprestarts,None}]
                    [--scheduler_conf SCHEDULER_CONF]
                    [--token_list TOKEN_LIST] [--odim ODIM]
                    [--model_conf MODEL_CONF]
                    [--use_preprocessor USE_PREPROCESSOR]
                    [--token_type {bpe,char,word,phn}] [--bpemodel BPEMODEL]
                    [--non_linguistic_symbols NON_LINGUISTIC_SYMBOLS]
                    [--cleaner {None,tacotron,jaconv,vietnamese,korean_cleaner}]
                    [--g2p {None,g2p_en,g2p_en_no_space,pyopenjtalk,pyopenjtalk_kana,pyopenjtalk_accent,pyopenjtalk_accent_with_pause,pyopenjtalk_prosody,pypinyin_g2p,pypinyin_g2p_phone,pypinyin_g2p_phone_without_prosody,espeak_ng_arabic,espeak_ng_german,espeak_ng_french,espeak_ng_spanish,espeak_ng_russian,espeak_ng_greek,espeak_ng_finnish,espeak_ng_hungarian,espeak_ng_dutch,espeak_ng_english_us_vits,espeak_ng_hindi,espeak_ng_italian,espeak_ng_ukrainian,espeak_ng_polish,g2pk,g2pk_no_space,g2pk_explicit_space,korean_jaso,korean_jaso_no_space,g2p_is}]
                    [--feats_extract {fbank,spectrogram,linear_spectrogram}]
                    [--feats_extract_conf FEATS_EXTRACT_CONF]
                    [--normalize {global_mvn,None}]
                    [--normalize_conf NORMALIZE_CONF]
                    [--tts {tacotron2,transformer,fastspeech,fastspeech2,prodiff,vits,joint_text2wav,jets}]
                    [--tts_conf TTS_CONF] [--pitch_extract {dio,None}]
                    [--pitch_extract_conf PITCH_EXTRACT_CONF]
                    [--pitch_normalize {global_mvn,None}]
                    [--pitch_normalize_conf PITCH_NORMALIZE_CONF]
                    [--energy_extract {energy,None}]
                    [--energy_extract_conf ENERGY_EXTRACT_CONF]
                    [--energy_normalize {global_mvn,None}]
                    [--energy_normalize_conf ENERGY_NORMALIZE_CONF]
tts_train.py: error: No such file: conf/train_d0_jets.yaml
Failed to import Flash Attention, using ESPnet default: No module named 'flash_attn'
# Accounting: time=526 threads=1
# Ended (code 2) at Wed Jun 25 02:10:52 JST 2025, elapsed time 526 seconds
# python3 -m espnet2.bin.tts_train --collect_stats true --write_collected_feats false --use_preprocessor true --token_type phn --token_list dump/token_list/phn_tacotron_g2p_en_no_space/tokens.txt --non_linguistic_symbols none --cleaner tacotron --g2p g2p_en_no_space --normalize none --pitch_normalize none --energy_normalize none --d0_normalize none --train_data_path_and_name_and_type dump/raw/tr_no_dev/text,text,text --train_data_path_and_name_and_type dump/raw/tr_no_dev/wav.scp,speech,sound --valid_data_path_and_name_and_type dump/raw/dev/text,text,text --valid_data_path_and_name_and_type dump/raw/dev/wav.scp,speech,sound --train_shape_file exp/tts_stats_raw_phn_tacotron_g2p_en_no_space/logdir/train.23.scp --valid_shape_file exp/tts_stats_raw_phn_tacotron_g2p_en_no_space/logdir/valid.23.scp --output_dir exp/tts_stats_raw_phn_tacotron_g2p_en_no_space/logdir/stats.23 --config conf/train_d0_jets.yaml --feats_extract fbank --feats_extract_conf n_fft=1024 --feats_extract_conf hop_length=256 --feats_extract_conf win_length=null --feats_extract_conf fs=22050 --feats_extract_conf fmin=80 --feats_extract_conf fmax=7600 --feats_extract_conf n_mels=80 --pitch_extract_conf fs=22050 --pitch_extract_conf n_fft=1024 --pitch_extract_conf hop_length=256 --pitch_extract_conf f0max=400 --pitch_extract_conf f0min=80 --energy_extract_conf fs=22050 --energy_extract_conf n_fft=1024 --energy_extract_conf hop_length=256 --energy_extract_conf win_length=null --d0_extract_conf fs=22050 --d0_extract_conf n_fft=1024 --d0_extract_conf hop_length=256 --d0_extract_conf win_length=null --d0_extract_conf fmin=80 --d0_extract_conf fmax=7600 --d0_extract_conf n_mels=80 
# Started at Wed Jun 25 02:02:06 JST 2025
#
/home/uesugi/.conda/envs/espnet/bin/python3 /home/uesugi/espnet/espnet/espnet2/bin/tts_train.py --collect_stats true --write_collected_feats false --use_preprocessor true --token_type phn --token_list dump/token_list/phn_tacotron_g2p_en_no_space/tokens.txt --non_linguistic_symbols none --cleaner tacotron --g2p g2p_en_no_space --normalize none --pitch_normalize none --energy_normalize none --d0_normalize none --train_data_path_and_name_and_type dump/raw/tr_no_dev/text,text,text --train_data_path_and_name_and_type dump/raw/tr_no_dev/wav.scp,speech,sound --valid_data_path_and_name_and_type dump/raw/dev/text,text,text --valid_data_path_and_name_and_type dump/raw/dev/wav.scp,speech,sound --train_shape_file exp/tts_stats_raw_phn_tacotron_g2p_en_no_space/logdir/train.23.scp --valid_shape_file exp/tts_stats_raw_phn_tacotron_g2p_en_no_space/logdir/valid.23.scp --output_dir exp/tts_stats_raw_phn_tacotron_g2p_en_no_space/logdir/stats.23 --config conf/train_d0_jets.yaml --feats_extract fbank --feats_extract_conf n_fft=1024 --feats_extract_conf hop_length=256 --feats_extract_conf win_length=null --feats_extract_conf fs=22050 --feats_extract_conf fmin=80 --feats_extract_conf fmax=7600 --feats_extract_conf n_mels=80 --pitch_extract_conf fs=22050 --pitch_extract_conf n_fft=1024 --pitch_extract_conf hop_length=256 --pitch_extract_conf f0max=400 --pitch_extract_conf f0min=80 --energy_extract_conf fs=22050 --energy_extract_conf n_fft=1024 --energy_extract_conf hop_length=256 --energy_extract_conf win_length=null --d0_extract_conf fs=22050 --d0_extract_conf n_fft=1024 --d0_extract_conf hop_length=256 --d0_extract_conf win_length=null --d0_extract_conf fmin=80 --d0_extract_conf fmax=7600 --d0_extract_conf n_mels=80
usage: tts_train.py [-h] [--config CONFIG] [--print_config]
                    [--log_level {ERROR,WARNING,INFO,DEBUG,NOTSET}]
                    [--drop_last_iter DROP_LAST_ITER] [--dry_run DRY_RUN]
                    [--iterator_type {sequence,category,chunk,task,none}]
                    [--valid_iterator_type {sequence,category,chunk,task,none}]
                    [--output_dir OUTPUT_DIR] [--ngpu NGPU] [--seed SEED]
                    [--num_workers NUM_WORKERS] [--num_att_plot NUM_ATT_PLOT]
                    [--dist_backend DIST_BACKEND]
                    [--dist_init_method DIST_INIT_METHOD]
                    [--dist_world_size DIST_WORLD_SIZE]
                    [--dist_rank DIST_RANK] [--local_rank LOCAL_RANK]
                    [--dist_master_addr DIST_MASTER_ADDR]
                    [--dist_master_port DIST_MASTER_PORT]
                    [--dist_launcher {slurm,mpi,None}]
                    [--multiprocessing_distributed MULTIPROCESSING_DISTRIBUTED]
                    [--unused_parameters UNUSED_PARAMETERS]
                    [--sharded_ddp SHARDED_DDP]
                    [--use_deepspeed USE_DEEPSPEED]
                    [--deepspeed_config DEEPSPEED_CONFIG]
                    [--gradient_as_bucket_view GRADIENT_AS_BUCKET_VIEW]
                    [--ddp_comm_hook {none,fp16_compress_hook,bf16_compress_hook}]
                    [--cudnn_enabled CUDNN_ENABLED]
                    [--cudnn_benchmark CUDNN_BENCHMARK]
                    [--cudnn_deterministic CUDNN_DETERMINISTIC]
                    [--use_tf32 USE_TF32] [--collect_stats COLLECT_STATS]
                    [--write_collected_feats WRITE_COLLECTED_FEATS]
                    [--max_epoch MAX_EPOCH] [--patience PATIENCE]
                    [--val_scheduler_criterion VAL_SCHEDULER_CRITERION VAL_SCHEDULER_CRITERION]
                    [--early_stopping_criterion EARLY_STOPPING_CRITERION EARLY_STOPPING_CRITERION EARLY_STOPPING_CRITERION]
                    [--best_model_criterion BEST_MODEL_CRITERION [BEST_MODEL_CRITERION ...]]
                    [--keep_nbest_models KEEP_NBEST_MODELS [KEEP_NBEST_MODELS ...]]
                    [--nbest_averaging_interval NBEST_AVERAGING_INTERVAL]
                    [--grad_clip GRAD_CLIP] [--grad_clip_type GRAD_CLIP_TYPE]
                    [--grad_noise GRAD_NOISE] [--accum_grad ACCUM_GRAD]
                    [--no_forward_run NO_FORWARD_RUN] [--resume RESUME]
                    [--train_dtype {float16,float32,float64}]
                    [--use_amp USE_AMP] [--log_interval LOG_INTERVAL]
                    [--use_matplotlib USE_MATPLOTLIB]
                    [--use_tensorboard USE_TENSORBOARD]
                    [--create_graph_in_tensorboard CREATE_GRAPH_IN_TENSORBOARD]
                    [--use_wandb USE_WANDB] [--wandb_project WANDB_PROJECT]
                    [--wandb_id WANDB_ID] [--wandb_entity WANDB_ENTITY]
                    [--wandb_name WANDB_NAME]
                    [--wandb_model_log_interval WANDB_MODEL_LOG_INTERVAL]
                    [--detect_anomaly DETECT_ANOMALY]
                    [--use_adapter USE_ADAPTER] [--adapter {lora,houlsby}]
                    [--save_strategy {all,adapter_only,required_grad_only}]
                    [--adapter_conf ADAPTER_CONF]
                    [--pretrain_path PRETRAIN_PATH]
                    [--init_param [INIT_PARAM ...]]
                    [--ignore_init_mismatch IGNORE_INIT_MISMATCH]
                    [--freeze_param [FREEZE_PARAM ...]]
                    [--num_iters_per_epoch NUM_ITERS_PER_EPOCH]
                    [--batch_size BATCH_SIZE]
                    [--valid_batch_size VALID_BATCH_SIZE]
                    [--batch_bins BATCH_BINS]
                    [--valid_batch_bins VALID_BATCH_BINS]
                    [--category_sample_size CATEGORY_SAMPLE_SIZE]
                    [--train_shape_file TRAIN_SHAPE_FILE]
                    [--valid_shape_file VALID_SHAPE_FILE]
                    [--batch_type {unsorted,sorted,folded,length,numel}]
                    [--valid_batch_type {unsorted,sorted,folded,length,numel,None}]
                    [--fold_length FOLD_LENGTH]
                    [--sort_in_batch {descending,ascending}]
                    [--shuffle_within_batch SHUFFLE_WITHIN_BATCH]
                    [--sort_batch {descending,ascending}]
                    [--multiple_iterator MULTIPLE_ITERATOR]
                    [--chunk_length CHUNK_LENGTH]
                    [--chunk_shift_ratio CHUNK_SHIFT_RATIO]
                    [--num_cache_chunks NUM_CACHE_CHUNKS]
                    [--chunk_excluded_key_prefixes CHUNK_EXCLUDED_KEY_PREFIXES [CHUNK_EXCLUDED_KEY_PREFIXES ...]]
                    [--chunk_default_fs CHUNK_DEFAULT_FS]
                    [--chunk_max_abs_length CHUNK_MAX_ABS_LENGTH]
                    [--chunk_discard_short_samples CHUNK_DISCARD_SHORT_SAMPLES]
                    [--train_data_path_and_name_and_type TRAIN_DATA_PATH_AND_NAME_AND_TYPE]
                    [--valid_data_path_and_name_and_type VALID_DATA_PATH_AND_NAME_AND_TYPE]
                    [--multi_task_dataset MULTI_TASK_DATASET]
                    [--allow_variable_data_keys ALLOW_VARIABLE_DATA_KEYS]
                    [--max_cache_size MAX_CACHE_SIZE]
                    [--max_cache_fd MAX_CACHE_FD]
                    [--allow_multi_rates ALLOW_MULTI_RATES]
                    [--valid_max_cache_size VALID_MAX_CACHE_SIZE]
                    [--exclude_weight_decay EXCLUDE_WEIGHT_DECAY]
                    [--exclude_weight_decay_conf EXCLUDE_WEIGHT_DECAY_CONF]
                    [--optim {adam,adamw,sgd,adadelta,adagrad,adamax,asgd,lbfgs,rmsprop,rprop,radam,accagd,adabound,adamod,diffgrad,lamb,novograd,pid,qhm,sgdw,yogi}]
                    [--optim_conf OPTIM_CONF]
                    [--scheduler {reducelronplateau,lambdalr,steplr,multisteplr,exponentiallr,cosineannealinglr,noamlr,warmuplr,piecewiselinearwarmuplr,warmupsteplr,warmupreducelronplateau,cycliclr,onecyclelr,cosineannealingwarmrestarts,cosineannealingwarmuprestarts,None}]
                    [--scheduler_conf SCHEDULER_CONF]
                    [--token_list TOKEN_LIST] [--odim ODIM]
                    [--model_conf MODEL_CONF]
                    [--use_preprocessor USE_PREPROCESSOR]
                    [--token_type {bpe,char,word,phn}] [--bpemodel BPEMODEL]
                    [--non_linguistic_symbols NON_LINGUISTIC_SYMBOLS]
                    [--cleaner {None,tacotron,jaconv,vietnamese,korean_cleaner}]
                    [--g2p {None,g2p_en,g2p_en_no_space,pyopenjtalk,pyopenjtalk_kana,pyopenjtalk_accent,pyopenjtalk_accent_with_pause,pyopenjtalk_prosody,pypinyin_g2p,pypinyin_g2p_phone,pypinyin_g2p_phone_without_prosody,espeak_ng_arabic,espeak_ng_german,espeak_ng_french,espeak_ng_spanish,espeak_ng_russian,espeak_ng_greek,espeak_ng_finnish,espeak_ng_hungarian,espeak_ng_dutch,espeak_ng_english_us_vits,espeak_ng_hindi,espeak_ng_italian,espeak_ng_ukrainian,espeak_ng_polish,g2pk,g2pk_no_space,g2pk_explicit_space,korean_jaso,korean_jaso_no_space,g2p_is}]
                    [--feats_extract {fbank,spectrogram,linear_spectrogram}]
                    [--feats_extract_conf FEATS_EXTRACT_CONF]
                    [--normalize {global_mvn,None}]
                    [--normalize_conf NORMALIZE_CONF]
                    [--tts {tacotron2,transformer,fastspeech,fastspeech2,prodiff,vits,joint_text2wav,jets}]
                    [--tts_conf TTS_CONF] [--pitch_extract {dio,None}]
                    [--pitch_extract_conf PITCH_EXTRACT_CONF]
                    [--pitch_normalize {global_mvn,None}]
                    [--pitch_normalize_conf PITCH_NORMALIZE_CONF]
                    [--energy_extract {energy,None}]
                    [--energy_extract_conf ENERGY_EXTRACT_CONF]
                    [--energy_normalize {global_mvn,None}]
                    [--energy_normalize_conf ENERGY_NORMALIZE_CONF]
tts_train.py: error: No such file: conf/train_d0_jets.yaml
Failed to import Flash Attention, using ESPnet default: No module named 'flash_attn'
# Accounting: time=526 threads=1
# Ended (code 2) at Wed Jun 25 02:10:52 JST 2025, elapsed time 526 seconds
# python3 -m espnet2.bin.tts_train --collect_stats true --write_collected_feats false --use_preprocessor true --token_type phn --token_list dump/token_list/phn_tacotron_g2p_en_no_space/tokens.txt --non_linguistic_symbols none --cleaner tacotron --g2p g2p_en_no_space --normalize none --pitch_normalize none --energy_normalize none --d0_normalize none --train_data_path_and_name_and_type dump/raw/tr_no_dev/text,text,text --train_data_path_and_name_and_type dump/raw/tr_no_dev/wav.scp,speech,sound --valid_data_path_and_name_and_type dump/raw/dev/text,text,text --valid_data_path_and_name_and_type dump/raw/dev/wav.scp,speech,sound --train_shape_file exp/tts_stats_raw_phn_tacotron_g2p_en_no_space/logdir/train.24.scp --valid_shape_file exp/tts_stats_raw_phn_tacotron_g2p_en_no_space/logdir/valid.24.scp --output_dir exp/tts_stats_raw_phn_tacotron_g2p_en_no_space/logdir/stats.24 --config conf/train_d0_jets.yaml --feats_extract fbank --feats_extract_conf n_fft=1024 --feats_extract_conf hop_length=256 --feats_extract_conf win_length=null --feats_extract_conf fs=22050 --feats_extract_conf fmin=80 --feats_extract_conf fmax=7600 --feats_extract_conf n_mels=80 --pitch_extract_conf fs=22050 --pitch_extract_conf n_fft=1024 --pitch_extract_conf hop_length=256 --pitch_extract_conf f0max=400 --pitch_extract_conf f0min=80 --energy_extract_conf fs=22050 --energy_extract_conf n_fft=1024 --energy_extract_conf hop_length=256 --energy_extract_conf win_length=null --d0_extract_conf fs=22050 --d0_extract_conf n_fft=1024 --d0_extract_conf hop_length=256 --d0_extract_conf win_length=null --d0_extract_conf fmin=80 --d0_extract_conf fmax=7600 --d0_extract_conf n_mels=80 
# Started at Wed Jun 25 02:02:06 JST 2025
#
/home/uesugi/.conda/envs/espnet/bin/python3 /home/uesugi/espnet/espnet/espnet2/bin/tts_train.py --collect_stats true --write_collected_feats false --use_preprocessor true --token_type phn --token_list dump/token_list/phn_tacotron_g2p_en_no_space/tokens.txt --non_linguistic_symbols none --cleaner tacotron --g2p g2p_en_no_space --normalize none --pitch_normalize none --energy_normalize none --d0_normalize none --train_data_path_and_name_and_type dump/raw/tr_no_dev/text,text,text --train_data_path_and_name_and_type dump/raw/tr_no_dev/wav.scp,speech,sound --valid_data_path_and_name_and_type dump/raw/dev/text,text,text --valid_data_path_and_name_and_type dump/raw/dev/wav.scp,speech,sound --train_shape_file exp/tts_stats_raw_phn_tacotron_g2p_en_no_space/logdir/train.24.scp --valid_shape_file exp/tts_stats_raw_phn_tacotron_g2p_en_no_space/logdir/valid.24.scp --output_dir exp/tts_stats_raw_phn_tacotron_g2p_en_no_space/logdir/stats.24 --config conf/train_d0_jets.yaml --feats_extract fbank --feats_extract_conf n_fft=1024 --feats_extract_conf hop_length=256 --feats_extract_conf win_length=null --feats_extract_conf fs=22050 --feats_extract_conf fmin=80 --feats_extract_conf fmax=7600 --feats_extract_conf n_mels=80 --pitch_extract_conf fs=22050 --pitch_extract_conf n_fft=1024 --pitch_extract_conf hop_length=256 --pitch_extract_conf f0max=400 --pitch_extract_conf f0min=80 --energy_extract_conf fs=22050 --energy_extract_conf n_fft=1024 --energy_extract_conf hop_length=256 --energy_extract_conf win_length=null --d0_extract_conf fs=22050 --d0_extract_conf n_fft=1024 --d0_extract_conf hop_length=256 --d0_extract_conf win_length=null --d0_extract_conf fmin=80 --d0_extract_conf fmax=7600 --d0_extract_conf n_mels=80
usage: tts_train.py [-h] [--config CONFIG] [--print_config]
                    [--log_level {ERROR,WARNING,INFO,DEBUG,NOTSET}]
                    [--drop_last_iter DROP_LAST_ITER] [--dry_run DRY_RUN]
                    [--iterator_type {sequence,category,chunk,task,none}]
                    [--valid_iterator_type {sequence,category,chunk,task,none}]
                    [--output_dir OUTPUT_DIR] [--ngpu NGPU] [--seed SEED]
                    [--num_workers NUM_WORKERS] [--num_att_plot NUM_ATT_PLOT]
                    [--dist_backend DIST_BACKEND]
                    [--dist_init_method DIST_INIT_METHOD]
                    [--dist_world_size DIST_WORLD_SIZE]
                    [--dist_rank DIST_RANK] [--local_rank LOCAL_RANK]
                    [--dist_master_addr DIST_MASTER_ADDR]
                    [--dist_master_port DIST_MASTER_PORT]
                    [--dist_launcher {slurm,mpi,None}]
                    [--multiprocessing_distributed MULTIPROCESSING_DISTRIBUTED]
                    [--unused_parameters UNUSED_PARAMETERS]
                    [--sharded_ddp SHARDED_DDP]
                    [--use_deepspeed USE_DEEPSPEED]
                    [--deepspeed_config DEEPSPEED_CONFIG]
                    [--gradient_as_bucket_view GRADIENT_AS_BUCKET_VIEW]
                    [--ddp_comm_hook {none,fp16_compress_hook,bf16_compress_hook}]
                    [--cudnn_enabled CUDNN_ENABLED]
                    [--cudnn_benchmark CUDNN_BENCHMARK]
                    [--cudnn_deterministic CUDNN_DETERMINISTIC]
                    [--use_tf32 USE_TF32] [--collect_stats COLLECT_STATS]
                    [--write_collected_feats WRITE_COLLECTED_FEATS]
                    [--max_epoch MAX_EPOCH] [--patience PATIENCE]
                    [--val_scheduler_criterion VAL_SCHEDULER_CRITERION VAL_SCHEDULER_CRITERION]
                    [--early_stopping_criterion EARLY_STOPPING_CRITERION EARLY_STOPPING_CRITERION EARLY_STOPPING_CRITERION]
                    [--best_model_criterion BEST_MODEL_CRITERION [BEST_MODEL_CRITERION ...]]
                    [--keep_nbest_models KEEP_NBEST_MODELS [KEEP_NBEST_MODELS ...]]
                    [--nbest_averaging_interval NBEST_AVERAGING_INTERVAL]
                    [--grad_clip GRAD_CLIP] [--grad_clip_type GRAD_CLIP_TYPE]
                    [--grad_noise GRAD_NOISE] [--accum_grad ACCUM_GRAD]
                    [--no_forward_run NO_FORWARD_RUN] [--resume RESUME]
                    [--train_dtype {float16,float32,float64}]
                    [--use_amp USE_AMP] [--log_interval LOG_INTERVAL]
                    [--use_matplotlib USE_MATPLOTLIB]
                    [--use_tensorboard USE_TENSORBOARD]
                    [--create_graph_in_tensorboard CREATE_GRAPH_IN_TENSORBOARD]
                    [--use_wandb USE_WANDB] [--wandb_project WANDB_PROJECT]
                    [--wandb_id WANDB_ID] [--wandb_entity WANDB_ENTITY]
                    [--wandb_name WANDB_NAME]
                    [--wandb_model_log_interval WANDB_MODEL_LOG_INTERVAL]
                    [--detect_anomaly DETECT_ANOMALY]
                    [--use_adapter USE_ADAPTER] [--adapter {lora,houlsby}]
                    [--save_strategy {all,adapter_only,required_grad_only}]
                    [--adapter_conf ADAPTER_CONF]
                    [--pretrain_path PRETRAIN_PATH]
                    [--init_param [INIT_PARAM ...]]
                    [--ignore_init_mismatch IGNORE_INIT_MISMATCH]
                    [--freeze_param [FREEZE_PARAM ...]]
                    [--num_iters_per_epoch NUM_ITERS_PER_EPOCH]
                    [--batch_size BATCH_SIZE]
                    [--valid_batch_size VALID_BATCH_SIZE]
                    [--batch_bins BATCH_BINS]
                    [--valid_batch_bins VALID_BATCH_BINS]
                    [--category_sample_size CATEGORY_SAMPLE_SIZE]
                    [--train_shape_file TRAIN_SHAPE_FILE]
                    [--valid_shape_file VALID_SHAPE_FILE]
                    [--batch_type {unsorted,sorted,folded,length,numel}]
                    [--valid_batch_type {unsorted,sorted,folded,length,numel,None}]
                    [--fold_length FOLD_LENGTH]
                    [--sort_in_batch {descending,ascending}]
                    [--shuffle_within_batch SHUFFLE_WITHIN_BATCH]
                    [--sort_batch {descending,ascending}]
                    [--multiple_iterator MULTIPLE_ITERATOR]
                    [--chunk_length CHUNK_LENGTH]
                    [--chunk_shift_ratio CHUNK_SHIFT_RATIO]
                    [--num_cache_chunks NUM_CACHE_CHUNKS]
                    [--chunk_excluded_key_prefixes CHUNK_EXCLUDED_KEY_PREFIXES [CHUNK_EXCLUDED_KEY_PREFIXES ...]]
                    [--chunk_default_fs CHUNK_DEFAULT_FS]
                    [--chunk_max_abs_length CHUNK_MAX_ABS_LENGTH]
                    [--chunk_discard_short_samples CHUNK_DISCARD_SHORT_SAMPLES]
                    [--train_data_path_and_name_and_type TRAIN_DATA_PATH_AND_NAME_AND_TYPE]
                    [--valid_data_path_and_name_and_type VALID_DATA_PATH_AND_NAME_AND_TYPE]
                    [--multi_task_dataset MULTI_TASK_DATASET]
                    [--allow_variable_data_keys ALLOW_VARIABLE_DATA_KEYS]
                    [--max_cache_size MAX_CACHE_SIZE]
                    [--max_cache_fd MAX_CACHE_FD]
                    [--allow_multi_rates ALLOW_MULTI_RATES]
                    [--valid_max_cache_size VALID_MAX_CACHE_SIZE]
                    [--exclude_weight_decay EXCLUDE_WEIGHT_DECAY]
                    [--exclude_weight_decay_conf EXCLUDE_WEIGHT_DECAY_CONF]
                    [--optim {adam,adamw,sgd,adadelta,adagrad,adamax,asgd,lbfgs,rmsprop,rprop,radam,accagd,adabound,adamod,diffgrad,lamb,novograd,pid,qhm,sgdw,yogi}]
                    [--optim_conf OPTIM_CONF]
                    [--scheduler {reducelronplateau,lambdalr,steplr,multisteplr,exponentiallr,cosineannealinglr,noamlr,warmuplr,piecewiselinearwarmuplr,warmupsteplr,warmupreducelronplateau,cycliclr,onecyclelr,cosineannealingwarmrestarts,cosineannealingwarmuprestarts,None}]
                    [--scheduler_conf SCHEDULER_CONF]
                    [--token_list TOKEN_LIST] [--odim ODIM]
                    [--model_conf MODEL_CONF]
                    [--use_preprocessor USE_PREPROCESSOR]
                    [--token_type {bpe,char,word,phn}] [--bpemodel BPEMODEL]
                    [--non_linguistic_symbols NON_LINGUISTIC_SYMBOLS]
                    [--cleaner {None,tacotron,jaconv,vietnamese,korean_cleaner}]
                    [--g2p {None,g2p_en,g2p_en_no_space,pyopenjtalk,pyopenjtalk_kana,pyopenjtalk_accent,pyopenjtalk_accent_with_pause,pyopenjtalk_prosody,pypinyin_g2p,pypinyin_g2p_phone,pypinyin_g2p_phone_without_prosody,espeak_ng_arabic,espeak_ng_german,espeak_ng_french,espeak_ng_spanish,espeak_ng_russian,espeak_ng_greek,espeak_ng_finnish,espeak_ng_hungarian,espeak_ng_dutch,espeak_ng_english_us_vits,espeak_ng_hindi,espeak_ng_italian,espeak_ng_ukrainian,espeak_ng_polish,g2pk,g2pk_no_space,g2pk_explicit_space,korean_jaso,korean_jaso_no_space,g2p_is}]
                    [--feats_extract {fbank,spectrogram,linear_spectrogram}]
                    [--feats_extract_conf FEATS_EXTRACT_CONF]
                    [--normalize {global_mvn,None}]
                    [--normalize_conf NORMALIZE_CONF]
                    [--tts {tacotron2,transformer,fastspeech,fastspeech2,prodiff,vits,joint_text2wav,jets}]
                    [--tts_conf TTS_CONF] [--pitch_extract {dio,None}]
                    [--pitch_extract_conf PITCH_EXTRACT_CONF]
                    [--pitch_normalize {global_mvn,None}]
                    [--pitch_normalize_conf PITCH_NORMALIZE_CONF]
                    [--energy_extract {energy,None}]
                    [--energy_extract_conf ENERGY_EXTRACT_CONF]
                    [--energy_normalize {global_mvn,None}]
                    [--energy_normalize_conf ENERGY_NORMALIZE_CONF]
tts_train.py: error: No such file: conf/train_d0_jets.yaml
Failed to import Flash Attention, using ESPnet default: No module named 'flash_attn'
# Accounting: time=525 threads=1
# Ended (code 2) at Wed Jun 25 02:10:52 JST 2025, elapsed time 525 seconds
# python3 -m espnet2.bin.tts_train --collect_stats true --write_collected_feats false --use_preprocessor true --token_type phn --token_list dump/token_list/phn_tacotron_g2p_en_no_space/tokens.txt --non_linguistic_symbols none --cleaner tacotron --g2p g2p_en_no_space --normalize none --pitch_normalize none --energy_normalize none --d0_normalize none --train_data_path_and_name_and_type dump/raw/tr_no_dev/text,text,text --train_data_path_and_name_and_type dump/raw/tr_no_dev/wav.scp,speech,sound --valid_data_path_and_name_and_type dump/raw/dev/text,text,text --valid_data_path_and_name_and_type dump/raw/dev/wav.scp,speech,sound --train_shape_file exp/tts_stats_raw_phn_tacotron_g2p_en_no_space/logdir/train.25.scp --valid_shape_file exp/tts_stats_raw_phn_tacotron_g2p_en_no_space/logdir/valid.25.scp --output_dir exp/tts_stats_raw_phn_tacotron_g2p_en_no_space/logdir/stats.25 --config conf/train_d0_jets.yaml --feats_extract fbank --feats_extract_conf n_fft=1024 --feats_extract_conf hop_length=256 --feats_extract_conf win_length=null --feats_extract_conf fs=22050 --feats_extract_conf fmin=80 --feats_extract_conf fmax=7600 --feats_extract_conf n_mels=80 --pitch_extract_conf fs=22050 --pitch_extract_conf n_fft=1024 --pitch_extract_conf hop_length=256 --pitch_extract_conf f0max=400 --pitch_extract_conf f0min=80 --energy_extract_conf fs=22050 --energy_extract_conf n_fft=1024 --energy_extract_conf hop_length=256 --energy_extract_conf win_length=null --d0_extract_conf fs=22050 --d0_extract_conf n_fft=1024 --d0_extract_conf hop_length=256 --d0_extract_conf win_length=null --d0_extract_conf fmin=80 --d0_extract_conf fmax=7600 --d0_extract_conf n_mels=80 
# Started at Wed Jun 25 02:02:06 JST 2025
#
/home/uesugi/.conda/envs/espnet/bin/python3 /home/uesugi/espnet/espnet/espnet2/bin/tts_train.py --collect_stats true --write_collected_feats false --use_preprocessor true --token_type phn --token_list dump/token_list/phn_tacotron_g2p_en_no_space/tokens.txt --non_linguistic_symbols none --cleaner tacotron --g2p g2p_en_no_space --normalize none --pitch_normalize none --energy_normalize none --d0_normalize none --train_data_path_and_name_and_type dump/raw/tr_no_dev/text,text,text --train_data_path_and_name_and_type dump/raw/tr_no_dev/wav.scp,speech,sound --valid_data_path_and_name_and_type dump/raw/dev/text,text,text --valid_data_path_and_name_and_type dump/raw/dev/wav.scp,speech,sound --train_shape_file exp/tts_stats_raw_phn_tacotron_g2p_en_no_space/logdir/train.25.scp --valid_shape_file exp/tts_stats_raw_phn_tacotron_g2p_en_no_space/logdir/valid.25.scp --output_dir exp/tts_stats_raw_phn_tacotron_g2p_en_no_space/logdir/stats.25 --config conf/train_d0_jets.yaml --feats_extract fbank --feats_extract_conf n_fft=1024 --feats_extract_conf hop_length=256 --feats_extract_conf win_length=null --feats_extract_conf fs=22050 --feats_extract_conf fmin=80 --feats_extract_conf fmax=7600 --feats_extract_conf n_mels=80 --pitch_extract_conf fs=22050 --pitch_extract_conf n_fft=1024 --pitch_extract_conf hop_length=256 --pitch_extract_conf f0max=400 --pitch_extract_conf f0min=80 --energy_extract_conf fs=22050 --energy_extract_conf n_fft=1024 --energy_extract_conf hop_length=256 --energy_extract_conf win_length=null --d0_extract_conf fs=22050 --d0_extract_conf n_fft=1024 --d0_extract_conf hop_length=256 --d0_extract_conf win_length=null --d0_extract_conf fmin=80 --d0_extract_conf fmax=7600 --d0_extract_conf n_mels=80
usage: tts_train.py [-h] [--config CONFIG] [--print_config]
                    [--log_level {ERROR,WARNING,INFO,DEBUG,NOTSET}]
                    [--drop_last_iter DROP_LAST_ITER] [--dry_run DRY_RUN]
                    [--iterator_type {sequence,category,chunk,task,none}]
                    [--valid_iterator_type {sequence,category,chunk,task,none}]
                    [--output_dir OUTPUT_DIR] [--ngpu NGPU] [--seed SEED]
                    [--num_workers NUM_WORKERS] [--num_att_plot NUM_ATT_PLOT]
                    [--dist_backend DIST_BACKEND]
                    [--dist_init_method DIST_INIT_METHOD]
                    [--dist_world_size DIST_WORLD_SIZE]
                    [--dist_rank DIST_RANK] [--local_rank LOCAL_RANK]
                    [--dist_master_addr DIST_MASTER_ADDR]
                    [--dist_master_port DIST_MASTER_PORT]
                    [--dist_launcher {slurm,mpi,None}]
                    [--multiprocessing_distributed MULTIPROCESSING_DISTRIBUTED]
                    [--unused_parameters UNUSED_PARAMETERS]
                    [--sharded_ddp SHARDED_DDP]
                    [--use_deepspeed USE_DEEPSPEED]
                    [--deepspeed_config DEEPSPEED_CONFIG]
                    [--gradient_as_bucket_view GRADIENT_AS_BUCKET_VIEW]
                    [--ddp_comm_hook {none,fp16_compress_hook,bf16_compress_hook}]
                    [--cudnn_enabled CUDNN_ENABLED]
                    [--cudnn_benchmark CUDNN_BENCHMARK]
                    [--cudnn_deterministic CUDNN_DETERMINISTIC]
                    [--use_tf32 USE_TF32] [--collect_stats COLLECT_STATS]
                    [--write_collected_feats WRITE_COLLECTED_FEATS]
                    [--max_epoch MAX_EPOCH] [--patience PATIENCE]
                    [--val_scheduler_criterion VAL_SCHEDULER_CRITERION VAL_SCHEDULER_CRITERION]
                    [--early_stopping_criterion EARLY_STOPPING_CRITERION EARLY_STOPPING_CRITERION EARLY_STOPPING_CRITERION]
                    [--best_model_criterion BEST_MODEL_CRITERION [BEST_MODEL_CRITERION ...]]
                    [--keep_nbest_models KEEP_NBEST_MODELS [KEEP_NBEST_MODELS ...]]
                    [--nbest_averaging_interval NBEST_AVERAGING_INTERVAL]
                    [--grad_clip GRAD_CLIP] [--grad_clip_type GRAD_CLIP_TYPE]
                    [--grad_noise GRAD_NOISE] [--accum_grad ACCUM_GRAD]
                    [--no_forward_run NO_FORWARD_RUN] [--resume RESUME]
                    [--train_dtype {float16,float32,float64}]
                    [--use_amp USE_AMP] [--log_interval LOG_INTERVAL]
                    [--use_matplotlib USE_MATPLOTLIB]
                    [--use_tensorboard USE_TENSORBOARD]
                    [--create_graph_in_tensorboard CREATE_GRAPH_IN_TENSORBOARD]
                    [--use_wandb USE_WANDB] [--wandb_project WANDB_PROJECT]
                    [--wandb_id WANDB_ID] [--wandb_entity WANDB_ENTITY]
                    [--wandb_name WANDB_NAME]
                    [--wandb_model_log_interval WANDB_MODEL_LOG_INTERVAL]
                    [--detect_anomaly DETECT_ANOMALY]
                    [--use_adapter USE_ADAPTER] [--adapter {lora,houlsby}]
                    [--save_strategy {all,adapter_only,required_grad_only}]
                    [--adapter_conf ADAPTER_CONF]
                    [--pretrain_path PRETRAIN_PATH]
                    [--init_param [INIT_PARAM ...]]
                    [--ignore_init_mismatch IGNORE_INIT_MISMATCH]
                    [--freeze_param [FREEZE_PARAM ...]]
                    [--num_iters_per_epoch NUM_ITERS_PER_EPOCH]
                    [--batch_size BATCH_SIZE]
                    [--valid_batch_size VALID_BATCH_SIZE]
                    [--batch_bins BATCH_BINS]
                    [--valid_batch_bins VALID_BATCH_BINS]
                    [--category_sample_size CATEGORY_SAMPLE_SIZE]
                    [--train_shape_file TRAIN_SHAPE_FILE]
                    [--valid_shape_file VALID_SHAPE_FILE]
                    [--batch_type {unsorted,sorted,folded,length,numel}]
                    [--valid_batch_type {unsorted,sorted,folded,length,numel,None}]
                    [--fold_length FOLD_LENGTH]
                    [--sort_in_batch {descending,ascending}]
                    [--shuffle_within_batch SHUFFLE_WITHIN_BATCH]
                    [--sort_batch {descending,ascending}]
                    [--multiple_iterator MULTIPLE_ITERATOR]
                    [--chunk_length CHUNK_LENGTH]
                    [--chunk_shift_ratio CHUNK_SHIFT_RATIO]
                    [--num_cache_chunks NUM_CACHE_CHUNKS]
                    [--chunk_excluded_key_prefixes CHUNK_EXCLUDED_KEY_PREFIXES [CHUNK_EXCLUDED_KEY_PREFIXES ...]]
                    [--chunk_default_fs CHUNK_DEFAULT_FS]
                    [--chunk_max_abs_length CHUNK_MAX_ABS_LENGTH]
                    [--chunk_discard_short_samples CHUNK_DISCARD_SHORT_SAMPLES]
                    [--train_data_path_and_name_and_type TRAIN_DATA_PATH_AND_NAME_AND_TYPE]
                    [--valid_data_path_and_name_and_type VALID_DATA_PATH_AND_NAME_AND_TYPE]
                    [--multi_task_dataset MULTI_TASK_DATASET]
                    [--allow_variable_data_keys ALLOW_VARIABLE_DATA_KEYS]
                    [--max_cache_size MAX_CACHE_SIZE]
                    [--max_cache_fd MAX_CACHE_FD]
                    [--allow_multi_rates ALLOW_MULTI_RATES]
                    [--valid_max_cache_size VALID_MAX_CACHE_SIZE]
                    [--exclude_weight_decay EXCLUDE_WEIGHT_DECAY]
                    [--exclude_weight_decay_conf EXCLUDE_WEIGHT_DECAY_CONF]
                    [--optim {adam,adamw,sgd,adadelta,adagrad,adamax,asgd,lbfgs,rmsprop,rprop,radam,accagd,adabound,adamod,diffgrad,lamb,novograd,pid,qhm,sgdw,yogi}]
                    [--optim_conf OPTIM_CONF]
                    [--scheduler {reducelronplateau,lambdalr,steplr,multisteplr,exponentiallr,cosineannealinglr,noamlr,warmuplr,piecewiselinearwarmuplr,warmupsteplr,warmupreducelronplateau,cycliclr,onecyclelr,cosineannealingwarmrestarts,cosineannealingwarmuprestarts,None}]
                    [--scheduler_conf SCHEDULER_CONF]
                    [--token_list TOKEN_LIST] [--odim ODIM]
                    [--model_conf MODEL_CONF]
                    [--use_preprocessor USE_PREPROCESSOR]
                    [--token_type {bpe,char,word,phn}] [--bpemodel BPEMODEL]
                    [--non_linguistic_symbols NON_LINGUISTIC_SYMBOLS]
                    [--cleaner {None,tacotron,jaconv,vietnamese,korean_cleaner}]
                    [--g2p {None,g2p_en,g2p_en_no_space,pyopenjtalk,pyopenjtalk_kana,pyopenjtalk_accent,pyopenjtalk_accent_with_pause,pyopenjtalk_prosody,pypinyin_g2p,pypinyin_g2p_phone,pypinyin_g2p_phone_without_prosody,espeak_ng_arabic,espeak_ng_german,espeak_ng_french,espeak_ng_spanish,espeak_ng_russian,espeak_ng_greek,espeak_ng_finnish,espeak_ng_hungarian,espeak_ng_dutch,espeak_ng_english_us_vits,espeak_ng_hindi,espeak_ng_italian,espeak_ng_ukrainian,espeak_ng_polish,g2pk,g2pk_no_space,g2pk_explicit_space,korean_jaso,korean_jaso_no_space,g2p_is}]
                    [--feats_extract {fbank,spectrogram,linear_spectrogram}]
                    [--feats_extract_conf FEATS_EXTRACT_CONF]
                    [--normalize {global_mvn,None}]
                    [--normalize_conf NORMALIZE_CONF]
                    [--tts {tacotron2,transformer,fastspeech,fastspeech2,prodiff,vits,joint_text2wav,jets}]
                    [--tts_conf TTS_CONF] [--pitch_extract {dio,None}]
                    [--pitch_extract_conf PITCH_EXTRACT_CONF]
                    [--pitch_normalize {global_mvn,None}]
                    [--pitch_normalize_conf PITCH_NORMALIZE_CONF]
                    [--energy_extract {energy,None}]
                    [--energy_extract_conf ENERGY_EXTRACT_CONF]
                    [--energy_normalize {global_mvn,None}]
                    [--energy_normalize_conf ENERGY_NORMALIZE_CONF]
tts_train.py: error: No such file: conf/train_d0_jets.yaml
Failed to import Flash Attention, using ESPnet default: No module named 'flash_attn'
# Accounting: time=526 threads=1
# Ended (code 2) at Wed Jun 25 02:10:52 JST 2025, elapsed time 526 seconds
# python3 -m espnet2.bin.tts_train --collect_stats true --write_collected_feats false --use_preprocessor true --token_type phn --token_list dump/token_list/phn_tacotron_g2p_en_no_space/tokens.txt --non_linguistic_symbols none --cleaner tacotron --g2p g2p_en_no_space --normalize none --pitch_normalize none --energy_normalize none --d0_normalize none --train_data_path_and_name_and_type dump/raw/tr_no_dev/text,text,text --train_data_path_and_name_and_type dump/raw/tr_no_dev/wav.scp,speech,sound --valid_data_path_and_name_and_type dump/raw/dev/text,text,text --valid_data_path_and_name_and_type dump/raw/dev/wav.scp,speech,sound --train_shape_file exp/tts_stats_raw_phn_tacotron_g2p_en_no_space/logdir/train.26.scp --valid_shape_file exp/tts_stats_raw_phn_tacotron_g2p_en_no_space/logdir/valid.26.scp --output_dir exp/tts_stats_raw_phn_tacotron_g2p_en_no_space/logdir/stats.26 --config conf/train_d0_jets.yaml --feats_extract fbank --feats_extract_conf n_fft=1024 --feats_extract_conf hop_length=256 --feats_extract_conf win_length=null --feats_extract_conf fs=22050 --feats_extract_conf fmin=80 --feats_extract_conf fmax=7600 --feats_extract_conf n_mels=80 --pitch_extract_conf fs=22050 --pitch_extract_conf n_fft=1024 --pitch_extract_conf hop_length=256 --pitch_extract_conf f0max=400 --pitch_extract_conf f0min=80 --energy_extract_conf fs=22050 --energy_extract_conf n_fft=1024 --energy_extract_conf hop_length=256 --energy_extract_conf win_length=null --d0_extract_conf fs=22050 --d0_extract_conf n_fft=1024 --d0_extract_conf hop_length=256 --d0_extract_conf win_length=null --d0_extract_conf fmin=80 --d0_extract_conf fmax=7600 --d0_extract_conf n_mels=80 
# Started at Wed Jun 25 02:02:07 JST 2025
#
/home/uesugi/.conda/envs/espnet/bin/python3 /home/uesugi/espnet/espnet/espnet2/bin/tts_train.py --collect_stats true --write_collected_feats false --use_preprocessor true --token_type phn --token_list dump/token_list/phn_tacotron_g2p_en_no_space/tokens.txt --non_linguistic_symbols none --cleaner tacotron --g2p g2p_en_no_space --normalize none --pitch_normalize none --energy_normalize none --d0_normalize none --train_data_path_and_name_and_type dump/raw/tr_no_dev/text,text,text --train_data_path_and_name_and_type dump/raw/tr_no_dev/wav.scp,speech,sound --valid_data_path_and_name_and_type dump/raw/dev/text,text,text --valid_data_path_and_name_and_type dump/raw/dev/wav.scp,speech,sound --train_shape_file exp/tts_stats_raw_phn_tacotron_g2p_en_no_space/logdir/train.26.scp --valid_shape_file exp/tts_stats_raw_phn_tacotron_g2p_en_no_space/logdir/valid.26.scp --output_dir exp/tts_stats_raw_phn_tacotron_g2p_en_no_space/logdir/stats.26 --config conf/train_d0_jets.yaml --feats_extract fbank --feats_extract_conf n_fft=1024 --feats_extract_conf hop_length=256 --feats_extract_conf win_length=null --feats_extract_conf fs=22050 --feats_extract_conf fmin=80 --feats_extract_conf fmax=7600 --feats_extract_conf n_mels=80 --pitch_extract_conf fs=22050 --pitch_extract_conf n_fft=1024 --pitch_extract_conf hop_length=256 --pitch_extract_conf f0max=400 --pitch_extract_conf f0min=80 --energy_extract_conf fs=22050 --energy_extract_conf n_fft=1024 --energy_extract_conf hop_length=256 --energy_extract_conf win_length=null --d0_extract_conf fs=22050 --d0_extract_conf n_fft=1024 --d0_extract_conf hop_length=256 --d0_extract_conf win_length=null --d0_extract_conf fmin=80 --d0_extract_conf fmax=7600 --d0_extract_conf n_mels=80
usage: tts_train.py [-h] [--config CONFIG] [--print_config]
                    [--log_level {ERROR,WARNING,INFO,DEBUG,NOTSET}]
                    [--drop_last_iter DROP_LAST_ITER] [--dry_run DRY_RUN]
                    [--iterator_type {sequence,category,chunk,task,none}]
                    [--valid_iterator_type {sequence,category,chunk,task,none}]
                    [--output_dir OUTPUT_DIR] [--ngpu NGPU] [--seed SEED]
                    [--num_workers NUM_WORKERS] [--num_att_plot NUM_ATT_PLOT]
                    [--dist_backend DIST_BACKEND]
                    [--dist_init_method DIST_INIT_METHOD]
                    [--dist_world_size DIST_WORLD_SIZE]
                    [--dist_rank DIST_RANK] [--local_rank LOCAL_RANK]
                    [--dist_master_addr DIST_MASTER_ADDR]
                    [--dist_master_port DIST_MASTER_PORT]
                    [--dist_launcher {slurm,mpi,None}]
                    [--multiprocessing_distributed MULTIPROCESSING_DISTRIBUTED]
                    [--unused_parameters UNUSED_PARAMETERS]
                    [--sharded_ddp SHARDED_DDP]
                    [--use_deepspeed USE_DEEPSPEED]
                    [--deepspeed_config DEEPSPEED_CONFIG]
                    [--gradient_as_bucket_view GRADIENT_AS_BUCKET_VIEW]
                    [--ddp_comm_hook {none,fp16_compress_hook,bf16_compress_hook}]
                    [--cudnn_enabled CUDNN_ENABLED]
                    [--cudnn_benchmark CUDNN_BENCHMARK]
                    [--cudnn_deterministic CUDNN_DETERMINISTIC]
                    [--use_tf32 USE_TF32] [--collect_stats COLLECT_STATS]
                    [--write_collected_feats WRITE_COLLECTED_FEATS]
                    [--max_epoch MAX_EPOCH] [--patience PATIENCE]
                    [--val_scheduler_criterion VAL_SCHEDULER_CRITERION VAL_SCHEDULER_CRITERION]
                    [--early_stopping_criterion EARLY_STOPPING_CRITERION EARLY_STOPPING_CRITERION EARLY_STOPPING_CRITERION]
                    [--best_model_criterion BEST_MODEL_CRITERION [BEST_MODEL_CRITERION ...]]
                    [--keep_nbest_models KEEP_NBEST_MODELS [KEEP_NBEST_MODELS ...]]
                    [--nbest_averaging_interval NBEST_AVERAGING_INTERVAL]
                    [--grad_clip GRAD_CLIP] [--grad_clip_type GRAD_CLIP_TYPE]
                    [--grad_noise GRAD_NOISE] [--accum_grad ACCUM_GRAD]
                    [--no_forward_run NO_FORWARD_RUN] [--resume RESUME]
                    [--train_dtype {float16,float32,float64}]
                    [--use_amp USE_AMP] [--log_interval LOG_INTERVAL]
                    [--use_matplotlib USE_MATPLOTLIB]
                    [--use_tensorboard USE_TENSORBOARD]
                    [--create_graph_in_tensorboard CREATE_GRAPH_IN_TENSORBOARD]
                    [--use_wandb USE_WANDB] [--wandb_project WANDB_PROJECT]
                    [--wandb_id WANDB_ID] [--wandb_entity WANDB_ENTITY]
                    [--wandb_name WANDB_NAME]
                    [--wandb_model_log_interval WANDB_MODEL_LOG_INTERVAL]
                    [--detect_anomaly DETECT_ANOMALY]
                    [--use_adapter USE_ADAPTER] [--adapter {lora,houlsby}]
                    [--save_strategy {all,adapter_only,required_grad_only}]
                    [--adapter_conf ADAPTER_CONF]
                    [--pretrain_path PRETRAIN_PATH]
                    [--init_param [INIT_PARAM ...]]
                    [--ignore_init_mismatch IGNORE_INIT_MISMATCH]
                    [--freeze_param [FREEZE_PARAM ...]]
                    [--num_iters_per_epoch NUM_ITERS_PER_EPOCH]
                    [--batch_size BATCH_SIZE]
                    [--valid_batch_size VALID_BATCH_SIZE]
                    [--batch_bins BATCH_BINS]
                    [--valid_batch_bins VALID_BATCH_BINS]
                    [--category_sample_size CATEGORY_SAMPLE_SIZE]
                    [--train_shape_file TRAIN_SHAPE_FILE]
                    [--valid_shape_file VALID_SHAPE_FILE]
                    [--batch_type {unsorted,sorted,folded,length,numel}]
                    [--valid_batch_type {unsorted,sorted,folded,length,numel,None}]
                    [--fold_length FOLD_LENGTH]
                    [--sort_in_batch {descending,ascending}]
                    [--shuffle_within_batch SHUFFLE_WITHIN_BATCH]
                    [--sort_batch {descending,ascending}]
                    [--multiple_iterator MULTIPLE_ITERATOR]
                    [--chunk_length CHUNK_LENGTH]
                    [--chunk_shift_ratio CHUNK_SHIFT_RATIO]
                    [--num_cache_chunks NUM_CACHE_CHUNKS]
                    [--chunk_excluded_key_prefixes CHUNK_EXCLUDED_KEY_PREFIXES [CHUNK_EXCLUDED_KEY_PREFIXES ...]]
                    [--chunk_default_fs CHUNK_DEFAULT_FS]
                    [--chunk_max_abs_length CHUNK_MAX_ABS_LENGTH]
                    [--chunk_discard_short_samples CHUNK_DISCARD_SHORT_SAMPLES]
                    [--train_data_path_and_name_and_type TRAIN_DATA_PATH_AND_NAME_AND_TYPE]
                    [--valid_data_path_and_name_and_type VALID_DATA_PATH_AND_NAME_AND_TYPE]
                    [--multi_task_dataset MULTI_TASK_DATASET]
                    [--allow_variable_data_keys ALLOW_VARIABLE_DATA_KEYS]
                    [--max_cache_size MAX_CACHE_SIZE]
                    [--max_cache_fd MAX_CACHE_FD]
                    [--allow_multi_rates ALLOW_MULTI_RATES]
                    [--valid_max_cache_size VALID_MAX_CACHE_SIZE]
                    [--exclude_weight_decay EXCLUDE_WEIGHT_DECAY]
                    [--exclude_weight_decay_conf EXCLUDE_WEIGHT_DECAY_CONF]
                    [--optim {adam,adamw,sgd,adadelta,adagrad,adamax,asgd,lbfgs,rmsprop,rprop,radam,accagd,adabound,adamod,diffgrad,lamb,novograd,pid,qhm,sgdw,yogi}]
                    [--optim_conf OPTIM_CONF]
                    [--scheduler {reducelronplateau,lambdalr,steplr,multisteplr,exponentiallr,cosineannealinglr,noamlr,warmuplr,piecewiselinearwarmuplr,warmupsteplr,warmupreducelronplateau,cycliclr,onecyclelr,cosineannealingwarmrestarts,cosineannealingwarmuprestarts,None}]
                    [--scheduler_conf SCHEDULER_CONF]
                    [--token_list TOKEN_LIST] [--odim ODIM]
                    [--model_conf MODEL_CONF]
                    [--use_preprocessor USE_PREPROCESSOR]
                    [--token_type {bpe,char,word,phn}] [--bpemodel BPEMODEL]
                    [--non_linguistic_symbols NON_LINGUISTIC_SYMBOLS]
                    [--cleaner {None,tacotron,jaconv,vietnamese,korean_cleaner}]
                    [--g2p {None,g2p_en,g2p_en_no_space,pyopenjtalk,pyopenjtalk_kana,pyopenjtalk_accent,pyopenjtalk_accent_with_pause,pyopenjtalk_prosody,pypinyin_g2p,pypinyin_g2p_phone,pypinyin_g2p_phone_without_prosody,espeak_ng_arabic,espeak_ng_german,espeak_ng_french,espeak_ng_spanish,espeak_ng_russian,espeak_ng_greek,espeak_ng_finnish,espeak_ng_hungarian,espeak_ng_dutch,espeak_ng_english_us_vits,espeak_ng_hindi,espeak_ng_italian,espeak_ng_ukrainian,espeak_ng_polish,g2pk,g2pk_no_space,g2pk_explicit_space,korean_jaso,korean_jaso_no_space,g2p_is}]
                    [--feats_extract {fbank,spectrogram,linear_spectrogram}]
                    [--feats_extract_conf FEATS_EXTRACT_CONF]
                    [--normalize {global_mvn,None}]
                    [--normalize_conf NORMALIZE_CONF]
                    [--tts {tacotron2,transformer,fastspeech,fastspeech2,prodiff,vits,joint_text2wav,jets}]
                    [--tts_conf TTS_CONF] [--pitch_extract {dio,None}]
                    [--pitch_extract_conf PITCH_EXTRACT_CONF]
                    [--pitch_normalize {global_mvn,None}]
                    [--pitch_normalize_conf PITCH_NORMALIZE_CONF]
                    [--energy_extract {energy,None}]
                    [--energy_extract_conf ENERGY_EXTRACT_CONF]
                    [--energy_normalize {global_mvn,None}]
                    [--energy_normalize_conf ENERGY_NORMALIZE_CONF]
tts_train.py: error: No such file: conf/train_d0_jets.yaml
Failed to import Flash Attention, using ESPnet default: No module named 'flash_attn'
# Accounting: time=525 threads=1
# Ended (code 2) at Wed Jun 25 02:10:52 JST 2025, elapsed time 525 seconds
# python3 -m espnet2.bin.tts_train --collect_stats true --write_collected_feats false --use_preprocessor true --token_type phn --token_list dump/token_list/phn_tacotron_g2p_en_no_space/tokens.txt --non_linguistic_symbols none --cleaner tacotron --g2p g2p_en_no_space --normalize none --pitch_normalize none --energy_normalize none --d0_normalize none --train_data_path_and_name_and_type dump/raw/tr_no_dev/text,text,text --train_data_path_and_name_and_type dump/raw/tr_no_dev/wav.scp,speech,sound --valid_data_path_and_name_and_type dump/raw/dev/text,text,text --valid_data_path_and_name_and_type dump/raw/dev/wav.scp,speech,sound --train_shape_file exp/tts_stats_raw_phn_tacotron_g2p_en_no_space/logdir/train.27.scp --valid_shape_file exp/tts_stats_raw_phn_tacotron_g2p_en_no_space/logdir/valid.27.scp --output_dir exp/tts_stats_raw_phn_tacotron_g2p_en_no_space/logdir/stats.27 --config conf/train_d0_jets.yaml --feats_extract fbank --feats_extract_conf n_fft=1024 --feats_extract_conf hop_length=256 --feats_extract_conf win_length=null --feats_extract_conf fs=22050 --feats_extract_conf fmin=80 --feats_extract_conf fmax=7600 --feats_extract_conf n_mels=80 --pitch_extract_conf fs=22050 --pitch_extract_conf n_fft=1024 --pitch_extract_conf hop_length=256 --pitch_extract_conf f0max=400 --pitch_extract_conf f0min=80 --energy_extract_conf fs=22050 --energy_extract_conf n_fft=1024 --energy_extract_conf hop_length=256 --energy_extract_conf win_length=null --d0_extract_conf fs=22050 --d0_extract_conf n_fft=1024 --d0_extract_conf hop_length=256 --d0_extract_conf win_length=null --d0_extract_conf fmin=80 --d0_extract_conf fmax=7600 --d0_extract_conf n_mels=80 
# Started at Wed Jun 25 02:02:06 JST 2025
#
/home/uesugi/.conda/envs/espnet/bin/python3 /home/uesugi/espnet/espnet/espnet2/bin/tts_train.py --collect_stats true --write_collected_feats false --use_preprocessor true --token_type phn --token_list dump/token_list/phn_tacotron_g2p_en_no_space/tokens.txt --non_linguistic_symbols none --cleaner tacotron --g2p g2p_en_no_space --normalize none --pitch_normalize none --energy_normalize none --d0_normalize none --train_data_path_and_name_and_type dump/raw/tr_no_dev/text,text,text --train_data_path_and_name_and_type dump/raw/tr_no_dev/wav.scp,speech,sound --valid_data_path_and_name_and_type dump/raw/dev/text,text,text --valid_data_path_and_name_and_type dump/raw/dev/wav.scp,speech,sound --train_shape_file exp/tts_stats_raw_phn_tacotron_g2p_en_no_space/logdir/train.27.scp --valid_shape_file exp/tts_stats_raw_phn_tacotron_g2p_en_no_space/logdir/valid.27.scp --output_dir exp/tts_stats_raw_phn_tacotron_g2p_en_no_space/logdir/stats.27 --config conf/train_d0_jets.yaml --feats_extract fbank --feats_extract_conf n_fft=1024 --feats_extract_conf hop_length=256 --feats_extract_conf win_length=null --feats_extract_conf fs=22050 --feats_extract_conf fmin=80 --feats_extract_conf fmax=7600 --feats_extract_conf n_mels=80 --pitch_extract_conf fs=22050 --pitch_extract_conf n_fft=1024 --pitch_extract_conf hop_length=256 --pitch_extract_conf f0max=400 --pitch_extract_conf f0min=80 --energy_extract_conf fs=22050 --energy_extract_conf n_fft=1024 --energy_extract_conf hop_length=256 --energy_extract_conf win_length=null --d0_extract_conf fs=22050 --d0_extract_conf n_fft=1024 --d0_extract_conf hop_length=256 --d0_extract_conf win_length=null --d0_extract_conf fmin=80 --d0_extract_conf fmax=7600 --d0_extract_conf n_mels=80
usage: tts_train.py [-h] [--config CONFIG] [--print_config]
                    [--log_level {ERROR,WARNING,INFO,DEBUG,NOTSET}]
                    [--drop_last_iter DROP_LAST_ITER] [--dry_run DRY_RUN]
                    [--iterator_type {sequence,category,chunk,task,none}]
                    [--valid_iterator_type {sequence,category,chunk,task,none}]
                    [--output_dir OUTPUT_DIR] [--ngpu NGPU] [--seed SEED]
                    [--num_workers NUM_WORKERS] [--num_att_plot NUM_ATT_PLOT]
                    [--dist_backend DIST_BACKEND]
                    [--dist_init_method DIST_INIT_METHOD]
                    [--dist_world_size DIST_WORLD_SIZE]
                    [--dist_rank DIST_RANK] [--local_rank LOCAL_RANK]
                    [--dist_master_addr DIST_MASTER_ADDR]
                    [--dist_master_port DIST_MASTER_PORT]
                    [--dist_launcher {slurm,mpi,None}]
                    [--multiprocessing_distributed MULTIPROCESSING_DISTRIBUTED]
                    [--unused_parameters UNUSED_PARAMETERS]
                    [--sharded_ddp SHARDED_DDP]
                    [--use_deepspeed USE_DEEPSPEED]
                    [--deepspeed_config DEEPSPEED_CONFIG]
                    [--gradient_as_bucket_view GRADIENT_AS_BUCKET_VIEW]
                    [--ddp_comm_hook {none,fp16_compress_hook,bf16_compress_hook}]
                    [--cudnn_enabled CUDNN_ENABLED]
                    [--cudnn_benchmark CUDNN_BENCHMARK]
                    [--cudnn_deterministic CUDNN_DETERMINISTIC]
                    [--use_tf32 USE_TF32] [--collect_stats COLLECT_STATS]
                    [--write_collected_feats WRITE_COLLECTED_FEATS]
                    [--max_epoch MAX_EPOCH] [--patience PATIENCE]
                    [--val_scheduler_criterion VAL_SCHEDULER_CRITERION VAL_SCHEDULER_CRITERION]
                    [--early_stopping_criterion EARLY_STOPPING_CRITERION EARLY_STOPPING_CRITERION EARLY_STOPPING_CRITERION]
                    [--best_model_criterion BEST_MODEL_CRITERION [BEST_MODEL_CRITERION ...]]
                    [--keep_nbest_models KEEP_NBEST_MODELS [KEEP_NBEST_MODELS ...]]
                    [--nbest_averaging_interval NBEST_AVERAGING_INTERVAL]
                    [--grad_clip GRAD_CLIP] [--grad_clip_type GRAD_CLIP_TYPE]
                    [--grad_noise GRAD_NOISE] [--accum_grad ACCUM_GRAD]
                    [--no_forward_run NO_FORWARD_RUN] [--resume RESUME]
                    [--train_dtype {float16,float32,float64}]
                    [--use_amp USE_AMP] [--log_interval LOG_INTERVAL]
                    [--use_matplotlib USE_MATPLOTLIB]
                    [--use_tensorboard USE_TENSORBOARD]
                    [--create_graph_in_tensorboard CREATE_GRAPH_IN_TENSORBOARD]
                    [--use_wandb USE_WANDB] [--wandb_project WANDB_PROJECT]
                    [--wandb_id WANDB_ID] [--wandb_entity WANDB_ENTITY]
                    [--wandb_name WANDB_NAME]
                    [--wandb_model_log_interval WANDB_MODEL_LOG_INTERVAL]
                    [--detect_anomaly DETECT_ANOMALY]
                    [--use_adapter USE_ADAPTER] [--adapter {lora,houlsby}]
                    [--save_strategy {all,adapter_only,required_grad_only}]
                    [--adapter_conf ADAPTER_CONF]
                    [--pretrain_path PRETRAIN_PATH]
                    [--init_param [INIT_PARAM ...]]
                    [--ignore_init_mismatch IGNORE_INIT_MISMATCH]
                    [--freeze_param [FREEZE_PARAM ...]]
                    [--num_iters_per_epoch NUM_ITERS_PER_EPOCH]
                    [--batch_size BATCH_SIZE]
                    [--valid_batch_size VALID_BATCH_SIZE]
                    [--batch_bins BATCH_BINS]
                    [--valid_batch_bins VALID_BATCH_BINS]
                    [--category_sample_size CATEGORY_SAMPLE_SIZE]
                    [--train_shape_file TRAIN_SHAPE_FILE]
                    [--valid_shape_file VALID_SHAPE_FILE]
                    [--batch_type {unsorted,sorted,folded,length,numel}]
                    [--valid_batch_type {unsorted,sorted,folded,length,numel,None}]
                    [--fold_length FOLD_LENGTH]
                    [--sort_in_batch {descending,ascending}]
                    [--shuffle_within_batch SHUFFLE_WITHIN_BATCH]
                    [--sort_batch {descending,ascending}]
                    [--multiple_iterator MULTIPLE_ITERATOR]
                    [--chunk_length CHUNK_LENGTH]
                    [--chunk_shift_ratio CHUNK_SHIFT_RATIO]
                    [--num_cache_chunks NUM_CACHE_CHUNKS]
                    [--chunk_excluded_key_prefixes CHUNK_EXCLUDED_KEY_PREFIXES [CHUNK_EXCLUDED_KEY_PREFIXES ...]]
                    [--chunk_default_fs CHUNK_DEFAULT_FS]
                    [--chunk_max_abs_length CHUNK_MAX_ABS_LENGTH]
                    [--chunk_discard_short_samples CHUNK_DISCARD_SHORT_SAMPLES]
                    [--train_data_path_and_name_and_type TRAIN_DATA_PATH_AND_NAME_AND_TYPE]
                    [--valid_data_path_and_name_and_type VALID_DATA_PATH_AND_NAME_AND_TYPE]
                    [--multi_task_dataset MULTI_TASK_DATASET]
                    [--allow_variable_data_keys ALLOW_VARIABLE_DATA_KEYS]
                    [--max_cache_size MAX_CACHE_SIZE]
                    [--max_cache_fd MAX_CACHE_FD]
                    [--allow_multi_rates ALLOW_MULTI_RATES]
                    [--valid_max_cache_size VALID_MAX_CACHE_SIZE]
                    [--exclude_weight_decay EXCLUDE_WEIGHT_DECAY]
                    [--exclude_weight_decay_conf EXCLUDE_WEIGHT_DECAY_CONF]
                    [--optim {adam,adamw,sgd,adadelta,adagrad,adamax,asgd,lbfgs,rmsprop,rprop,radam,accagd,adabound,adamod,diffgrad,lamb,novograd,pid,qhm,sgdw,yogi}]
                    [--optim_conf OPTIM_CONF]
                    [--scheduler {reducelronplateau,lambdalr,steplr,multisteplr,exponentiallr,cosineannealinglr,noamlr,warmuplr,piecewiselinearwarmuplr,warmupsteplr,warmupreducelronplateau,cycliclr,onecyclelr,cosineannealingwarmrestarts,cosineannealingwarmuprestarts,None}]
                    [--scheduler_conf SCHEDULER_CONF]
                    [--token_list TOKEN_LIST] [--odim ODIM]
                    [--model_conf MODEL_CONF]
                    [--use_preprocessor USE_PREPROCESSOR]
                    [--token_type {bpe,char,word,phn}] [--bpemodel BPEMODEL]
                    [--non_linguistic_symbols NON_LINGUISTIC_SYMBOLS]
                    [--cleaner {None,tacotron,jaconv,vietnamese,korean_cleaner}]
                    [--g2p {None,g2p_en,g2p_en_no_space,pyopenjtalk,pyopenjtalk_kana,pyopenjtalk_accent,pyopenjtalk_accent_with_pause,pyopenjtalk_prosody,pypinyin_g2p,pypinyin_g2p_phone,pypinyin_g2p_phone_without_prosody,espeak_ng_arabic,espeak_ng_german,espeak_ng_french,espeak_ng_spanish,espeak_ng_russian,espeak_ng_greek,espeak_ng_finnish,espeak_ng_hungarian,espeak_ng_dutch,espeak_ng_english_us_vits,espeak_ng_hindi,espeak_ng_italian,espeak_ng_ukrainian,espeak_ng_polish,g2pk,g2pk_no_space,g2pk_explicit_space,korean_jaso,korean_jaso_no_space,g2p_is}]
                    [--feats_extract {fbank,spectrogram,linear_spectrogram}]
                    [--feats_extract_conf FEATS_EXTRACT_CONF]
                    [--normalize {global_mvn,None}]
                    [--normalize_conf NORMALIZE_CONF]
                    [--tts {tacotron2,transformer,fastspeech,fastspeech2,prodiff,vits,joint_text2wav,jets}]
                    [--tts_conf TTS_CONF] [--pitch_extract {dio,None}]
                    [--pitch_extract_conf PITCH_EXTRACT_CONF]
                    [--pitch_normalize {global_mvn,None}]
                    [--pitch_normalize_conf PITCH_NORMALIZE_CONF]
                    [--energy_extract {energy,None}]
                    [--energy_extract_conf ENERGY_EXTRACT_CONF]
                    [--energy_normalize {global_mvn,None}]
                    [--energy_normalize_conf ENERGY_NORMALIZE_CONF]
tts_train.py: error: No such file: conf/train_d0_jets.yaml
Failed to import Flash Attention, using ESPnet default: No module named 'flash_attn'
# Accounting: time=525 threads=1
# Ended (code 2) at Wed Jun 25 02:10:52 JST 2025, elapsed time 525 seconds
# python3 -m espnet2.bin.tts_train --collect_stats true --write_collected_feats false --use_preprocessor true --token_type phn --token_list dump/token_list/phn_tacotron_g2p_en_no_space/tokens.txt --non_linguistic_symbols none --cleaner tacotron --g2p g2p_en_no_space --normalize none --pitch_normalize none --energy_normalize none --d0_normalize none --train_data_path_and_name_and_type dump/raw/tr_no_dev/text,text,text --train_data_path_and_name_and_type dump/raw/tr_no_dev/wav.scp,speech,sound --valid_data_path_and_name_and_type dump/raw/dev/text,text,text --valid_data_path_and_name_and_type dump/raw/dev/wav.scp,speech,sound --train_shape_file exp/tts_stats_raw_phn_tacotron_g2p_en_no_space/logdir/train.28.scp --valid_shape_file exp/tts_stats_raw_phn_tacotron_g2p_en_no_space/logdir/valid.28.scp --output_dir exp/tts_stats_raw_phn_tacotron_g2p_en_no_space/logdir/stats.28 --config conf/train_d0_jets.yaml --feats_extract fbank --feats_extract_conf n_fft=1024 --feats_extract_conf hop_length=256 --feats_extract_conf win_length=null --feats_extract_conf fs=22050 --feats_extract_conf fmin=80 --feats_extract_conf fmax=7600 --feats_extract_conf n_mels=80 --pitch_extract_conf fs=22050 --pitch_extract_conf n_fft=1024 --pitch_extract_conf hop_length=256 --pitch_extract_conf f0max=400 --pitch_extract_conf f0min=80 --energy_extract_conf fs=22050 --energy_extract_conf n_fft=1024 --energy_extract_conf hop_length=256 --energy_extract_conf win_length=null --d0_extract_conf fs=22050 --d0_extract_conf n_fft=1024 --d0_extract_conf hop_length=256 --d0_extract_conf win_length=null --d0_extract_conf fmin=80 --d0_extract_conf fmax=7600 --d0_extract_conf n_mels=80 
# Started at Wed Jun 25 02:02:07 JST 2025
#
/home/uesugi/.conda/envs/espnet/bin/python3 /home/uesugi/espnet/espnet/espnet2/bin/tts_train.py --collect_stats true --write_collected_feats false --use_preprocessor true --token_type phn --token_list dump/token_list/phn_tacotron_g2p_en_no_space/tokens.txt --non_linguistic_symbols none --cleaner tacotron --g2p g2p_en_no_space --normalize none --pitch_normalize none --energy_normalize none --d0_normalize none --train_data_path_and_name_and_type dump/raw/tr_no_dev/text,text,text --train_data_path_and_name_and_type dump/raw/tr_no_dev/wav.scp,speech,sound --valid_data_path_and_name_and_type dump/raw/dev/text,text,text --valid_data_path_and_name_and_type dump/raw/dev/wav.scp,speech,sound --train_shape_file exp/tts_stats_raw_phn_tacotron_g2p_en_no_space/logdir/train.28.scp --valid_shape_file exp/tts_stats_raw_phn_tacotron_g2p_en_no_space/logdir/valid.28.scp --output_dir exp/tts_stats_raw_phn_tacotron_g2p_en_no_space/logdir/stats.28 --config conf/train_d0_jets.yaml --feats_extract fbank --feats_extract_conf n_fft=1024 --feats_extract_conf hop_length=256 --feats_extract_conf win_length=null --feats_extract_conf fs=22050 --feats_extract_conf fmin=80 --feats_extract_conf fmax=7600 --feats_extract_conf n_mels=80 --pitch_extract_conf fs=22050 --pitch_extract_conf n_fft=1024 --pitch_extract_conf hop_length=256 --pitch_extract_conf f0max=400 --pitch_extract_conf f0min=80 --energy_extract_conf fs=22050 --energy_extract_conf n_fft=1024 --energy_extract_conf hop_length=256 --energy_extract_conf win_length=null --d0_extract_conf fs=22050 --d0_extract_conf n_fft=1024 --d0_extract_conf hop_length=256 --d0_extract_conf win_length=null --d0_extract_conf fmin=80 --d0_extract_conf fmax=7600 --d0_extract_conf n_mels=80
usage: tts_train.py [-h] [--config CONFIG] [--print_config]
                    [--log_level {ERROR,WARNING,INFO,DEBUG,NOTSET}]
                    [--drop_last_iter DROP_LAST_ITER] [--dry_run DRY_RUN]
                    [--iterator_type {sequence,category,chunk,task,none}]
                    [--valid_iterator_type {sequence,category,chunk,task,none}]
                    [--output_dir OUTPUT_DIR] [--ngpu NGPU] [--seed SEED]
                    [--num_workers NUM_WORKERS] [--num_att_plot NUM_ATT_PLOT]
                    [--dist_backend DIST_BACKEND]
                    [--dist_init_method DIST_INIT_METHOD]
                    [--dist_world_size DIST_WORLD_SIZE]
                    [--dist_rank DIST_RANK] [--local_rank LOCAL_RANK]
                    [--dist_master_addr DIST_MASTER_ADDR]
                    [--dist_master_port DIST_MASTER_PORT]
                    [--dist_launcher {slurm,mpi,None}]
                    [--multiprocessing_distributed MULTIPROCESSING_DISTRIBUTED]
                    [--unused_parameters UNUSED_PARAMETERS]
                    [--sharded_ddp SHARDED_DDP]
                    [--use_deepspeed USE_DEEPSPEED]
                    [--deepspeed_config DEEPSPEED_CONFIG]
                    [--gradient_as_bucket_view GRADIENT_AS_BUCKET_VIEW]
                    [--ddp_comm_hook {none,fp16_compress_hook,bf16_compress_hook}]
                    [--cudnn_enabled CUDNN_ENABLED]
                    [--cudnn_benchmark CUDNN_BENCHMARK]
                    [--cudnn_deterministic CUDNN_DETERMINISTIC]
                    [--use_tf32 USE_TF32] [--collect_stats COLLECT_STATS]
                    [--write_collected_feats WRITE_COLLECTED_FEATS]
                    [--max_epoch MAX_EPOCH] [--patience PATIENCE]
                    [--val_scheduler_criterion VAL_SCHEDULER_CRITERION VAL_SCHEDULER_CRITERION]
                    [--early_stopping_criterion EARLY_STOPPING_CRITERION EARLY_STOPPING_CRITERION EARLY_STOPPING_CRITERION]
                    [--best_model_criterion BEST_MODEL_CRITERION [BEST_MODEL_CRITERION ...]]
                    [--keep_nbest_models KEEP_NBEST_MODELS [KEEP_NBEST_MODELS ...]]
                    [--nbest_averaging_interval NBEST_AVERAGING_INTERVAL]
                    [--grad_clip GRAD_CLIP] [--grad_clip_type GRAD_CLIP_TYPE]
                    [--grad_noise GRAD_NOISE] [--accum_grad ACCUM_GRAD]
                    [--no_forward_run NO_FORWARD_RUN] [--resume RESUME]
                    [--train_dtype {float16,float32,float64}]
                    [--use_amp USE_AMP] [--log_interval LOG_INTERVAL]
                    [--use_matplotlib USE_MATPLOTLIB]
                    [--use_tensorboard USE_TENSORBOARD]
                    [--create_graph_in_tensorboard CREATE_GRAPH_IN_TENSORBOARD]
                    [--use_wandb USE_WANDB] [--wandb_project WANDB_PROJECT]
                    [--wandb_id WANDB_ID] [--wandb_entity WANDB_ENTITY]
                    [--wandb_name WANDB_NAME]
                    [--wandb_model_log_interval WANDB_MODEL_LOG_INTERVAL]
                    [--detect_anomaly DETECT_ANOMALY]
                    [--use_adapter USE_ADAPTER] [--adapter {lora,houlsby}]
                    [--save_strategy {all,adapter_only,required_grad_only}]
                    [--adapter_conf ADAPTER_CONF]
                    [--pretrain_path PRETRAIN_PATH]
                    [--init_param [INIT_PARAM ...]]
                    [--ignore_init_mismatch IGNORE_INIT_MISMATCH]
                    [--freeze_param [FREEZE_PARAM ...]]
                    [--num_iters_per_epoch NUM_ITERS_PER_EPOCH]
                    [--batch_size BATCH_SIZE]
                    [--valid_batch_size VALID_BATCH_SIZE]
                    [--batch_bins BATCH_BINS]
                    [--valid_batch_bins VALID_BATCH_BINS]
                    [--category_sample_size CATEGORY_SAMPLE_SIZE]
                    [--train_shape_file TRAIN_SHAPE_FILE]
                    [--valid_shape_file VALID_SHAPE_FILE]
                    [--batch_type {unsorted,sorted,folded,length,numel}]
                    [--valid_batch_type {unsorted,sorted,folded,length,numel,None}]
                    [--fold_length FOLD_LENGTH]
                    [--sort_in_batch {descending,ascending}]
                    [--shuffle_within_batch SHUFFLE_WITHIN_BATCH]
                    [--sort_batch {descending,ascending}]
                    [--multiple_iterator MULTIPLE_ITERATOR]
                    [--chunk_length CHUNK_LENGTH]
                    [--chunk_shift_ratio CHUNK_SHIFT_RATIO]
                    [--num_cache_chunks NUM_CACHE_CHUNKS]
                    [--chunk_excluded_key_prefixes CHUNK_EXCLUDED_KEY_PREFIXES [CHUNK_EXCLUDED_KEY_PREFIXES ...]]
                    [--chunk_default_fs CHUNK_DEFAULT_FS]
                    [--chunk_max_abs_length CHUNK_MAX_ABS_LENGTH]
                    [--chunk_discard_short_samples CHUNK_DISCARD_SHORT_SAMPLES]
                    [--train_data_path_and_name_and_type TRAIN_DATA_PATH_AND_NAME_AND_TYPE]
                    [--valid_data_path_and_name_and_type VALID_DATA_PATH_AND_NAME_AND_TYPE]
                    [--multi_task_dataset MULTI_TASK_DATASET]
                    [--allow_variable_data_keys ALLOW_VARIABLE_DATA_KEYS]
                    [--max_cache_size MAX_CACHE_SIZE]
                    [--max_cache_fd MAX_CACHE_FD]
                    [--allow_multi_rates ALLOW_MULTI_RATES]
                    [--valid_max_cache_size VALID_MAX_CACHE_SIZE]
                    [--exclude_weight_decay EXCLUDE_WEIGHT_DECAY]
                    [--exclude_weight_decay_conf EXCLUDE_WEIGHT_DECAY_CONF]
                    [--optim {adam,adamw,sgd,adadelta,adagrad,adamax,asgd,lbfgs,rmsprop,rprop,radam,accagd,adabound,adamod,diffgrad,lamb,novograd,pid,qhm,sgdw,yogi}]
                    [--optim_conf OPTIM_CONF]
                    [--scheduler {reducelronplateau,lambdalr,steplr,multisteplr,exponentiallr,cosineannealinglr,noamlr,warmuplr,piecewiselinearwarmuplr,warmupsteplr,warmupreducelronplateau,cycliclr,onecyclelr,cosineannealingwarmrestarts,cosineannealingwarmuprestarts,None}]
                    [--scheduler_conf SCHEDULER_CONF]
                    [--token_list TOKEN_LIST] [--odim ODIM]
                    [--model_conf MODEL_CONF]
                    [--use_preprocessor USE_PREPROCESSOR]
                    [--token_type {bpe,char,word,phn}] [--bpemodel BPEMODEL]
                    [--non_linguistic_symbols NON_LINGUISTIC_SYMBOLS]
                    [--cleaner {None,tacotron,jaconv,vietnamese,korean_cleaner}]
                    [--g2p {None,g2p_en,g2p_en_no_space,pyopenjtalk,pyopenjtalk_kana,pyopenjtalk_accent,pyopenjtalk_accent_with_pause,pyopenjtalk_prosody,pypinyin_g2p,pypinyin_g2p_phone,pypinyin_g2p_phone_without_prosody,espeak_ng_arabic,espeak_ng_german,espeak_ng_french,espeak_ng_spanish,espeak_ng_russian,espeak_ng_greek,espeak_ng_finnish,espeak_ng_hungarian,espeak_ng_dutch,espeak_ng_english_us_vits,espeak_ng_hindi,espeak_ng_italian,espeak_ng_ukrainian,espeak_ng_polish,g2pk,g2pk_no_space,g2pk_explicit_space,korean_jaso,korean_jaso_no_space,g2p_is}]
                    [--feats_extract {fbank,spectrogram,linear_spectrogram}]
                    [--feats_extract_conf FEATS_EXTRACT_CONF]
                    [--normalize {global_mvn,None}]
                    [--normalize_conf NORMALIZE_CONF]
                    [--tts {tacotron2,transformer,fastspeech,fastspeech2,prodiff,vits,joint_text2wav,jets}]
                    [--tts_conf TTS_CONF] [--pitch_extract {dio,None}]
                    [--pitch_extract_conf PITCH_EXTRACT_CONF]
                    [--pitch_normalize {global_mvn,None}]
                    [--pitch_normalize_conf PITCH_NORMALIZE_CONF]
                    [--energy_extract {energy,None}]
                    [--energy_extract_conf ENERGY_EXTRACT_CONF]
                    [--energy_normalize {global_mvn,None}]
                    [--energy_normalize_conf ENERGY_NORMALIZE_CONF]
tts_train.py: error: No such file: conf/train_d0_jets.yaml
Failed to import Flash Attention, using ESPnet default: No module named 'flash_attn'
# Accounting: time=525 threads=1
# Ended (code 2) at Wed Jun 25 02:10:52 JST 2025, elapsed time 525 seconds
# python3 -m espnet2.bin.tts_train --collect_stats true --write_collected_feats false --use_preprocessor true --token_type phn --token_list dump/token_list/phn_tacotron_g2p_en_no_space/tokens.txt --non_linguistic_symbols none --cleaner tacotron --g2p g2p_en_no_space --normalize none --pitch_normalize none --energy_normalize none --d0_normalize none --train_data_path_and_name_and_type dump/raw/tr_no_dev/text,text,text --train_data_path_and_name_and_type dump/raw/tr_no_dev/wav.scp,speech,sound --valid_data_path_and_name_and_type dump/raw/dev/text,text,text --valid_data_path_and_name_and_type dump/raw/dev/wav.scp,speech,sound --train_shape_file exp/tts_stats_raw_phn_tacotron_g2p_en_no_space/logdir/train.29.scp --valid_shape_file exp/tts_stats_raw_phn_tacotron_g2p_en_no_space/logdir/valid.29.scp --output_dir exp/tts_stats_raw_phn_tacotron_g2p_en_no_space/logdir/stats.29 --config conf/train_d0_jets.yaml --feats_extract fbank --feats_extract_conf n_fft=1024 --feats_extract_conf hop_length=256 --feats_extract_conf win_length=null --feats_extract_conf fs=22050 --feats_extract_conf fmin=80 --feats_extract_conf fmax=7600 --feats_extract_conf n_mels=80 --pitch_extract_conf fs=22050 --pitch_extract_conf n_fft=1024 --pitch_extract_conf hop_length=256 --pitch_extract_conf f0max=400 --pitch_extract_conf f0min=80 --energy_extract_conf fs=22050 --energy_extract_conf n_fft=1024 --energy_extract_conf hop_length=256 --energy_extract_conf win_length=null --d0_extract_conf fs=22050 --d0_extract_conf n_fft=1024 --d0_extract_conf hop_length=256 --d0_extract_conf win_length=null --d0_extract_conf fmin=80 --d0_extract_conf fmax=7600 --d0_extract_conf n_mels=80 
# Started at Wed Jun 25 02:02:06 JST 2025
#
/home/uesugi/.conda/envs/espnet/bin/python3 /home/uesugi/espnet/espnet/espnet2/bin/tts_train.py --collect_stats true --write_collected_feats false --use_preprocessor true --token_type phn --token_list dump/token_list/phn_tacotron_g2p_en_no_space/tokens.txt --non_linguistic_symbols none --cleaner tacotron --g2p g2p_en_no_space --normalize none --pitch_normalize none --energy_normalize none --d0_normalize none --train_data_path_and_name_and_type dump/raw/tr_no_dev/text,text,text --train_data_path_and_name_and_type dump/raw/tr_no_dev/wav.scp,speech,sound --valid_data_path_and_name_and_type dump/raw/dev/text,text,text --valid_data_path_and_name_and_type dump/raw/dev/wav.scp,speech,sound --train_shape_file exp/tts_stats_raw_phn_tacotron_g2p_en_no_space/logdir/train.29.scp --valid_shape_file exp/tts_stats_raw_phn_tacotron_g2p_en_no_space/logdir/valid.29.scp --output_dir exp/tts_stats_raw_phn_tacotron_g2p_en_no_space/logdir/stats.29 --config conf/train_d0_jets.yaml --feats_extract fbank --feats_extract_conf n_fft=1024 --feats_extract_conf hop_length=256 --feats_extract_conf win_length=null --feats_extract_conf fs=22050 --feats_extract_conf fmin=80 --feats_extract_conf fmax=7600 --feats_extract_conf n_mels=80 --pitch_extract_conf fs=22050 --pitch_extract_conf n_fft=1024 --pitch_extract_conf hop_length=256 --pitch_extract_conf f0max=400 --pitch_extract_conf f0min=80 --energy_extract_conf fs=22050 --energy_extract_conf n_fft=1024 --energy_extract_conf hop_length=256 --energy_extract_conf win_length=null --d0_extract_conf fs=22050 --d0_extract_conf n_fft=1024 --d0_extract_conf hop_length=256 --d0_extract_conf win_length=null --d0_extract_conf fmin=80 --d0_extract_conf fmax=7600 --d0_extract_conf n_mels=80
usage: tts_train.py [-h] [--config CONFIG] [--print_config]
                    [--log_level {ERROR,WARNING,INFO,DEBUG,NOTSET}]
                    [--drop_last_iter DROP_LAST_ITER] [--dry_run DRY_RUN]
                    [--iterator_type {sequence,category,chunk,task,none}]
                    [--valid_iterator_type {sequence,category,chunk,task,none}]
                    [--output_dir OUTPUT_DIR] [--ngpu NGPU] [--seed SEED]
                    [--num_workers NUM_WORKERS] [--num_att_plot NUM_ATT_PLOT]
                    [--dist_backend DIST_BACKEND]
                    [--dist_init_method DIST_INIT_METHOD]
                    [--dist_world_size DIST_WORLD_SIZE]
                    [--dist_rank DIST_RANK] [--local_rank LOCAL_RANK]
                    [--dist_master_addr DIST_MASTER_ADDR]
                    [--dist_master_port DIST_MASTER_PORT]
                    [--dist_launcher {slurm,mpi,None}]
                    [--multiprocessing_distributed MULTIPROCESSING_DISTRIBUTED]
                    [--unused_parameters UNUSED_PARAMETERS]
                    [--sharded_ddp SHARDED_DDP]
                    [--use_deepspeed USE_DEEPSPEED]
                    [--deepspeed_config DEEPSPEED_CONFIG]
                    [--gradient_as_bucket_view GRADIENT_AS_BUCKET_VIEW]
                    [--ddp_comm_hook {none,fp16_compress_hook,bf16_compress_hook}]
                    [--cudnn_enabled CUDNN_ENABLED]
                    [--cudnn_benchmark CUDNN_BENCHMARK]
                    [--cudnn_deterministic CUDNN_DETERMINISTIC]
                    [--use_tf32 USE_TF32] [--collect_stats COLLECT_STATS]
                    [--write_collected_feats WRITE_COLLECTED_FEATS]
                    [--max_epoch MAX_EPOCH] [--patience PATIENCE]
                    [--val_scheduler_criterion VAL_SCHEDULER_CRITERION VAL_SCHEDULER_CRITERION]
                    [--early_stopping_criterion EARLY_STOPPING_CRITERION EARLY_STOPPING_CRITERION EARLY_STOPPING_CRITERION]
                    [--best_model_criterion BEST_MODEL_CRITERION [BEST_MODEL_CRITERION ...]]
                    [--keep_nbest_models KEEP_NBEST_MODELS [KEEP_NBEST_MODELS ...]]
                    [--nbest_averaging_interval NBEST_AVERAGING_INTERVAL]
                    [--grad_clip GRAD_CLIP] [--grad_clip_type GRAD_CLIP_TYPE]
                    [--grad_noise GRAD_NOISE] [--accum_grad ACCUM_GRAD]
                    [--no_forward_run NO_FORWARD_RUN] [--resume RESUME]
                    [--train_dtype {float16,float32,float64}]
                    [--use_amp USE_AMP] [--log_interval LOG_INTERVAL]
                    [--use_matplotlib USE_MATPLOTLIB]
                    [--use_tensorboard USE_TENSORBOARD]
                    [--create_graph_in_tensorboard CREATE_GRAPH_IN_TENSORBOARD]
                    [--use_wandb USE_WANDB] [--wandb_project WANDB_PROJECT]
                    [--wandb_id WANDB_ID] [--wandb_entity WANDB_ENTITY]
                    [--wandb_name WANDB_NAME]
                    [--wandb_model_log_interval WANDB_MODEL_LOG_INTERVAL]
                    [--detect_anomaly DETECT_ANOMALY]
                    [--use_adapter USE_ADAPTER] [--adapter {lora,houlsby}]
                    [--save_strategy {all,adapter_only,required_grad_only}]
                    [--adapter_conf ADAPTER_CONF]
                    [--pretrain_path PRETRAIN_PATH]
                    [--init_param [INIT_PARAM ...]]
                    [--ignore_init_mismatch IGNORE_INIT_MISMATCH]
                    [--freeze_param [FREEZE_PARAM ...]]
                    [--num_iters_per_epoch NUM_ITERS_PER_EPOCH]
                    [--batch_size BATCH_SIZE]
                    [--valid_batch_size VALID_BATCH_SIZE]
                    [--batch_bins BATCH_BINS]
                    [--valid_batch_bins VALID_BATCH_BINS]
                    [--category_sample_size CATEGORY_SAMPLE_SIZE]
                    [--train_shape_file TRAIN_SHAPE_FILE]
                    [--valid_shape_file VALID_SHAPE_FILE]
                    [--batch_type {unsorted,sorted,folded,length,numel}]
                    [--valid_batch_type {unsorted,sorted,folded,length,numel,None}]
                    [--fold_length FOLD_LENGTH]
                    [--sort_in_batch {descending,ascending}]
                    [--shuffle_within_batch SHUFFLE_WITHIN_BATCH]
                    [--sort_batch {descending,ascending}]
                    [--multiple_iterator MULTIPLE_ITERATOR]
                    [--chunk_length CHUNK_LENGTH]
                    [--chunk_shift_ratio CHUNK_SHIFT_RATIO]
                    [--num_cache_chunks NUM_CACHE_CHUNKS]
                    [--chunk_excluded_key_prefixes CHUNK_EXCLUDED_KEY_PREFIXES [CHUNK_EXCLUDED_KEY_PREFIXES ...]]
                    [--chunk_default_fs CHUNK_DEFAULT_FS]
                    [--chunk_max_abs_length CHUNK_MAX_ABS_LENGTH]
                    [--chunk_discard_short_samples CHUNK_DISCARD_SHORT_SAMPLES]
                    [--train_data_path_and_name_and_type TRAIN_DATA_PATH_AND_NAME_AND_TYPE]
                    [--valid_data_path_and_name_and_type VALID_DATA_PATH_AND_NAME_AND_TYPE]
                    [--multi_task_dataset MULTI_TASK_DATASET]
                    [--allow_variable_data_keys ALLOW_VARIABLE_DATA_KEYS]
                    [--max_cache_size MAX_CACHE_SIZE]
                    [--max_cache_fd MAX_CACHE_FD]
                    [--allow_multi_rates ALLOW_MULTI_RATES]
                    [--valid_max_cache_size VALID_MAX_CACHE_SIZE]
                    [--exclude_weight_decay EXCLUDE_WEIGHT_DECAY]
                    [--exclude_weight_decay_conf EXCLUDE_WEIGHT_DECAY_CONF]
                    [--optim {adam,adamw,sgd,adadelta,adagrad,adamax,asgd,lbfgs,rmsprop,rprop,radam,accagd,adabound,adamod,diffgrad,lamb,novograd,pid,qhm,sgdw,yogi}]
                    [--optim_conf OPTIM_CONF]
                    [--scheduler {reducelronplateau,lambdalr,steplr,multisteplr,exponentiallr,cosineannealinglr,noamlr,warmuplr,piecewiselinearwarmuplr,warmupsteplr,warmupreducelronplateau,cycliclr,onecyclelr,cosineannealingwarmrestarts,cosineannealingwarmuprestarts,None}]
                    [--scheduler_conf SCHEDULER_CONF]
                    [--token_list TOKEN_LIST] [--odim ODIM]
                    [--model_conf MODEL_CONF]
                    [--use_preprocessor USE_PREPROCESSOR]
                    [--token_type {bpe,char,word,phn}] [--bpemodel BPEMODEL]
                    [--non_linguistic_symbols NON_LINGUISTIC_SYMBOLS]
                    [--cleaner {None,tacotron,jaconv,vietnamese,korean_cleaner}]
                    [--g2p {None,g2p_en,g2p_en_no_space,pyopenjtalk,pyopenjtalk_kana,pyopenjtalk_accent,pyopenjtalk_accent_with_pause,pyopenjtalk_prosody,pypinyin_g2p,pypinyin_g2p_phone,pypinyin_g2p_phone_without_prosody,espeak_ng_arabic,espeak_ng_german,espeak_ng_french,espeak_ng_spanish,espeak_ng_russian,espeak_ng_greek,espeak_ng_finnish,espeak_ng_hungarian,espeak_ng_dutch,espeak_ng_english_us_vits,espeak_ng_hindi,espeak_ng_italian,espeak_ng_ukrainian,espeak_ng_polish,g2pk,g2pk_no_space,g2pk_explicit_space,korean_jaso,korean_jaso_no_space,g2p_is}]
                    [--feats_extract {fbank,spectrogram,linear_spectrogram}]
                    [--feats_extract_conf FEATS_EXTRACT_CONF]
                    [--normalize {global_mvn,None}]
                    [--normalize_conf NORMALIZE_CONF]
                    [--tts {tacotron2,transformer,fastspeech,fastspeech2,prodiff,vits,joint_text2wav,jets}]
                    [--tts_conf TTS_CONF] [--pitch_extract {dio,None}]
                    [--pitch_extract_conf PITCH_EXTRACT_CONF]
                    [--pitch_normalize {global_mvn,None}]
                    [--pitch_normalize_conf PITCH_NORMALIZE_CONF]
                    [--energy_extract {energy,None}]
                    [--energy_extract_conf ENERGY_EXTRACT_CONF]
                    [--energy_normalize {global_mvn,None}]
                    [--energy_normalize_conf ENERGY_NORMALIZE_CONF]
tts_train.py: error: No such file: conf/train_d0_jets.yaml
Failed to import Flash Attention, using ESPnet default: No module named 'flash_attn'
# Accounting: time=526 threads=1
# Ended (code 2) at Wed Jun 25 02:10:52 JST 2025, elapsed time 526 seconds
# python3 -m espnet2.bin.tts_train --collect_stats true --write_collected_feats false --use_preprocessor true --token_type phn --token_list dump/token_list/phn_tacotron_g2p_en_no_space/tokens.txt --non_linguistic_symbols none --cleaner tacotron --g2p g2p_en_no_space --normalize none --pitch_normalize none --energy_normalize none --d0_normalize none --train_data_path_and_name_and_type dump/raw/tr_no_dev/text,text,text --train_data_path_and_name_and_type dump/raw/tr_no_dev/wav.scp,speech,sound --valid_data_path_and_name_and_type dump/raw/dev/text,text,text --valid_data_path_and_name_and_type dump/raw/dev/wav.scp,speech,sound --train_shape_file exp/tts_stats_raw_phn_tacotron_g2p_en_no_space/logdir/train.3.scp --valid_shape_file exp/tts_stats_raw_phn_tacotron_g2p_en_no_space/logdir/valid.3.scp --output_dir exp/tts_stats_raw_phn_tacotron_g2p_en_no_space/logdir/stats.3 --config conf/train_d0_jets.yaml --feats_extract fbank --feats_extract_conf n_fft=1024 --feats_extract_conf hop_length=256 --feats_extract_conf win_length=null --feats_extract_conf fs=22050 --feats_extract_conf fmin=80 --feats_extract_conf fmax=7600 --feats_extract_conf n_mels=80 --pitch_extract_conf fs=22050 --pitch_extract_conf n_fft=1024 --pitch_extract_conf hop_length=256 --pitch_extract_conf f0max=400 --pitch_extract_conf f0min=80 --energy_extract_conf fs=22050 --energy_extract_conf n_fft=1024 --energy_extract_conf hop_length=256 --energy_extract_conf win_length=null --d0_extract_conf fs=22050 --d0_extract_conf n_fft=1024 --d0_extract_conf hop_length=256 --d0_extract_conf win_length=null --d0_extract_conf fmin=80 --d0_extract_conf fmax=7600 --d0_extract_conf n_mels=80 
# Started at Wed Jun 25 02:02:06 JST 2025
#
/home/uesugi/.conda/envs/espnet/bin/python3 /home/uesugi/espnet/espnet/espnet2/bin/tts_train.py --collect_stats true --write_collected_feats false --use_preprocessor true --token_type phn --token_list dump/token_list/phn_tacotron_g2p_en_no_space/tokens.txt --non_linguistic_symbols none --cleaner tacotron --g2p g2p_en_no_space --normalize none --pitch_normalize none --energy_normalize none --d0_normalize none --train_data_path_and_name_and_type dump/raw/tr_no_dev/text,text,text --train_data_path_and_name_and_type dump/raw/tr_no_dev/wav.scp,speech,sound --valid_data_path_and_name_and_type dump/raw/dev/text,text,text --valid_data_path_and_name_and_type dump/raw/dev/wav.scp,speech,sound --train_shape_file exp/tts_stats_raw_phn_tacotron_g2p_en_no_space/logdir/train.3.scp --valid_shape_file exp/tts_stats_raw_phn_tacotron_g2p_en_no_space/logdir/valid.3.scp --output_dir exp/tts_stats_raw_phn_tacotron_g2p_en_no_space/logdir/stats.3 --config conf/train_d0_jets.yaml --feats_extract fbank --feats_extract_conf n_fft=1024 --feats_extract_conf hop_length=256 --feats_extract_conf win_length=null --feats_extract_conf fs=22050 --feats_extract_conf fmin=80 --feats_extract_conf fmax=7600 --feats_extract_conf n_mels=80 --pitch_extract_conf fs=22050 --pitch_extract_conf n_fft=1024 --pitch_extract_conf hop_length=256 --pitch_extract_conf f0max=400 --pitch_extract_conf f0min=80 --energy_extract_conf fs=22050 --energy_extract_conf n_fft=1024 --energy_extract_conf hop_length=256 --energy_extract_conf win_length=null --d0_extract_conf fs=22050 --d0_extract_conf n_fft=1024 --d0_extract_conf hop_length=256 --d0_extract_conf win_length=null --d0_extract_conf fmin=80 --d0_extract_conf fmax=7600 --d0_extract_conf n_mels=80
usage: tts_train.py [-h] [--config CONFIG] [--print_config]
                    [--log_level {ERROR,WARNING,INFO,DEBUG,NOTSET}]
                    [--drop_last_iter DROP_LAST_ITER] [--dry_run DRY_RUN]
                    [--iterator_type {sequence,category,chunk,task,none}]
                    [--valid_iterator_type {sequence,category,chunk,task,none}]
                    [--output_dir OUTPUT_DIR] [--ngpu NGPU] [--seed SEED]
                    [--num_workers NUM_WORKERS] [--num_att_plot NUM_ATT_PLOT]
                    [--dist_backend DIST_BACKEND]
                    [--dist_init_method DIST_INIT_METHOD]
                    [--dist_world_size DIST_WORLD_SIZE]
                    [--dist_rank DIST_RANK] [--local_rank LOCAL_RANK]
                    [--dist_master_addr DIST_MASTER_ADDR]
                    [--dist_master_port DIST_MASTER_PORT]
                    [--dist_launcher {slurm,mpi,None}]
                    [--multiprocessing_distributed MULTIPROCESSING_DISTRIBUTED]
                    [--unused_parameters UNUSED_PARAMETERS]
                    [--sharded_ddp SHARDED_DDP]
                    [--use_deepspeed USE_DEEPSPEED]
                    [--deepspeed_config DEEPSPEED_CONFIG]
                    [--gradient_as_bucket_view GRADIENT_AS_BUCKET_VIEW]
                    [--ddp_comm_hook {none,fp16_compress_hook,bf16_compress_hook}]
                    [--cudnn_enabled CUDNN_ENABLED]
                    [--cudnn_benchmark CUDNN_BENCHMARK]
                    [--cudnn_deterministic CUDNN_DETERMINISTIC]
                    [--use_tf32 USE_TF32] [--collect_stats COLLECT_STATS]
                    [--write_collected_feats WRITE_COLLECTED_FEATS]
                    [--max_epoch MAX_EPOCH] [--patience PATIENCE]
                    [--val_scheduler_criterion VAL_SCHEDULER_CRITERION VAL_SCHEDULER_CRITERION]
                    [--early_stopping_criterion EARLY_STOPPING_CRITERION EARLY_STOPPING_CRITERION EARLY_STOPPING_CRITERION]
                    [--best_model_criterion BEST_MODEL_CRITERION [BEST_MODEL_CRITERION ...]]
                    [--keep_nbest_models KEEP_NBEST_MODELS [KEEP_NBEST_MODELS ...]]
                    [--nbest_averaging_interval NBEST_AVERAGING_INTERVAL]
                    [--grad_clip GRAD_CLIP] [--grad_clip_type GRAD_CLIP_TYPE]
                    [--grad_noise GRAD_NOISE] [--accum_grad ACCUM_GRAD]
                    [--no_forward_run NO_FORWARD_RUN] [--resume RESUME]
                    [--train_dtype {float16,float32,float64}]
                    [--use_amp USE_AMP] [--log_interval LOG_INTERVAL]
                    [--use_matplotlib USE_MATPLOTLIB]
                    [--use_tensorboard USE_TENSORBOARD]
                    [--create_graph_in_tensorboard CREATE_GRAPH_IN_TENSORBOARD]
                    [--use_wandb USE_WANDB] [--wandb_project WANDB_PROJECT]
                    [--wandb_id WANDB_ID] [--wandb_entity WANDB_ENTITY]
                    [--wandb_name WANDB_NAME]
                    [--wandb_model_log_interval WANDB_MODEL_LOG_INTERVAL]
                    [--detect_anomaly DETECT_ANOMALY]
                    [--use_adapter USE_ADAPTER] [--adapter {lora,houlsby}]
                    [--save_strategy {all,adapter_only,required_grad_only}]
                    [--adapter_conf ADAPTER_CONF]
                    [--pretrain_path PRETRAIN_PATH]
                    [--init_param [INIT_PARAM ...]]
                    [--ignore_init_mismatch IGNORE_INIT_MISMATCH]
                    [--freeze_param [FREEZE_PARAM ...]]
                    [--num_iters_per_epoch NUM_ITERS_PER_EPOCH]
                    [--batch_size BATCH_SIZE]
                    [--valid_batch_size VALID_BATCH_SIZE]
                    [--batch_bins BATCH_BINS]
                    [--valid_batch_bins VALID_BATCH_BINS]
                    [--category_sample_size CATEGORY_SAMPLE_SIZE]
                    [--train_shape_file TRAIN_SHAPE_FILE]
                    [--valid_shape_file VALID_SHAPE_FILE]
                    [--batch_type {unsorted,sorted,folded,length,numel}]
                    [--valid_batch_type {unsorted,sorted,folded,length,numel,None}]
                    [--fold_length FOLD_LENGTH]
                    [--sort_in_batch {descending,ascending}]
                    [--shuffle_within_batch SHUFFLE_WITHIN_BATCH]
                    [--sort_batch {descending,ascending}]
                    [--multiple_iterator MULTIPLE_ITERATOR]
                    [--chunk_length CHUNK_LENGTH]
                    [--chunk_shift_ratio CHUNK_SHIFT_RATIO]
                    [--num_cache_chunks NUM_CACHE_CHUNKS]
                    [--chunk_excluded_key_prefixes CHUNK_EXCLUDED_KEY_PREFIXES [CHUNK_EXCLUDED_KEY_PREFIXES ...]]
                    [--chunk_default_fs CHUNK_DEFAULT_FS]
                    [--chunk_max_abs_length CHUNK_MAX_ABS_LENGTH]
                    [--chunk_discard_short_samples CHUNK_DISCARD_SHORT_SAMPLES]
                    [--train_data_path_and_name_and_type TRAIN_DATA_PATH_AND_NAME_AND_TYPE]
                    [--valid_data_path_and_name_and_type VALID_DATA_PATH_AND_NAME_AND_TYPE]
                    [--multi_task_dataset MULTI_TASK_DATASET]
                    [--allow_variable_data_keys ALLOW_VARIABLE_DATA_KEYS]
                    [--max_cache_size MAX_CACHE_SIZE]
                    [--max_cache_fd MAX_CACHE_FD]
                    [--allow_multi_rates ALLOW_MULTI_RATES]
                    [--valid_max_cache_size VALID_MAX_CACHE_SIZE]
                    [--exclude_weight_decay EXCLUDE_WEIGHT_DECAY]
                    [--exclude_weight_decay_conf EXCLUDE_WEIGHT_DECAY_CONF]
                    [--optim {adam,adamw,sgd,adadelta,adagrad,adamax,asgd,lbfgs,rmsprop,rprop,radam,accagd,adabound,adamod,diffgrad,lamb,novograd,pid,qhm,sgdw,yogi}]
                    [--optim_conf OPTIM_CONF]
                    [--scheduler {reducelronplateau,lambdalr,steplr,multisteplr,exponentiallr,cosineannealinglr,noamlr,warmuplr,piecewiselinearwarmuplr,warmupsteplr,warmupreducelronplateau,cycliclr,onecyclelr,cosineannealingwarmrestarts,cosineannealingwarmuprestarts,None}]
                    [--scheduler_conf SCHEDULER_CONF]
                    [--token_list TOKEN_LIST] [--odim ODIM]
                    [--model_conf MODEL_CONF]
                    [--use_preprocessor USE_PREPROCESSOR]
                    [--token_type {bpe,char,word,phn}] [--bpemodel BPEMODEL]
                    [--non_linguistic_symbols NON_LINGUISTIC_SYMBOLS]
                    [--cleaner {None,tacotron,jaconv,vietnamese,korean_cleaner}]
                    [--g2p {None,g2p_en,g2p_en_no_space,pyopenjtalk,pyopenjtalk_kana,pyopenjtalk_accent,pyopenjtalk_accent_with_pause,pyopenjtalk_prosody,pypinyin_g2p,pypinyin_g2p_phone,pypinyin_g2p_phone_without_prosody,espeak_ng_arabic,espeak_ng_german,espeak_ng_french,espeak_ng_spanish,espeak_ng_russian,espeak_ng_greek,espeak_ng_finnish,espeak_ng_hungarian,espeak_ng_dutch,espeak_ng_english_us_vits,espeak_ng_hindi,espeak_ng_italian,espeak_ng_ukrainian,espeak_ng_polish,g2pk,g2pk_no_space,g2pk_explicit_space,korean_jaso,korean_jaso_no_space,g2p_is}]
                    [--feats_extract {fbank,spectrogram,linear_spectrogram}]
                    [--feats_extract_conf FEATS_EXTRACT_CONF]
                    [--normalize {global_mvn,None}]
                    [--normalize_conf NORMALIZE_CONF]
                    [--tts {tacotron2,transformer,fastspeech,fastspeech2,prodiff,vits,joint_text2wav,jets}]
                    [--tts_conf TTS_CONF] [--pitch_extract {dio,None}]
                    [--pitch_extract_conf PITCH_EXTRACT_CONF]
                    [--pitch_normalize {global_mvn,None}]
                    [--pitch_normalize_conf PITCH_NORMALIZE_CONF]
                    [--energy_extract {energy,None}]
                    [--energy_extract_conf ENERGY_EXTRACT_CONF]
                    [--energy_normalize {global_mvn,None}]
                    [--energy_normalize_conf ENERGY_NORMALIZE_CONF]
tts_train.py: error: No such file: conf/train_d0_jets.yaml
Failed to import Flash Attention, using ESPnet default: No module named 'flash_attn'
# Accounting: time=526 threads=1
# Ended (code 2) at Wed Jun 25 02:10:52 JST 2025, elapsed time 526 seconds
# python3 -m espnet2.bin.tts_train --collect_stats true --write_collected_feats false --use_preprocessor true --token_type phn --token_list dump/token_list/phn_tacotron_g2p_en_no_space/tokens.txt --non_linguistic_symbols none --cleaner tacotron --g2p g2p_en_no_space --normalize none --pitch_normalize none --energy_normalize none --d0_normalize none --train_data_path_and_name_and_type dump/raw/tr_no_dev/text,text,text --train_data_path_and_name_and_type dump/raw/tr_no_dev/wav.scp,speech,sound --valid_data_path_and_name_and_type dump/raw/dev/text,text,text --valid_data_path_and_name_and_type dump/raw/dev/wav.scp,speech,sound --train_shape_file exp/tts_stats_raw_phn_tacotron_g2p_en_no_space/logdir/train.30.scp --valid_shape_file exp/tts_stats_raw_phn_tacotron_g2p_en_no_space/logdir/valid.30.scp --output_dir exp/tts_stats_raw_phn_tacotron_g2p_en_no_space/logdir/stats.30 --config conf/train_d0_jets.yaml --feats_extract fbank --feats_extract_conf n_fft=1024 --feats_extract_conf hop_length=256 --feats_extract_conf win_length=null --feats_extract_conf fs=22050 --feats_extract_conf fmin=80 --feats_extract_conf fmax=7600 --feats_extract_conf n_mels=80 --pitch_extract_conf fs=22050 --pitch_extract_conf n_fft=1024 --pitch_extract_conf hop_length=256 --pitch_extract_conf f0max=400 --pitch_extract_conf f0min=80 --energy_extract_conf fs=22050 --energy_extract_conf n_fft=1024 --energy_extract_conf hop_length=256 --energy_extract_conf win_length=null --d0_extract_conf fs=22050 --d0_extract_conf n_fft=1024 --d0_extract_conf hop_length=256 --d0_extract_conf win_length=null --d0_extract_conf fmin=80 --d0_extract_conf fmax=7600 --d0_extract_conf n_mels=80 
# Started at Wed Jun 25 02:02:07 JST 2025
#
/home/uesugi/.conda/envs/espnet/bin/python3 /home/uesugi/espnet/espnet/espnet2/bin/tts_train.py --collect_stats true --write_collected_feats false --use_preprocessor true --token_type phn --token_list dump/token_list/phn_tacotron_g2p_en_no_space/tokens.txt --non_linguistic_symbols none --cleaner tacotron --g2p g2p_en_no_space --normalize none --pitch_normalize none --energy_normalize none --d0_normalize none --train_data_path_and_name_and_type dump/raw/tr_no_dev/text,text,text --train_data_path_and_name_and_type dump/raw/tr_no_dev/wav.scp,speech,sound --valid_data_path_and_name_and_type dump/raw/dev/text,text,text --valid_data_path_and_name_and_type dump/raw/dev/wav.scp,speech,sound --train_shape_file exp/tts_stats_raw_phn_tacotron_g2p_en_no_space/logdir/train.30.scp --valid_shape_file exp/tts_stats_raw_phn_tacotron_g2p_en_no_space/logdir/valid.30.scp --output_dir exp/tts_stats_raw_phn_tacotron_g2p_en_no_space/logdir/stats.30 --config conf/train_d0_jets.yaml --feats_extract fbank --feats_extract_conf n_fft=1024 --feats_extract_conf hop_length=256 --feats_extract_conf win_length=null --feats_extract_conf fs=22050 --feats_extract_conf fmin=80 --feats_extract_conf fmax=7600 --feats_extract_conf n_mels=80 --pitch_extract_conf fs=22050 --pitch_extract_conf n_fft=1024 --pitch_extract_conf hop_length=256 --pitch_extract_conf f0max=400 --pitch_extract_conf f0min=80 --energy_extract_conf fs=22050 --energy_extract_conf n_fft=1024 --energy_extract_conf hop_length=256 --energy_extract_conf win_length=null --d0_extract_conf fs=22050 --d0_extract_conf n_fft=1024 --d0_extract_conf hop_length=256 --d0_extract_conf win_length=null --d0_extract_conf fmin=80 --d0_extract_conf fmax=7600 --d0_extract_conf n_mels=80
usage: tts_train.py [-h] [--config CONFIG] [--print_config]
                    [--log_level {ERROR,WARNING,INFO,DEBUG,NOTSET}]
                    [--drop_last_iter DROP_LAST_ITER] [--dry_run DRY_RUN]
                    [--iterator_type {sequence,category,chunk,task,none}]
                    [--valid_iterator_type {sequence,category,chunk,task,none}]
                    [--output_dir OUTPUT_DIR] [--ngpu NGPU] [--seed SEED]
                    [--num_workers NUM_WORKERS] [--num_att_plot NUM_ATT_PLOT]
                    [--dist_backend DIST_BACKEND]
                    [--dist_init_method DIST_INIT_METHOD]
                    [--dist_world_size DIST_WORLD_SIZE]
                    [--dist_rank DIST_RANK] [--local_rank LOCAL_RANK]
                    [--dist_master_addr DIST_MASTER_ADDR]
                    [--dist_master_port DIST_MASTER_PORT]
                    [--dist_launcher {slurm,mpi,None}]
                    [--multiprocessing_distributed MULTIPROCESSING_DISTRIBUTED]
                    [--unused_parameters UNUSED_PARAMETERS]
                    [--sharded_ddp SHARDED_DDP]
                    [--use_deepspeed USE_DEEPSPEED]
                    [--deepspeed_config DEEPSPEED_CONFIG]
                    [--gradient_as_bucket_view GRADIENT_AS_BUCKET_VIEW]
                    [--ddp_comm_hook {none,fp16_compress_hook,bf16_compress_hook}]
                    [--cudnn_enabled CUDNN_ENABLED]
                    [--cudnn_benchmark CUDNN_BENCHMARK]
                    [--cudnn_deterministic CUDNN_DETERMINISTIC]
                    [--use_tf32 USE_TF32] [--collect_stats COLLECT_STATS]
                    [--write_collected_feats WRITE_COLLECTED_FEATS]
                    [--max_epoch MAX_EPOCH] [--patience PATIENCE]
                    [--val_scheduler_criterion VAL_SCHEDULER_CRITERION VAL_SCHEDULER_CRITERION]
                    [--early_stopping_criterion EARLY_STOPPING_CRITERION EARLY_STOPPING_CRITERION EARLY_STOPPING_CRITERION]
                    [--best_model_criterion BEST_MODEL_CRITERION [BEST_MODEL_CRITERION ...]]
                    [--keep_nbest_models KEEP_NBEST_MODELS [KEEP_NBEST_MODELS ...]]
                    [--nbest_averaging_interval NBEST_AVERAGING_INTERVAL]
                    [--grad_clip GRAD_CLIP] [--grad_clip_type GRAD_CLIP_TYPE]
                    [--grad_noise GRAD_NOISE] [--accum_grad ACCUM_GRAD]
                    [--no_forward_run NO_FORWARD_RUN] [--resume RESUME]
                    [--train_dtype {float16,float32,float64}]
                    [--use_amp USE_AMP] [--log_interval LOG_INTERVAL]
                    [--use_matplotlib USE_MATPLOTLIB]
                    [--use_tensorboard USE_TENSORBOARD]
                    [--create_graph_in_tensorboard CREATE_GRAPH_IN_TENSORBOARD]
                    [--use_wandb USE_WANDB] [--wandb_project WANDB_PROJECT]
                    [--wandb_id WANDB_ID] [--wandb_entity WANDB_ENTITY]
                    [--wandb_name WANDB_NAME]
                    [--wandb_model_log_interval WANDB_MODEL_LOG_INTERVAL]
                    [--detect_anomaly DETECT_ANOMALY]
                    [--use_adapter USE_ADAPTER] [--adapter {lora,houlsby}]
                    [--save_strategy {all,adapter_only,required_grad_only}]
                    [--adapter_conf ADAPTER_CONF]
                    [--pretrain_path PRETRAIN_PATH]
                    [--init_param [INIT_PARAM ...]]
                    [--ignore_init_mismatch IGNORE_INIT_MISMATCH]
                    [--freeze_param [FREEZE_PARAM ...]]
                    [--num_iters_per_epoch NUM_ITERS_PER_EPOCH]
                    [--batch_size BATCH_SIZE]
                    [--valid_batch_size VALID_BATCH_SIZE]
                    [--batch_bins BATCH_BINS]
                    [--valid_batch_bins VALID_BATCH_BINS]
                    [--category_sample_size CATEGORY_SAMPLE_SIZE]
                    [--train_shape_file TRAIN_SHAPE_FILE]
                    [--valid_shape_file VALID_SHAPE_FILE]
                    [--batch_type {unsorted,sorted,folded,length,numel}]
                    [--valid_batch_type {unsorted,sorted,folded,length,numel,None}]
                    [--fold_length FOLD_LENGTH]
                    [--sort_in_batch {descending,ascending}]
                    [--shuffle_within_batch SHUFFLE_WITHIN_BATCH]
                    [--sort_batch {descending,ascending}]
                    [--multiple_iterator MULTIPLE_ITERATOR]
                    [--chunk_length CHUNK_LENGTH]
                    [--chunk_shift_ratio CHUNK_SHIFT_RATIO]
                    [--num_cache_chunks NUM_CACHE_CHUNKS]
                    [--chunk_excluded_key_prefixes CHUNK_EXCLUDED_KEY_PREFIXES [CHUNK_EXCLUDED_KEY_PREFIXES ...]]
                    [--chunk_default_fs CHUNK_DEFAULT_FS]
                    [--chunk_max_abs_length CHUNK_MAX_ABS_LENGTH]
                    [--chunk_discard_short_samples CHUNK_DISCARD_SHORT_SAMPLES]
                    [--train_data_path_and_name_and_type TRAIN_DATA_PATH_AND_NAME_AND_TYPE]
                    [--valid_data_path_and_name_and_type VALID_DATA_PATH_AND_NAME_AND_TYPE]
                    [--multi_task_dataset MULTI_TASK_DATASET]
                    [--allow_variable_data_keys ALLOW_VARIABLE_DATA_KEYS]
                    [--max_cache_size MAX_CACHE_SIZE]
                    [--max_cache_fd MAX_CACHE_FD]
                    [--allow_multi_rates ALLOW_MULTI_RATES]
                    [--valid_max_cache_size VALID_MAX_CACHE_SIZE]
                    [--exclude_weight_decay EXCLUDE_WEIGHT_DECAY]
                    [--exclude_weight_decay_conf EXCLUDE_WEIGHT_DECAY_CONF]
                    [--optim {adam,adamw,sgd,adadelta,adagrad,adamax,asgd,lbfgs,rmsprop,rprop,radam,accagd,adabound,adamod,diffgrad,lamb,novograd,pid,qhm,sgdw,yogi}]
                    [--optim_conf OPTIM_CONF]
                    [--scheduler {reducelronplateau,lambdalr,steplr,multisteplr,exponentiallr,cosineannealinglr,noamlr,warmuplr,piecewiselinearwarmuplr,warmupsteplr,warmupreducelronplateau,cycliclr,onecyclelr,cosineannealingwarmrestarts,cosineannealingwarmuprestarts,None}]
                    [--scheduler_conf SCHEDULER_CONF]
                    [--token_list TOKEN_LIST] [--odim ODIM]
                    [--model_conf MODEL_CONF]
                    [--use_preprocessor USE_PREPROCESSOR]
                    [--token_type {bpe,char,word,phn}] [--bpemodel BPEMODEL]
                    [--non_linguistic_symbols NON_LINGUISTIC_SYMBOLS]
                    [--cleaner {None,tacotron,jaconv,vietnamese,korean_cleaner}]
                    [--g2p {None,g2p_en,g2p_en_no_space,pyopenjtalk,pyopenjtalk_kana,pyopenjtalk_accent,pyopenjtalk_accent_with_pause,pyopenjtalk_prosody,pypinyin_g2p,pypinyin_g2p_phone,pypinyin_g2p_phone_without_prosody,espeak_ng_arabic,espeak_ng_german,espeak_ng_french,espeak_ng_spanish,espeak_ng_russian,espeak_ng_greek,espeak_ng_finnish,espeak_ng_hungarian,espeak_ng_dutch,espeak_ng_english_us_vits,espeak_ng_hindi,espeak_ng_italian,espeak_ng_ukrainian,espeak_ng_polish,g2pk,g2pk_no_space,g2pk_explicit_space,korean_jaso,korean_jaso_no_space,g2p_is}]
                    [--feats_extract {fbank,spectrogram,linear_spectrogram}]
                    [--feats_extract_conf FEATS_EXTRACT_CONF]
                    [--normalize {global_mvn,None}]
                    [--normalize_conf NORMALIZE_CONF]
                    [--tts {tacotron2,transformer,fastspeech,fastspeech2,prodiff,vits,joint_text2wav,jets}]
                    [--tts_conf TTS_CONF] [--pitch_extract {dio,None}]
                    [--pitch_extract_conf PITCH_EXTRACT_CONF]
                    [--pitch_normalize {global_mvn,None}]
                    [--pitch_normalize_conf PITCH_NORMALIZE_CONF]
                    [--energy_extract {energy,None}]
                    [--energy_extract_conf ENERGY_EXTRACT_CONF]
                    [--energy_normalize {global_mvn,None}]
                    [--energy_normalize_conf ENERGY_NORMALIZE_CONF]
tts_train.py: error: No such file: conf/train_d0_jets.yaml
Failed to import Flash Attention, using ESPnet default: No module named 'flash_attn'
# Accounting: time=525 threads=1
# Ended (code 2) at Wed Jun 25 02:10:52 JST 2025, elapsed time 525 seconds
# python3 -m espnet2.bin.tts_train --collect_stats true --write_collected_feats false --use_preprocessor true --token_type phn --token_list dump/token_list/phn_tacotron_g2p_en_no_space/tokens.txt --non_linguistic_symbols none --cleaner tacotron --g2p g2p_en_no_space --normalize none --pitch_normalize none --energy_normalize none --d0_normalize none --train_data_path_and_name_and_type dump/raw/tr_no_dev/text,text,text --train_data_path_and_name_and_type dump/raw/tr_no_dev/wav.scp,speech,sound --valid_data_path_and_name_and_type dump/raw/dev/text,text,text --valid_data_path_and_name_and_type dump/raw/dev/wav.scp,speech,sound --train_shape_file exp/tts_stats_raw_phn_tacotron_g2p_en_no_space/logdir/train.31.scp --valid_shape_file exp/tts_stats_raw_phn_tacotron_g2p_en_no_space/logdir/valid.31.scp --output_dir exp/tts_stats_raw_phn_tacotron_g2p_en_no_space/logdir/stats.31 --config conf/train_d0_jets.yaml --feats_extract fbank --feats_extract_conf n_fft=1024 --feats_extract_conf hop_length=256 --feats_extract_conf win_length=null --feats_extract_conf fs=22050 --feats_extract_conf fmin=80 --feats_extract_conf fmax=7600 --feats_extract_conf n_mels=80 --pitch_extract_conf fs=22050 --pitch_extract_conf n_fft=1024 --pitch_extract_conf hop_length=256 --pitch_extract_conf f0max=400 --pitch_extract_conf f0min=80 --energy_extract_conf fs=22050 --energy_extract_conf n_fft=1024 --energy_extract_conf hop_length=256 --energy_extract_conf win_length=null --d0_extract_conf fs=22050 --d0_extract_conf n_fft=1024 --d0_extract_conf hop_length=256 --d0_extract_conf win_length=null --d0_extract_conf fmin=80 --d0_extract_conf fmax=7600 --d0_extract_conf n_mels=80 
# Started at Wed Jun 25 02:02:07 JST 2025
#
/home/uesugi/.conda/envs/espnet/bin/python3 /home/uesugi/espnet/espnet/espnet2/bin/tts_train.py --collect_stats true --write_collected_feats false --use_preprocessor true --token_type phn --token_list dump/token_list/phn_tacotron_g2p_en_no_space/tokens.txt --non_linguistic_symbols none --cleaner tacotron --g2p g2p_en_no_space --normalize none --pitch_normalize none --energy_normalize none --d0_normalize none --train_data_path_and_name_and_type dump/raw/tr_no_dev/text,text,text --train_data_path_and_name_and_type dump/raw/tr_no_dev/wav.scp,speech,sound --valid_data_path_and_name_and_type dump/raw/dev/text,text,text --valid_data_path_and_name_and_type dump/raw/dev/wav.scp,speech,sound --train_shape_file exp/tts_stats_raw_phn_tacotron_g2p_en_no_space/logdir/train.31.scp --valid_shape_file exp/tts_stats_raw_phn_tacotron_g2p_en_no_space/logdir/valid.31.scp --output_dir exp/tts_stats_raw_phn_tacotron_g2p_en_no_space/logdir/stats.31 --config conf/train_d0_jets.yaml --feats_extract fbank --feats_extract_conf n_fft=1024 --feats_extract_conf hop_length=256 --feats_extract_conf win_length=null --feats_extract_conf fs=22050 --feats_extract_conf fmin=80 --feats_extract_conf fmax=7600 --feats_extract_conf n_mels=80 --pitch_extract_conf fs=22050 --pitch_extract_conf n_fft=1024 --pitch_extract_conf hop_length=256 --pitch_extract_conf f0max=400 --pitch_extract_conf f0min=80 --energy_extract_conf fs=22050 --energy_extract_conf n_fft=1024 --energy_extract_conf hop_length=256 --energy_extract_conf win_length=null --d0_extract_conf fs=22050 --d0_extract_conf n_fft=1024 --d0_extract_conf hop_length=256 --d0_extract_conf win_length=null --d0_extract_conf fmin=80 --d0_extract_conf fmax=7600 --d0_extract_conf n_mels=80
usage: tts_train.py [-h] [--config CONFIG] [--print_config]
                    [--log_level {ERROR,WARNING,INFO,DEBUG,NOTSET}]
                    [--drop_last_iter DROP_LAST_ITER] [--dry_run DRY_RUN]
                    [--iterator_type {sequence,category,chunk,task,none}]
                    [--valid_iterator_type {sequence,category,chunk,task,none}]
                    [--output_dir OUTPUT_DIR] [--ngpu NGPU] [--seed SEED]
                    [--num_workers NUM_WORKERS] [--num_att_plot NUM_ATT_PLOT]
                    [--dist_backend DIST_BACKEND]
                    [--dist_init_method DIST_INIT_METHOD]
                    [--dist_world_size DIST_WORLD_SIZE]
                    [--dist_rank DIST_RANK] [--local_rank LOCAL_RANK]
                    [--dist_master_addr DIST_MASTER_ADDR]
                    [--dist_master_port DIST_MASTER_PORT]
                    [--dist_launcher {slurm,mpi,None}]
                    [--multiprocessing_distributed MULTIPROCESSING_DISTRIBUTED]
                    [--unused_parameters UNUSED_PARAMETERS]
                    [--sharded_ddp SHARDED_DDP]
                    [--use_deepspeed USE_DEEPSPEED]
                    [--deepspeed_config DEEPSPEED_CONFIG]
                    [--gradient_as_bucket_view GRADIENT_AS_BUCKET_VIEW]
                    [--ddp_comm_hook {none,fp16_compress_hook,bf16_compress_hook}]
                    [--cudnn_enabled CUDNN_ENABLED]
                    [--cudnn_benchmark CUDNN_BENCHMARK]
                    [--cudnn_deterministic CUDNN_DETERMINISTIC]
                    [--use_tf32 USE_TF32] [--collect_stats COLLECT_STATS]
                    [--write_collected_feats WRITE_COLLECTED_FEATS]
                    [--max_epoch MAX_EPOCH] [--patience PATIENCE]
                    [--val_scheduler_criterion VAL_SCHEDULER_CRITERION VAL_SCHEDULER_CRITERION]
                    [--early_stopping_criterion EARLY_STOPPING_CRITERION EARLY_STOPPING_CRITERION EARLY_STOPPING_CRITERION]
                    [--best_model_criterion BEST_MODEL_CRITERION [BEST_MODEL_CRITERION ...]]
                    [--keep_nbest_models KEEP_NBEST_MODELS [KEEP_NBEST_MODELS ...]]
                    [--nbest_averaging_interval NBEST_AVERAGING_INTERVAL]
                    [--grad_clip GRAD_CLIP] [--grad_clip_type GRAD_CLIP_TYPE]
                    [--grad_noise GRAD_NOISE] [--accum_grad ACCUM_GRAD]
                    [--no_forward_run NO_FORWARD_RUN] [--resume RESUME]
                    [--train_dtype {float16,float32,float64}]
                    [--use_amp USE_AMP] [--log_interval LOG_INTERVAL]
                    [--use_matplotlib USE_MATPLOTLIB]
                    [--use_tensorboard USE_TENSORBOARD]
                    [--create_graph_in_tensorboard CREATE_GRAPH_IN_TENSORBOARD]
                    [--use_wandb USE_WANDB] [--wandb_project WANDB_PROJECT]
                    [--wandb_id WANDB_ID] [--wandb_entity WANDB_ENTITY]
                    [--wandb_name WANDB_NAME]
                    [--wandb_model_log_interval WANDB_MODEL_LOG_INTERVAL]
                    [--detect_anomaly DETECT_ANOMALY]
                    [--use_adapter USE_ADAPTER] [--adapter {lora,houlsby}]
                    [--save_strategy {all,adapter_only,required_grad_only}]
                    [--adapter_conf ADAPTER_CONF]
                    [--pretrain_path PRETRAIN_PATH]
                    [--init_param [INIT_PARAM ...]]
                    [--ignore_init_mismatch IGNORE_INIT_MISMATCH]
                    [--freeze_param [FREEZE_PARAM ...]]
                    [--num_iters_per_epoch NUM_ITERS_PER_EPOCH]
                    [--batch_size BATCH_SIZE]
                    [--valid_batch_size VALID_BATCH_SIZE]
                    [--batch_bins BATCH_BINS]
                    [--valid_batch_bins VALID_BATCH_BINS]
                    [--category_sample_size CATEGORY_SAMPLE_SIZE]
                    [--train_shape_file TRAIN_SHAPE_FILE]
                    [--valid_shape_file VALID_SHAPE_FILE]
                    [--batch_type {unsorted,sorted,folded,length,numel}]
                    [--valid_batch_type {unsorted,sorted,folded,length,numel,None}]
                    [--fold_length FOLD_LENGTH]
                    [--sort_in_batch {descending,ascending}]
                    [--shuffle_within_batch SHUFFLE_WITHIN_BATCH]
                    [--sort_batch {descending,ascending}]
                    [--multiple_iterator MULTIPLE_ITERATOR]
                    [--chunk_length CHUNK_LENGTH]
                    [--chunk_shift_ratio CHUNK_SHIFT_RATIO]
                    [--num_cache_chunks NUM_CACHE_CHUNKS]
                    [--chunk_excluded_key_prefixes CHUNK_EXCLUDED_KEY_PREFIXES [CHUNK_EXCLUDED_KEY_PREFIXES ...]]
                    [--chunk_default_fs CHUNK_DEFAULT_FS]
                    [--chunk_max_abs_length CHUNK_MAX_ABS_LENGTH]
                    [--chunk_discard_short_samples CHUNK_DISCARD_SHORT_SAMPLES]
                    [--train_data_path_and_name_and_type TRAIN_DATA_PATH_AND_NAME_AND_TYPE]
                    [--valid_data_path_and_name_and_type VALID_DATA_PATH_AND_NAME_AND_TYPE]
                    [--multi_task_dataset MULTI_TASK_DATASET]
                    [--allow_variable_data_keys ALLOW_VARIABLE_DATA_KEYS]
                    [--max_cache_size MAX_CACHE_SIZE]
                    [--max_cache_fd MAX_CACHE_FD]
                    [--allow_multi_rates ALLOW_MULTI_RATES]
                    [--valid_max_cache_size VALID_MAX_CACHE_SIZE]
                    [--exclude_weight_decay EXCLUDE_WEIGHT_DECAY]
                    [--exclude_weight_decay_conf EXCLUDE_WEIGHT_DECAY_CONF]
                    [--optim {adam,adamw,sgd,adadelta,adagrad,adamax,asgd,lbfgs,rmsprop,rprop,radam,accagd,adabound,adamod,diffgrad,lamb,novograd,pid,qhm,sgdw,yogi}]
                    [--optim_conf OPTIM_CONF]
                    [--scheduler {reducelronplateau,lambdalr,steplr,multisteplr,exponentiallr,cosineannealinglr,noamlr,warmuplr,piecewiselinearwarmuplr,warmupsteplr,warmupreducelronplateau,cycliclr,onecyclelr,cosineannealingwarmrestarts,cosineannealingwarmuprestarts,None}]
                    [--scheduler_conf SCHEDULER_CONF]
                    [--token_list TOKEN_LIST] [--odim ODIM]
                    [--model_conf MODEL_CONF]
                    [--use_preprocessor USE_PREPROCESSOR]
                    [--token_type {bpe,char,word,phn}] [--bpemodel BPEMODEL]
                    [--non_linguistic_symbols NON_LINGUISTIC_SYMBOLS]
                    [--cleaner {None,tacotron,jaconv,vietnamese,korean_cleaner}]
                    [--g2p {None,g2p_en,g2p_en_no_space,pyopenjtalk,pyopenjtalk_kana,pyopenjtalk_accent,pyopenjtalk_accent_with_pause,pyopenjtalk_prosody,pypinyin_g2p,pypinyin_g2p_phone,pypinyin_g2p_phone_without_prosody,espeak_ng_arabic,espeak_ng_german,espeak_ng_french,espeak_ng_spanish,espeak_ng_russian,espeak_ng_greek,espeak_ng_finnish,espeak_ng_hungarian,espeak_ng_dutch,espeak_ng_english_us_vits,espeak_ng_hindi,espeak_ng_italian,espeak_ng_ukrainian,espeak_ng_polish,g2pk,g2pk_no_space,g2pk_explicit_space,korean_jaso,korean_jaso_no_space,g2p_is}]
                    [--feats_extract {fbank,spectrogram,linear_spectrogram}]
                    [--feats_extract_conf FEATS_EXTRACT_CONF]
                    [--normalize {global_mvn,None}]
                    [--normalize_conf NORMALIZE_CONF]
                    [--tts {tacotron2,transformer,fastspeech,fastspeech2,prodiff,vits,joint_text2wav,jets}]
                    [--tts_conf TTS_CONF] [--pitch_extract {dio,None}]
                    [--pitch_extract_conf PITCH_EXTRACT_CONF]
                    [--pitch_normalize {global_mvn,None}]
                    [--pitch_normalize_conf PITCH_NORMALIZE_CONF]
                    [--energy_extract {energy,None}]
                    [--energy_extract_conf ENERGY_EXTRACT_CONF]
                    [--energy_normalize {global_mvn,None}]
                    [--energy_normalize_conf ENERGY_NORMALIZE_CONF]
tts_train.py: error: No such file: conf/train_d0_jets.yaml
Failed to import Flash Attention, using ESPnet default: No module named 'flash_attn'
# Accounting: time=525 threads=1
# Ended (code 2) at Wed Jun 25 02:10:52 JST 2025, elapsed time 525 seconds
# python3 -m espnet2.bin.tts_train --collect_stats true --write_collected_feats false --use_preprocessor true --token_type phn --token_list dump/token_list/phn_tacotron_g2p_en_no_space/tokens.txt --non_linguistic_symbols none --cleaner tacotron --g2p g2p_en_no_space --normalize none --pitch_normalize none --energy_normalize none --d0_normalize none --train_data_path_and_name_and_type dump/raw/tr_no_dev/text,text,text --train_data_path_and_name_and_type dump/raw/tr_no_dev/wav.scp,speech,sound --valid_data_path_and_name_and_type dump/raw/dev/text,text,text --valid_data_path_and_name_and_type dump/raw/dev/wav.scp,speech,sound --train_shape_file exp/tts_stats_raw_phn_tacotron_g2p_en_no_space/logdir/train.32.scp --valid_shape_file exp/tts_stats_raw_phn_tacotron_g2p_en_no_space/logdir/valid.32.scp --output_dir exp/tts_stats_raw_phn_tacotron_g2p_en_no_space/logdir/stats.32 --config conf/train_d0_jets.yaml --feats_extract fbank --feats_extract_conf n_fft=1024 --feats_extract_conf hop_length=256 --feats_extract_conf win_length=null --feats_extract_conf fs=22050 --feats_extract_conf fmin=80 --feats_extract_conf fmax=7600 --feats_extract_conf n_mels=80 --pitch_extract_conf fs=22050 --pitch_extract_conf n_fft=1024 --pitch_extract_conf hop_length=256 --pitch_extract_conf f0max=400 --pitch_extract_conf f0min=80 --energy_extract_conf fs=22050 --energy_extract_conf n_fft=1024 --energy_extract_conf hop_length=256 --energy_extract_conf win_length=null --d0_extract_conf fs=22050 --d0_extract_conf n_fft=1024 --d0_extract_conf hop_length=256 --d0_extract_conf win_length=null --d0_extract_conf fmin=80 --d0_extract_conf fmax=7600 --d0_extract_conf n_mels=80 
# Started at Wed Jun 25 02:02:07 JST 2025
#
/home/uesugi/.conda/envs/espnet/bin/python3 /home/uesugi/espnet/espnet/espnet2/bin/tts_train.py --collect_stats true --write_collected_feats false --use_preprocessor true --token_type phn --token_list dump/token_list/phn_tacotron_g2p_en_no_space/tokens.txt --non_linguistic_symbols none --cleaner tacotron --g2p g2p_en_no_space --normalize none --pitch_normalize none --energy_normalize none --d0_normalize none --train_data_path_and_name_and_type dump/raw/tr_no_dev/text,text,text --train_data_path_and_name_and_type dump/raw/tr_no_dev/wav.scp,speech,sound --valid_data_path_and_name_and_type dump/raw/dev/text,text,text --valid_data_path_and_name_and_type dump/raw/dev/wav.scp,speech,sound --train_shape_file exp/tts_stats_raw_phn_tacotron_g2p_en_no_space/logdir/train.32.scp --valid_shape_file exp/tts_stats_raw_phn_tacotron_g2p_en_no_space/logdir/valid.32.scp --output_dir exp/tts_stats_raw_phn_tacotron_g2p_en_no_space/logdir/stats.32 --config conf/train_d0_jets.yaml --feats_extract fbank --feats_extract_conf n_fft=1024 --feats_extract_conf hop_length=256 --feats_extract_conf win_length=null --feats_extract_conf fs=22050 --feats_extract_conf fmin=80 --feats_extract_conf fmax=7600 --feats_extract_conf n_mels=80 --pitch_extract_conf fs=22050 --pitch_extract_conf n_fft=1024 --pitch_extract_conf hop_length=256 --pitch_extract_conf f0max=400 --pitch_extract_conf f0min=80 --energy_extract_conf fs=22050 --energy_extract_conf n_fft=1024 --energy_extract_conf hop_length=256 --energy_extract_conf win_length=null --d0_extract_conf fs=22050 --d0_extract_conf n_fft=1024 --d0_extract_conf hop_length=256 --d0_extract_conf win_length=null --d0_extract_conf fmin=80 --d0_extract_conf fmax=7600 --d0_extract_conf n_mels=80
usage: tts_train.py [-h] [--config CONFIG] [--print_config]
                    [--log_level {ERROR,WARNING,INFO,DEBUG,NOTSET}]
                    [--drop_last_iter DROP_LAST_ITER] [--dry_run DRY_RUN]
                    [--iterator_type {sequence,category,chunk,task,none}]
                    [--valid_iterator_type {sequence,category,chunk,task,none}]
                    [--output_dir OUTPUT_DIR] [--ngpu NGPU] [--seed SEED]
                    [--num_workers NUM_WORKERS] [--num_att_plot NUM_ATT_PLOT]
                    [--dist_backend DIST_BACKEND]
                    [--dist_init_method DIST_INIT_METHOD]
                    [--dist_world_size DIST_WORLD_SIZE]
                    [--dist_rank DIST_RANK] [--local_rank LOCAL_RANK]
                    [--dist_master_addr DIST_MASTER_ADDR]
                    [--dist_master_port DIST_MASTER_PORT]
                    [--dist_launcher {slurm,mpi,None}]
                    [--multiprocessing_distributed MULTIPROCESSING_DISTRIBUTED]
                    [--unused_parameters UNUSED_PARAMETERS]
                    [--sharded_ddp SHARDED_DDP]
                    [--use_deepspeed USE_DEEPSPEED]
                    [--deepspeed_config DEEPSPEED_CONFIG]
                    [--gradient_as_bucket_view GRADIENT_AS_BUCKET_VIEW]
                    [--ddp_comm_hook {none,fp16_compress_hook,bf16_compress_hook}]
                    [--cudnn_enabled CUDNN_ENABLED]
                    [--cudnn_benchmark CUDNN_BENCHMARK]
                    [--cudnn_deterministic CUDNN_DETERMINISTIC]
                    [--use_tf32 USE_TF32] [--collect_stats COLLECT_STATS]
                    [--write_collected_feats WRITE_COLLECTED_FEATS]
                    [--max_epoch MAX_EPOCH] [--patience PATIENCE]
                    [--val_scheduler_criterion VAL_SCHEDULER_CRITERION VAL_SCHEDULER_CRITERION]
                    [--early_stopping_criterion EARLY_STOPPING_CRITERION EARLY_STOPPING_CRITERION EARLY_STOPPING_CRITERION]
                    [--best_model_criterion BEST_MODEL_CRITERION [BEST_MODEL_CRITERION ...]]
                    [--keep_nbest_models KEEP_NBEST_MODELS [KEEP_NBEST_MODELS ...]]
                    [--nbest_averaging_interval NBEST_AVERAGING_INTERVAL]
                    [--grad_clip GRAD_CLIP] [--grad_clip_type GRAD_CLIP_TYPE]
                    [--grad_noise GRAD_NOISE] [--accum_grad ACCUM_GRAD]
                    [--no_forward_run NO_FORWARD_RUN] [--resume RESUME]
                    [--train_dtype {float16,float32,float64}]
                    [--use_amp USE_AMP] [--log_interval LOG_INTERVAL]
                    [--use_matplotlib USE_MATPLOTLIB]
                    [--use_tensorboard USE_TENSORBOARD]
                    [--create_graph_in_tensorboard CREATE_GRAPH_IN_TENSORBOARD]
                    [--use_wandb USE_WANDB] [--wandb_project WANDB_PROJECT]
                    [--wandb_id WANDB_ID] [--wandb_entity WANDB_ENTITY]
                    [--wandb_name WANDB_NAME]
                    [--wandb_model_log_interval WANDB_MODEL_LOG_INTERVAL]
                    [--detect_anomaly DETECT_ANOMALY]
                    [--use_adapter USE_ADAPTER] [--adapter {lora,houlsby}]
                    [--save_strategy {all,adapter_only,required_grad_only}]
                    [--adapter_conf ADAPTER_CONF]
                    [--pretrain_path PRETRAIN_PATH]
                    [--init_param [INIT_PARAM ...]]
                    [--ignore_init_mismatch IGNORE_INIT_MISMATCH]
                    [--freeze_param [FREEZE_PARAM ...]]
                    [--num_iters_per_epoch NUM_ITERS_PER_EPOCH]
                    [--batch_size BATCH_SIZE]
                    [--valid_batch_size VALID_BATCH_SIZE]
                    [--batch_bins BATCH_BINS]
                    [--valid_batch_bins VALID_BATCH_BINS]
                    [--category_sample_size CATEGORY_SAMPLE_SIZE]
                    [--train_shape_file TRAIN_SHAPE_FILE]
                    [--valid_shape_file VALID_SHAPE_FILE]
                    [--batch_type {unsorted,sorted,folded,length,numel}]
                    [--valid_batch_type {unsorted,sorted,folded,length,numel,None}]
                    [--fold_length FOLD_LENGTH]
                    [--sort_in_batch {descending,ascending}]
                    [--shuffle_within_batch SHUFFLE_WITHIN_BATCH]
                    [--sort_batch {descending,ascending}]
                    [--multiple_iterator MULTIPLE_ITERATOR]
                    [--chunk_length CHUNK_LENGTH]
                    [--chunk_shift_ratio CHUNK_SHIFT_RATIO]
                    [--num_cache_chunks NUM_CACHE_CHUNKS]
                    [--chunk_excluded_key_prefixes CHUNK_EXCLUDED_KEY_PREFIXES [CHUNK_EXCLUDED_KEY_PREFIXES ...]]
                    [--chunk_default_fs CHUNK_DEFAULT_FS]
                    [--chunk_max_abs_length CHUNK_MAX_ABS_LENGTH]
                    [--chunk_discard_short_samples CHUNK_DISCARD_SHORT_SAMPLES]
                    [--train_data_path_and_name_and_type TRAIN_DATA_PATH_AND_NAME_AND_TYPE]
                    [--valid_data_path_and_name_and_type VALID_DATA_PATH_AND_NAME_AND_TYPE]
                    [--multi_task_dataset MULTI_TASK_DATASET]
                    [--allow_variable_data_keys ALLOW_VARIABLE_DATA_KEYS]
                    [--max_cache_size MAX_CACHE_SIZE]
                    [--max_cache_fd MAX_CACHE_FD]
                    [--allow_multi_rates ALLOW_MULTI_RATES]
                    [--valid_max_cache_size VALID_MAX_CACHE_SIZE]
                    [--exclude_weight_decay EXCLUDE_WEIGHT_DECAY]
                    [--exclude_weight_decay_conf EXCLUDE_WEIGHT_DECAY_CONF]
                    [--optim {adam,adamw,sgd,adadelta,adagrad,adamax,asgd,lbfgs,rmsprop,rprop,radam,accagd,adabound,adamod,diffgrad,lamb,novograd,pid,qhm,sgdw,yogi}]
                    [--optim_conf OPTIM_CONF]
                    [--scheduler {reducelronplateau,lambdalr,steplr,multisteplr,exponentiallr,cosineannealinglr,noamlr,warmuplr,piecewiselinearwarmuplr,warmupsteplr,warmupreducelronplateau,cycliclr,onecyclelr,cosineannealingwarmrestarts,cosineannealingwarmuprestarts,None}]
                    [--scheduler_conf SCHEDULER_CONF]
                    [--token_list TOKEN_LIST] [--odim ODIM]
                    [--model_conf MODEL_CONF]
                    [--use_preprocessor USE_PREPROCESSOR]
                    [--token_type {bpe,char,word,phn}] [--bpemodel BPEMODEL]
                    [--non_linguistic_symbols NON_LINGUISTIC_SYMBOLS]
                    [--cleaner {None,tacotron,jaconv,vietnamese,korean_cleaner}]
                    [--g2p {None,g2p_en,g2p_en_no_space,pyopenjtalk,pyopenjtalk_kana,pyopenjtalk_accent,pyopenjtalk_accent_with_pause,pyopenjtalk_prosody,pypinyin_g2p,pypinyin_g2p_phone,pypinyin_g2p_phone_without_prosody,espeak_ng_arabic,espeak_ng_german,espeak_ng_french,espeak_ng_spanish,espeak_ng_russian,espeak_ng_greek,espeak_ng_finnish,espeak_ng_hungarian,espeak_ng_dutch,espeak_ng_english_us_vits,espeak_ng_hindi,espeak_ng_italian,espeak_ng_ukrainian,espeak_ng_polish,g2pk,g2pk_no_space,g2pk_explicit_space,korean_jaso,korean_jaso_no_space,g2p_is}]
                    [--feats_extract {fbank,spectrogram,linear_spectrogram}]
                    [--feats_extract_conf FEATS_EXTRACT_CONF]
                    [--normalize {global_mvn,None}]
                    [--normalize_conf NORMALIZE_CONF]
                    [--tts {tacotron2,transformer,fastspeech,fastspeech2,prodiff,vits,joint_text2wav,jets}]
                    [--tts_conf TTS_CONF] [--pitch_extract {dio,None}]
                    [--pitch_extract_conf PITCH_EXTRACT_CONF]
                    [--pitch_normalize {global_mvn,None}]
                    [--pitch_normalize_conf PITCH_NORMALIZE_CONF]
                    [--energy_extract {energy,None}]
                    [--energy_extract_conf ENERGY_EXTRACT_CONF]
                    [--energy_normalize {global_mvn,None}]
                    [--energy_normalize_conf ENERGY_NORMALIZE_CONF]
tts_train.py: error: No such file: conf/train_d0_jets.yaml
Failed to import Flash Attention, using ESPnet default: No module named 'flash_attn'
# Accounting: time=526 threads=1
# Ended (code 2) at Wed Jun 25 02:10:53 JST 2025, elapsed time 526 seconds
# python3 -m espnet2.bin.tts_train --collect_stats true --write_collected_feats false --use_preprocessor true --token_type phn --token_list dump/token_list/phn_tacotron_g2p_en_no_space/tokens.txt --non_linguistic_symbols none --cleaner tacotron --g2p g2p_en_no_space --normalize none --pitch_normalize none --energy_normalize none --d0_normalize none --train_data_path_and_name_and_type dump/raw/tr_no_dev/text,text,text --train_data_path_and_name_and_type dump/raw/tr_no_dev/wav.scp,speech,sound --valid_data_path_and_name_and_type dump/raw/dev/text,text,text --valid_data_path_and_name_and_type dump/raw/dev/wav.scp,speech,sound --train_shape_file exp/tts_stats_raw_phn_tacotron_g2p_en_no_space/logdir/train.4.scp --valid_shape_file exp/tts_stats_raw_phn_tacotron_g2p_en_no_space/logdir/valid.4.scp --output_dir exp/tts_stats_raw_phn_tacotron_g2p_en_no_space/logdir/stats.4 --config conf/train_d0_jets.yaml --feats_extract fbank --feats_extract_conf n_fft=1024 --feats_extract_conf hop_length=256 --feats_extract_conf win_length=null --feats_extract_conf fs=22050 --feats_extract_conf fmin=80 --feats_extract_conf fmax=7600 --feats_extract_conf n_mels=80 --pitch_extract_conf fs=22050 --pitch_extract_conf n_fft=1024 --pitch_extract_conf hop_length=256 --pitch_extract_conf f0max=400 --pitch_extract_conf f0min=80 --energy_extract_conf fs=22050 --energy_extract_conf n_fft=1024 --energy_extract_conf hop_length=256 --energy_extract_conf win_length=null --d0_extract_conf fs=22050 --d0_extract_conf n_fft=1024 --d0_extract_conf hop_length=256 --d0_extract_conf win_length=null --d0_extract_conf fmin=80 --d0_extract_conf fmax=7600 --d0_extract_conf n_mels=80 
# Started at Wed Jun 25 02:02:06 JST 2025
#
/home/uesugi/.conda/envs/espnet/bin/python3 /home/uesugi/espnet/espnet/espnet2/bin/tts_train.py --collect_stats true --write_collected_feats false --use_preprocessor true --token_type phn --token_list dump/token_list/phn_tacotron_g2p_en_no_space/tokens.txt --non_linguistic_symbols none --cleaner tacotron --g2p g2p_en_no_space --normalize none --pitch_normalize none --energy_normalize none --d0_normalize none --train_data_path_and_name_and_type dump/raw/tr_no_dev/text,text,text --train_data_path_and_name_and_type dump/raw/tr_no_dev/wav.scp,speech,sound --valid_data_path_and_name_and_type dump/raw/dev/text,text,text --valid_data_path_and_name_and_type dump/raw/dev/wav.scp,speech,sound --train_shape_file exp/tts_stats_raw_phn_tacotron_g2p_en_no_space/logdir/train.4.scp --valid_shape_file exp/tts_stats_raw_phn_tacotron_g2p_en_no_space/logdir/valid.4.scp --output_dir exp/tts_stats_raw_phn_tacotron_g2p_en_no_space/logdir/stats.4 --config conf/train_d0_jets.yaml --feats_extract fbank --feats_extract_conf n_fft=1024 --feats_extract_conf hop_length=256 --feats_extract_conf win_length=null --feats_extract_conf fs=22050 --feats_extract_conf fmin=80 --feats_extract_conf fmax=7600 --feats_extract_conf n_mels=80 --pitch_extract_conf fs=22050 --pitch_extract_conf n_fft=1024 --pitch_extract_conf hop_length=256 --pitch_extract_conf f0max=400 --pitch_extract_conf f0min=80 --energy_extract_conf fs=22050 --energy_extract_conf n_fft=1024 --energy_extract_conf hop_length=256 --energy_extract_conf win_length=null --d0_extract_conf fs=22050 --d0_extract_conf n_fft=1024 --d0_extract_conf hop_length=256 --d0_extract_conf win_length=null --d0_extract_conf fmin=80 --d0_extract_conf fmax=7600 --d0_extract_conf n_mels=80
usage: tts_train.py [-h] [--config CONFIG] [--print_config]
                    [--log_level {ERROR,WARNING,INFO,DEBUG,NOTSET}]
                    [--drop_last_iter DROP_LAST_ITER] [--dry_run DRY_RUN]
                    [--iterator_type {sequence,category,chunk,task,none}]
                    [--valid_iterator_type {sequence,category,chunk,task,none}]
                    [--output_dir OUTPUT_DIR] [--ngpu NGPU] [--seed SEED]
                    [--num_workers NUM_WORKERS] [--num_att_plot NUM_ATT_PLOT]
                    [--dist_backend DIST_BACKEND]
                    [--dist_init_method DIST_INIT_METHOD]
                    [--dist_world_size DIST_WORLD_SIZE]
                    [--dist_rank DIST_RANK] [--local_rank LOCAL_RANK]
                    [--dist_master_addr DIST_MASTER_ADDR]
                    [--dist_master_port DIST_MASTER_PORT]
                    [--dist_launcher {slurm,mpi,None}]
                    [--multiprocessing_distributed MULTIPROCESSING_DISTRIBUTED]
                    [--unused_parameters UNUSED_PARAMETERS]
                    [--sharded_ddp SHARDED_DDP]
                    [--use_deepspeed USE_DEEPSPEED]
                    [--deepspeed_config DEEPSPEED_CONFIG]
                    [--gradient_as_bucket_view GRADIENT_AS_BUCKET_VIEW]
                    [--ddp_comm_hook {none,fp16_compress_hook,bf16_compress_hook}]
                    [--cudnn_enabled CUDNN_ENABLED]
                    [--cudnn_benchmark CUDNN_BENCHMARK]
                    [--cudnn_deterministic CUDNN_DETERMINISTIC]
                    [--use_tf32 USE_TF32] [--collect_stats COLLECT_STATS]
                    [--write_collected_feats WRITE_COLLECTED_FEATS]
                    [--max_epoch MAX_EPOCH] [--patience PATIENCE]
                    [--val_scheduler_criterion VAL_SCHEDULER_CRITERION VAL_SCHEDULER_CRITERION]
                    [--early_stopping_criterion EARLY_STOPPING_CRITERION EARLY_STOPPING_CRITERION EARLY_STOPPING_CRITERION]
                    [--best_model_criterion BEST_MODEL_CRITERION [BEST_MODEL_CRITERION ...]]
                    [--keep_nbest_models KEEP_NBEST_MODELS [KEEP_NBEST_MODELS ...]]
                    [--nbest_averaging_interval NBEST_AVERAGING_INTERVAL]
                    [--grad_clip GRAD_CLIP] [--grad_clip_type GRAD_CLIP_TYPE]
                    [--grad_noise GRAD_NOISE] [--accum_grad ACCUM_GRAD]
                    [--no_forward_run NO_FORWARD_RUN] [--resume RESUME]
                    [--train_dtype {float16,float32,float64}]
                    [--use_amp USE_AMP] [--log_interval LOG_INTERVAL]
                    [--use_matplotlib USE_MATPLOTLIB]
                    [--use_tensorboard USE_TENSORBOARD]
                    [--create_graph_in_tensorboard CREATE_GRAPH_IN_TENSORBOARD]
                    [--use_wandb USE_WANDB] [--wandb_project WANDB_PROJECT]
                    [--wandb_id WANDB_ID] [--wandb_entity WANDB_ENTITY]
                    [--wandb_name WANDB_NAME]
                    [--wandb_model_log_interval WANDB_MODEL_LOG_INTERVAL]
                    [--detect_anomaly DETECT_ANOMALY]
                    [--use_adapter USE_ADAPTER] [--adapter {lora,houlsby}]
                    [--save_strategy {all,adapter_only,required_grad_only}]
                    [--adapter_conf ADAPTER_CONF]
                    [--pretrain_path PRETRAIN_PATH]
                    [--init_param [INIT_PARAM ...]]
                    [--ignore_init_mismatch IGNORE_INIT_MISMATCH]
                    [--freeze_param [FREEZE_PARAM ...]]
                    [--num_iters_per_epoch NUM_ITERS_PER_EPOCH]
                    [--batch_size BATCH_SIZE]
                    [--valid_batch_size VALID_BATCH_SIZE]
                    [--batch_bins BATCH_BINS]
                    [--valid_batch_bins VALID_BATCH_BINS]
                    [--category_sample_size CATEGORY_SAMPLE_SIZE]
                    [--train_shape_file TRAIN_SHAPE_FILE]
                    [--valid_shape_file VALID_SHAPE_FILE]
                    [--batch_type {unsorted,sorted,folded,length,numel}]
                    [--valid_batch_type {unsorted,sorted,folded,length,numel,None}]
                    [--fold_length FOLD_LENGTH]
                    [--sort_in_batch {descending,ascending}]
                    [--shuffle_within_batch SHUFFLE_WITHIN_BATCH]
                    [--sort_batch {descending,ascending}]
                    [--multiple_iterator MULTIPLE_ITERATOR]
                    [--chunk_length CHUNK_LENGTH]
                    [--chunk_shift_ratio CHUNK_SHIFT_RATIO]
                    [--num_cache_chunks NUM_CACHE_CHUNKS]
                    [--chunk_excluded_key_prefixes CHUNK_EXCLUDED_KEY_PREFIXES [CHUNK_EXCLUDED_KEY_PREFIXES ...]]
                    [--chunk_default_fs CHUNK_DEFAULT_FS]
                    [--chunk_max_abs_length CHUNK_MAX_ABS_LENGTH]
                    [--chunk_discard_short_samples CHUNK_DISCARD_SHORT_SAMPLES]
                    [--train_data_path_and_name_and_type TRAIN_DATA_PATH_AND_NAME_AND_TYPE]
                    [--valid_data_path_and_name_and_type VALID_DATA_PATH_AND_NAME_AND_TYPE]
                    [--multi_task_dataset MULTI_TASK_DATASET]
                    [--allow_variable_data_keys ALLOW_VARIABLE_DATA_KEYS]
                    [--max_cache_size MAX_CACHE_SIZE]
                    [--max_cache_fd MAX_CACHE_FD]
                    [--allow_multi_rates ALLOW_MULTI_RATES]
                    [--valid_max_cache_size VALID_MAX_CACHE_SIZE]
                    [--exclude_weight_decay EXCLUDE_WEIGHT_DECAY]
                    [--exclude_weight_decay_conf EXCLUDE_WEIGHT_DECAY_CONF]
                    [--optim {adam,adamw,sgd,adadelta,adagrad,adamax,asgd,lbfgs,rmsprop,rprop,radam,accagd,adabound,adamod,diffgrad,lamb,novograd,pid,qhm,sgdw,yogi}]
                    [--optim_conf OPTIM_CONF]
                    [--scheduler {reducelronplateau,lambdalr,steplr,multisteplr,exponentiallr,cosineannealinglr,noamlr,warmuplr,piecewiselinearwarmuplr,warmupsteplr,warmupreducelronplateau,cycliclr,onecyclelr,cosineannealingwarmrestarts,cosineannealingwarmuprestarts,None}]
                    [--scheduler_conf SCHEDULER_CONF]
                    [--token_list TOKEN_LIST] [--odim ODIM]
                    [--model_conf MODEL_CONF]
                    [--use_preprocessor USE_PREPROCESSOR]
                    [--token_type {bpe,char,word,phn}] [--bpemodel BPEMODEL]
                    [--non_linguistic_symbols NON_LINGUISTIC_SYMBOLS]
                    [--cleaner {None,tacotron,jaconv,vietnamese,korean_cleaner}]
                    [--g2p {None,g2p_en,g2p_en_no_space,pyopenjtalk,pyopenjtalk_kana,pyopenjtalk_accent,pyopenjtalk_accent_with_pause,pyopenjtalk_prosody,pypinyin_g2p,pypinyin_g2p_phone,pypinyin_g2p_phone_without_prosody,espeak_ng_arabic,espeak_ng_german,espeak_ng_french,espeak_ng_spanish,espeak_ng_russian,espeak_ng_greek,espeak_ng_finnish,espeak_ng_hungarian,espeak_ng_dutch,espeak_ng_english_us_vits,espeak_ng_hindi,espeak_ng_italian,espeak_ng_ukrainian,espeak_ng_polish,g2pk,g2pk_no_space,g2pk_explicit_space,korean_jaso,korean_jaso_no_space,g2p_is}]
                    [--feats_extract {fbank,spectrogram,linear_spectrogram}]
                    [--feats_extract_conf FEATS_EXTRACT_CONF]
                    [--normalize {global_mvn,None}]
                    [--normalize_conf NORMALIZE_CONF]
                    [--tts {tacotron2,transformer,fastspeech,fastspeech2,prodiff,vits,joint_text2wav,jets}]
                    [--tts_conf TTS_CONF] [--pitch_extract {dio,None}]
                    [--pitch_extract_conf PITCH_EXTRACT_CONF]
                    [--pitch_normalize {global_mvn,None}]
                    [--pitch_normalize_conf PITCH_NORMALIZE_CONF]
                    [--energy_extract {energy,None}]
                    [--energy_extract_conf ENERGY_EXTRACT_CONF]
                    [--energy_normalize {global_mvn,None}]
                    [--energy_normalize_conf ENERGY_NORMALIZE_CONF]
tts_train.py: error: No such file: conf/train_d0_jets.yaml
Failed to import Flash Attention, using ESPnet default: No module named 'flash_attn'
# Accounting: time=526 threads=1
# Ended (code 2) at Wed Jun 25 02:10:52 JST 2025, elapsed time 526 seconds
# python3 -m espnet2.bin.tts_train --collect_stats true --write_collected_feats false --use_preprocessor true --token_type phn --token_list dump/token_list/phn_tacotron_g2p_en_no_space/tokens.txt --non_linguistic_symbols none --cleaner tacotron --g2p g2p_en_no_space --normalize none --pitch_normalize none --energy_normalize none --d0_normalize none --train_data_path_and_name_and_type dump/raw/tr_no_dev/text,text,text --train_data_path_and_name_and_type dump/raw/tr_no_dev/wav.scp,speech,sound --valid_data_path_and_name_and_type dump/raw/dev/text,text,text --valid_data_path_and_name_and_type dump/raw/dev/wav.scp,speech,sound --train_shape_file exp/tts_stats_raw_phn_tacotron_g2p_en_no_space/logdir/train.5.scp --valid_shape_file exp/tts_stats_raw_phn_tacotron_g2p_en_no_space/logdir/valid.5.scp --output_dir exp/tts_stats_raw_phn_tacotron_g2p_en_no_space/logdir/stats.5 --config conf/train_d0_jets.yaml --feats_extract fbank --feats_extract_conf n_fft=1024 --feats_extract_conf hop_length=256 --feats_extract_conf win_length=null --feats_extract_conf fs=22050 --feats_extract_conf fmin=80 --feats_extract_conf fmax=7600 --feats_extract_conf n_mels=80 --pitch_extract_conf fs=22050 --pitch_extract_conf n_fft=1024 --pitch_extract_conf hop_length=256 --pitch_extract_conf f0max=400 --pitch_extract_conf f0min=80 --energy_extract_conf fs=22050 --energy_extract_conf n_fft=1024 --energy_extract_conf hop_length=256 --energy_extract_conf win_length=null --d0_extract_conf fs=22050 --d0_extract_conf n_fft=1024 --d0_extract_conf hop_length=256 --d0_extract_conf win_length=null --d0_extract_conf fmin=80 --d0_extract_conf fmax=7600 --d0_extract_conf n_mels=80 
# Started at Wed Jun 25 02:02:05 JST 2025
#
/home/uesugi/.conda/envs/espnet/bin/python3 /home/uesugi/espnet/espnet/espnet2/bin/tts_train.py --collect_stats true --write_collected_feats false --use_preprocessor true --token_type phn --token_list dump/token_list/phn_tacotron_g2p_en_no_space/tokens.txt --non_linguistic_symbols none --cleaner tacotron --g2p g2p_en_no_space --normalize none --pitch_normalize none --energy_normalize none --d0_normalize none --train_data_path_and_name_and_type dump/raw/tr_no_dev/text,text,text --train_data_path_and_name_and_type dump/raw/tr_no_dev/wav.scp,speech,sound --valid_data_path_and_name_and_type dump/raw/dev/text,text,text --valid_data_path_and_name_and_type dump/raw/dev/wav.scp,speech,sound --train_shape_file exp/tts_stats_raw_phn_tacotron_g2p_en_no_space/logdir/train.5.scp --valid_shape_file exp/tts_stats_raw_phn_tacotron_g2p_en_no_space/logdir/valid.5.scp --output_dir exp/tts_stats_raw_phn_tacotron_g2p_en_no_space/logdir/stats.5 --config conf/train_d0_jets.yaml --feats_extract fbank --feats_extract_conf n_fft=1024 --feats_extract_conf hop_length=256 --feats_extract_conf win_length=null --feats_extract_conf fs=22050 --feats_extract_conf fmin=80 --feats_extract_conf fmax=7600 --feats_extract_conf n_mels=80 --pitch_extract_conf fs=22050 --pitch_extract_conf n_fft=1024 --pitch_extract_conf hop_length=256 --pitch_extract_conf f0max=400 --pitch_extract_conf f0min=80 --energy_extract_conf fs=22050 --energy_extract_conf n_fft=1024 --energy_extract_conf hop_length=256 --energy_extract_conf win_length=null --d0_extract_conf fs=22050 --d0_extract_conf n_fft=1024 --d0_extract_conf hop_length=256 --d0_extract_conf win_length=null --d0_extract_conf fmin=80 --d0_extract_conf fmax=7600 --d0_extract_conf n_mels=80
usage: tts_train.py [-h] [--config CONFIG] [--print_config]
                    [--log_level {ERROR,WARNING,INFO,DEBUG,NOTSET}]
                    [--drop_last_iter DROP_LAST_ITER] [--dry_run DRY_RUN]
                    [--iterator_type {sequence,category,chunk,task,none}]
                    [--valid_iterator_type {sequence,category,chunk,task,none}]
                    [--output_dir OUTPUT_DIR] [--ngpu NGPU] [--seed SEED]
                    [--num_workers NUM_WORKERS] [--num_att_plot NUM_ATT_PLOT]
                    [--dist_backend DIST_BACKEND]
                    [--dist_init_method DIST_INIT_METHOD]
                    [--dist_world_size DIST_WORLD_SIZE]
                    [--dist_rank DIST_RANK] [--local_rank LOCAL_RANK]
                    [--dist_master_addr DIST_MASTER_ADDR]
                    [--dist_master_port DIST_MASTER_PORT]
                    [--dist_launcher {slurm,mpi,None}]
                    [--multiprocessing_distributed MULTIPROCESSING_DISTRIBUTED]
                    [--unused_parameters UNUSED_PARAMETERS]
                    [--sharded_ddp SHARDED_DDP]
                    [--use_deepspeed USE_DEEPSPEED]
                    [--deepspeed_config DEEPSPEED_CONFIG]
                    [--gradient_as_bucket_view GRADIENT_AS_BUCKET_VIEW]
                    [--ddp_comm_hook {none,fp16_compress_hook,bf16_compress_hook}]
                    [--cudnn_enabled CUDNN_ENABLED]
                    [--cudnn_benchmark CUDNN_BENCHMARK]
                    [--cudnn_deterministic CUDNN_DETERMINISTIC]
                    [--use_tf32 USE_TF32] [--collect_stats COLLECT_STATS]
                    [--write_collected_feats WRITE_COLLECTED_FEATS]
                    [--max_epoch MAX_EPOCH] [--patience PATIENCE]
                    [--val_scheduler_criterion VAL_SCHEDULER_CRITERION VAL_SCHEDULER_CRITERION]
                    [--early_stopping_criterion EARLY_STOPPING_CRITERION EARLY_STOPPING_CRITERION EARLY_STOPPING_CRITERION]
                    [--best_model_criterion BEST_MODEL_CRITERION [BEST_MODEL_CRITERION ...]]
                    [--keep_nbest_models KEEP_NBEST_MODELS [KEEP_NBEST_MODELS ...]]
                    [--nbest_averaging_interval NBEST_AVERAGING_INTERVAL]
                    [--grad_clip GRAD_CLIP] [--grad_clip_type GRAD_CLIP_TYPE]
                    [--grad_noise GRAD_NOISE] [--accum_grad ACCUM_GRAD]
                    [--no_forward_run NO_FORWARD_RUN] [--resume RESUME]
                    [--train_dtype {float16,float32,float64}]
                    [--use_amp USE_AMP] [--log_interval LOG_INTERVAL]
                    [--use_matplotlib USE_MATPLOTLIB]
                    [--use_tensorboard USE_TENSORBOARD]
                    [--create_graph_in_tensorboard CREATE_GRAPH_IN_TENSORBOARD]
                    [--use_wandb USE_WANDB] [--wandb_project WANDB_PROJECT]
                    [--wandb_id WANDB_ID] [--wandb_entity WANDB_ENTITY]
                    [--wandb_name WANDB_NAME]
                    [--wandb_model_log_interval WANDB_MODEL_LOG_INTERVAL]
                    [--detect_anomaly DETECT_ANOMALY]
                    [--use_adapter USE_ADAPTER] [--adapter {lora,houlsby}]
                    [--save_strategy {all,adapter_only,required_grad_only}]
                    [--adapter_conf ADAPTER_CONF]
                    [--pretrain_path PRETRAIN_PATH]
                    [--init_param [INIT_PARAM ...]]
                    [--ignore_init_mismatch IGNORE_INIT_MISMATCH]
                    [--freeze_param [FREEZE_PARAM ...]]
                    [--num_iters_per_epoch NUM_ITERS_PER_EPOCH]
                    [--batch_size BATCH_SIZE]
                    [--valid_batch_size VALID_BATCH_SIZE]
                    [--batch_bins BATCH_BINS]
                    [--valid_batch_bins VALID_BATCH_BINS]
                    [--category_sample_size CATEGORY_SAMPLE_SIZE]
                    [--train_shape_file TRAIN_SHAPE_FILE]
                    [--valid_shape_file VALID_SHAPE_FILE]
                    [--batch_type {unsorted,sorted,folded,length,numel}]
                    [--valid_batch_type {unsorted,sorted,folded,length,numel,None}]
                    [--fold_length FOLD_LENGTH]
                    [--sort_in_batch {descending,ascending}]
                    [--shuffle_within_batch SHUFFLE_WITHIN_BATCH]
                    [--sort_batch {descending,ascending}]
                    [--multiple_iterator MULTIPLE_ITERATOR]
                    [--chunk_length CHUNK_LENGTH]
                    [--chunk_shift_ratio CHUNK_SHIFT_RATIO]
                    [--num_cache_chunks NUM_CACHE_CHUNKS]
                    [--chunk_excluded_key_prefixes CHUNK_EXCLUDED_KEY_PREFIXES [CHUNK_EXCLUDED_KEY_PREFIXES ...]]
                    [--chunk_default_fs CHUNK_DEFAULT_FS]
                    [--chunk_max_abs_length CHUNK_MAX_ABS_LENGTH]
                    [--chunk_discard_short_samples CHUNK_DISCARD_SHORT_SAMPLES]
                    [--train_data_path_and_name_and_type TRAIN_DATA_PATH_AND_NAME_AND_TYPE]
                    [--valid_data_path_and_name_and_type VALID_DATA_PATH_AND_NAME_AND_TYPE]
                    [--multi_task_dataset MULTI_TASK_DATASET]
                    [--allow_variable_data_keys ALLOW_VARIABLE_DATA_KEYS]
                    [--max_cache_size MAX_CACHE_SIZE]
                    [--max_cache_fd MAX_CACHE_FD]
                    [--allow_multi_rates ALLOW_MULTI_RATES]
                    [--valid_max_cache_size VALID_MAX_CACHE_SIZE]
                    [--exclude_weight_decay EXCLUDE_WEIGHT_DECAY]
                    [--exclude_weight_decay_conf EXCLUDE_WEIGHT_DECAY_CONF]
                    [--optim {adam,adamw,sgd,adadelta,adagrad,adamax,asgd,lbfgs,rmsprop,rprop,radam,accagd,adabound,adamod,diffgrad,lamb,novograd,pid,qhm,sgdw,yogi}]
                    [--optim_conf OPTIM_CONF]
                    [--scheduler {reducelronplateau,lambdalr,steplr,multisteplr,exponentiallr,cosineannealinglr,noamlr,warmuplr,piecewiselinearwarmuplr,warmupsteplr,warmupreducelronplateau,cycliclr,onecyclelr,cosineannealingwarmrestarts,cosineannealingwarmuprestarts,None}]
                    [--scheduler_conf SCHEDULER_CONF]
                    [--token_list TOKEN_LIST] [--odim ODIM]
                    [--model_conf MODEL_CONF]
                    [--use_preprocessor USE_PREPROCESSOR]
                    [--token_type {bpe,char,word,phn}] [--bpemodel BPEMODEL]
                    [--non_linguistic_symbols NON_LINGUISTIC_SYMBOLS]
                    [--cleaner {None,tacotron,jaconv,vietnamese,korean_cleaner}]
                    [--g2p {None,g2p_en,g2p_en_no_space,pyopenjtalk,pyopenjtalk_kana,pyopenjtalk_accent,pyopenjtalk_accent_with_pause,pyopenjtalk_prosody,pypinyin_g2p,pypinyin_g2p_phone,pypinyin_g2p_phone_without_prosody,espeak_ng_arabic,espeak_ng_german,espeak_ng_french,espeak_ng_spanish,espeak_ng_russian,espeak_ng_greek,espeak_ng_finnish,espeak_ng_hungarian,espeak_ng_dutch,espeak_ng_english_us_vits,espeak_ng_hindi,espeak_ng_italian,espeak_ng_ukrainian,espeak_ng_polish,g2pk,g2pk_no_space,g2pk_explicit_space,korean_jaso,korean_jaso_no_space,g2p_is}]
                    [--feats_extract {fbank,spectrogram,linear_spectrogram}]
                    [--feats_extract_conf FEATS_EXTRACT_CONF]
                    [--normalize {global_mvn,None}]
                    [--normalize_conf NORMALIZE_CONF]
                    [--tts {tacotron2,transformer,fastspeech,fastspeech2,prodiff,vits,joint_text2wav,jets}]
                    [--tts_conf TTS_CONF] [--pitch_extract {dio,None}]
                    [--pitch_extract_conf PITCH_EXTRACT_CONF]
                    [--pitch_normalize {global_mvn,None}]
                    [--pitch_normalize_conf PITCH_NORMALIZE_CONF]
                    [--energy_extract {energy,None}]
                    [--energy_extract_conf ENERGY_EXTRACT_CONF]
                    [--energy_normalize {global_mvn,None}]
                    [--energy_normalize_conf ENERGY_NORMALIZE_CONF]
tts_train.py: error: No such file: conf/train_d0_jets.yaml
Failed to import Flash Attention, using ESPnet default: No module named 'flash_attn'
# Accounting: time=526 threads=1
# Ended (code 2) at Wed Jun 25 02:10:52 JST 2025, elapsed time 526 seconds
# python3 -m espnet2.bin.tts_train --collect_stats true --write_collected_feats false --use_preprocessor true --token_type phn --token_list dump/token_list/phn_tacotron_g2p_en_no_space/tokens.txt --non_linguistic_symbols none --cleaner tacotron --g2p g2p_en_no_space --normalize none --pitch_normalize none --energy_normalize none --d0_normalize none --train_data_path_and_name_and_type dump/raw/tr_no_dev/text,text,text --train_data_path_and_name_and_type dump/raw/tr_no_dev/wav.scp,speech,sound --valid_data_path_and_name_and_type dump/raw/dev/text,text,text --valid_data_path_and_name_and_type dump/raw/dev/wav.scp,speech,sound --train_shape_file exp/tts_stats_raw_phn_tacotron_g2p_en_no_space/logdir/train.6.scp --valid_shape_file exp/tts_stats_raw_phn_tacotron_g2p_en_no_space/logdir/valid.6.scp --output_dir exp/tts_stats_raw_phn_tacotron_g2p_en_no_space/logdir/stats.6 --config conf/train_d0_jets.yaml --feats_extract fbank --feats_extract_conf n_fft=1024 --feats_extract_conf hop_length=256 --feats_extract_conf win_length=null --feats_extract_conf fs=22050 --feats_extract_conf fmin=80 --feats_extract_conf fmax=7600 --feats_extract_conf n_mels=80 --pitch_extract_conf fs=22050 --pitch_extract_conf n_fft=1024 --pitch_extract_conf hop_length=256 --pitch_extract_conf f0max=400 --pitch_extract_conf f0min=80 --energy_extract_conf fs=22050 --energy_extract_conf n_fft=1024 --energy_extract_conf hop_length=256 --energy_extract_conf win_length=null --d0_extract_conf fs=22050 --d0_extract_conf n_fft=1024 --d0_extract_conf hop_length=256 --d0_extract_conf win_length=null --d0_extract_conf fmin=80 --d0_extract_conf fmax=7600 --d0_extract_conf n_mels=80 
# Started at Wed Jun 25 02:02:05 JST 2025
#
/home/uesugi/.conda/envs/espnet/bin/python3 /home/uesugi/espnet/espnet/espnet2/bin/tts_train.py --collect_stats true --write_collected_feats false --use_preprocessor true --token_type phn --token_list dump/token_list/phn_tacotron_g2p_en_no_space/tokens.txt --non_linguistic_symbols none --cleaner tacotron --g2p g2p_en_no_space --normalize none --pitch_normalize none --energy_normalize none --d0_normalize none --train_data_path_and_name_and_type dump/raw/tr_no_dev/text,text,text --train_data_path_and_name_and_type dump/raw/tr_no_dev/wav.scp,speech,sound --valid_data_path_and_name_and_type dump/raw/dev/text,text,text --valid_data_path_and_name_and_type dump/raw/dev/wav.scp,speech,sound --train_shape_file exp/tts_stats_raw_phn_tacotron_g2p_en_no_space/logdir/train.6.scp --valid_shape_file exp/tts_stats_raw_phn_tacotron_g2p_en_no_space/logdir/valid.6.scp --output_dir exp/tts_stats_raw_phn_tacotron_g2p_en_no_space/logdir/stats.6 --config conf/train_d0_jets.yaml --feats_extract fbank --feats_extract_conf n_fft=1024 --feats_extract_conf hop_length=256 --feats_extract_conf win_length=null --feats_extract_conf fs=22050 --feats_extract_conf fmin=80 --feats_extract_conf fmax=7600 --feats_extract_conf n_mels=80 --pitch_extract_conf fs=22050 --pitch_extract_conf n_fft=1024 --pitch_extract_conf hop_length=256 --pitch_extract_conf f0max=400 --pitch_extract_conf f0min=80 --energy_extract_conf fs=22050 --energy_extract_conf n_fft=1024 --energy_extract_conf hop_length=256 --energy_extract_conf win_length=null --d0_extract_conf fs=22050 --d0_extract_conf n_fft=1024 --d0_extract_conf hop_length=256 --d0_extract_conf win_length=null --d0_extract_conf fmin=80 --d0_extract_conf fmax=7600 --d0_extract_conf n_mels=80
usage: tts_train.py [-h] [--config CONFIG] [--print_config]
                    [--log_level {ERROR,WARNING,INFO,DEBUG,NOTSET}]
                    [--drop_last_iter DROP_LAST_ITER] [--dry_run DRY_RUN]
                    [--iterator_type {sequence,category,chunk,task,none}]
                    [--valid_iterator_type {sequence,category,chunk,task,none}]
                    [--output_dir OUTPUT_DIR] [--ngpu NGPU] [--seed SEED]
                    [--num_workers NUM_WORKERS] [--num_att_plot NUM_ATT_PLOT]
                    [--dist_backend DIST_BACKEND]
                    [--dist_init_method DIST_INIT_METHOD]
                    [--dist_world_size DIST_WORLD_SIZE]
                    [--dist_rank DIST_RANK] [--local_rank LOCAL_RANK]
                    [--dist_master_addr DIST_MASTER_ADDR]
                    [--dist_master_port DIST_MASTER_PORT]
                    [--dist_launcher {slurm,mpi,None}]
                    [--multiprocessing_distributed MULTIPROCESSING_DISTRIBUTED]
                    [--unused_parameters UNUSED_PARAMETERS]
                    [--sharded_ddp SHARDED_DDP]
                    [--use_deepspeed USE_DEEPSPEED]
                    [--deepspeed_config DEEPSPEED_CONFIG]
                    [--gradient_as_bucket_view GRADIENT_AS_BUCKET_VIEW]
                    [--ddp_comm_hook {none,fp16_compress_hook,bf16_compress_hook}]
                    [--cudnn_enabled CUDNN_ENABLED]
                    [--cudnn_benchmark CUDNN_BENCHMARK]
                    [--cudnn_deterministic CUDNN_DETERMINISTIC]
                    [--use_tf32 USE_TF32] [--collect_stats COLLECT_STATS]
                    [--write_collected_feats WRITE_COLLECTED_FEATS]
                    [--max_epoch MAX_EPOCH] [--patience PATIENCE]
                    [--val_scheduler_criterion VAL_SCHEDULER_CRITERION VAL_SCHEDULER_CRITERION]
                    [--early_stopping_criterion EARLY_STOPPING_CRITERION EARLY_STOPPING_CRITERION EARLY_STOPPING_CRITERION]
                    [--best_model_criterion BEST_MODEL_CRITERION [BEST_MODEL_CRITERION ...]]
                    [--keep_nbest_models KEEP_NBEST_MODELS [KEEP_NBEST_MODELS ...]]
                    [--nbest_averaging_interval NBEST_AVERAGING_INTERVAL]
                    [--grad_clip GRAD_CLIP] [--grad_clip_type GRAD_CLIP_TYPE]
                    [--grad_noise GRAD_NOISE] [--accum_grad ACCUM_GRAD]
                    [--no_forward_run NO_FORWARD_RUN] [--resume RESUME]
                    [--train_dtype {float16,float32,float64}]
                    [--use_amp USE_AMP] [--log_interval LOG_INTERVAL]
                    [--use_matplotlib USE_MATPLOTLIB]
                    [--use_tensorboard USE_TENSORBOARD]
                    [--create_graph_in_tensorboard CREATE_GRAPH_IN_TENSORBOARD]
                    [--use_wandb USE_WANDB] [--wandb_project WANDB_PROJECT]
                    [--wandb_id WANDB_ID] [--wandb_entity WANDB_ENTITY]
                    [--wandb_name WANDB_NAME]
                    [--wandb_model_log_interval WANDB_MODEL_LOG_INTERVAL]
                    [--detect_anomaly DETECT_ANOMALY]
                    [--use_adapter USE_ADAPTER] [--adapter {lora,houlsby}]
                    [--save_strategy {all,adapter_only,required_grad_only}]
                    [--adapter_conf ADAPTER_CONF]
                    [--pretrain_path PRETRAIN_PATH]
                    [--init_param [INIT_PARAM ...]]
                    [--ignore_init_mismatch IGNORE_INIT_MISMATCH]
                    [--freeze_param [FREEZE_PARAM ...]]
                    [--num_iters_per_epoch NUM_ITERS_PER_EPOCH]
                    [--batch_size BATCH_SIZE]
                    [--valid_batch_size VALID_BATCH_SIZE]
                    [--batch_bins BATCH_BINS]
                    [--valid_batch_bins VALID_BATCH_BINS]
                    [--category_sample_size CATEGORY_SAMPLE_SIZE]
                    [--train_shape_file TRAIN_SHAPE_FILE]
                    [--valid_shape_file VALID_SHAPE_FILE]
                    [--batch_type {unsorted,sorted,folded,length,numel}]
                    [--valid_batch_type {unsorted,sorted,folded,length,numel,None}]
                    [--fold_length FOLD_LENGTH]
                    [--sort_in_batch {descending,ascending}]
                    [--shuffle_within_batch SHUFFLE_WITHIN_BATCH]
                    [--sort_batch {descending,ascending}]
                    [--multiple_iterator MULTIPLE_ITERATOR]
                    [--chunk_length CHUNK_LENGTH]
                    [--chunk_shift_ratio CHUNK_SHIFT_RATIO]
                    [--num_cache_chunks NUM_CACHE_CHUNKS]
                    [--chunk_excluded_key_prefixes CHUNK_EXCLUDED_KEY_PREFIXES [CHUNK_EXCLUDED_KEY_PREFIXES ...]]
                    [--chunk_default_fs CHUNK_DEFAULT_FS]
                    [--chunk_max_abs_length CHUNK_MAX_ABS_LENGTH]
                    [--chunk_discard_short_samples CHUNK_DISCARD_SHORT_SAMPLES]
                    [--train_data_path_and_name_and_type TRAIN_DATA_PATH_AND_NAME_AND_TYPE]
                    [--valid_data_path_and_name_and_type VALID_DATA_PATH_AND_NAME_AND_TYPE]
                    [--multi_task_dataset MULTI_TASK_DATASET]
                    [--allow_variable_data_keys ALLOW_VARIABLE_DATA_KEYS]
                    [--max_cache_size MAX_CACHE_SIZE]
                    [--max_cache_fd MAX_CACHE_FD]
                    [--allow_multi_rates ALLOW_MULTI_RATES]
                    [--valid_max_cache_size VALID_MAX_CACHE_SIZE]
                    [--exclude_weight_decay EXCLUDE_WEIGHT_DECAY]
                    [--exclude_weight_decay_conf EXCLUDE_WEIGHT_DECAY_CONF]
                    [--optim {adam,adamw,sgd,adadelta,adagrad,adamax,asgd,lbfgs,rmsprop,rprop,radam,accagd,adabound,adamod,diffgrad,lamb,novograd,pid,qhm,sgdw,yogi}]
                    [--optim_conf OPTIM_CONF]
                    [--scheduler {reducelronplateau,lambdalr,steplr,multisteplr,exponentiallr,cosineannealinglr,noamlr,warmuplr,piecewiselinearwarmuplr,warmupsteplr,warmupreducelronplateau,cycliclr,onecyclelr,cosineannealingwarmrestarts,cosineannealingwarmuprestarts,None}]
                    [--scheduler_conf SCHEDULER_CONF]
                    [--token_list TOKEN_LIST] [--odim ODIM]
                    [--model_conf MODEL_CONF]
                    [--use_preprocessor USE_PREPROCESSOR]
                    [--token_type {bpe,char,word,phn}] [--bpemodel BPEMODEL]
                    [--non_linguistic_symbols NON_LINGUISTIC_SYMBOLS]
                    [--cleaner {None,tacotron,jaconv,vietnamese,korean_cleaner}]
                    [--g2p {None,g2p_en,g2p_en_no_space,pyopenjtalk,pyopenjtalk_kana,pyopenjtalk_accent,pyopenjtalk_accent_with_pause,pyopenjtalk_prosody,pypinyin_g2p,pypinyin_g2p_phone,pypinyin_g2p_phone_without_prosody,espeak_ng_arabic,espeak_ng_german,espeak_ng_french,espeak_ng_spanish,espeak_ng_russian,espeak_ng_greek,espeak_ng_finnish,espeak_ng_hungarian,espeak_ng_dutch,espeak_ng_english_us_vits,espeak_ng_hindi,espeak_ng_italian,espeak_ng_ukrainian,espeak_ng_polish,g2pk,g2pk_no_space,g2pk_explicit_space,korean_jaso,korean_jaso_no_space,g2p_is}]
                    [--feats_extract {fbank,spectrogram,linear_spectrogram}]
                    [--feats_extract_conf FEATS_EXTRACT_CONF]
                    [--normalize {global_mvn,None}]
                    [--normalize_conf NORMALIZE_CONF]
                    [--tts {tacotron2,transformer,fastspeech,fastspeech2,prodiff,vits,joint_text2wav,jets}]
                    [--tts_conf TTS_CONF] [--pitch_extract {dio,None}]
                    [--pitch_extract_conf PITCH_EXTRACT_CONF]
                    [--pitch_normalize {global_mvn,None}]
                    [--pitch_normalize_conf PITCH_NORMALIZE_CONF]
                    [--energy_extract {energy,None}]
                    [--energy_extract_conf ENERGY_EXTRACT_CONF]
                    [--energy_normalize {global_mvn,None}]
                    [--energy_normalize_conf ENERGY_NORMALIZE_CONF]
tts_train.py: error: No such file: conf/train_d0_jets.yaml
Failed to import Flash Attention, using ESPnet default: No module named 'flash_attn'
# Accounting: time=527 threads=1
# Ended (code 2) at Wed Jun 25 02:10:52 JST 2025, elapsed time 527 seconds
# python3 -m espnet2.bin.tts_train --collect_stats true --write_collected_feats false --use_preprocessor true --token_type phn --token_list dump/token_list/phn_tacotron_g2p_en_no_space/tokens.txt --non_linguistic_symbols none --cleaner tacotron --g2p g2p_en_no_space --normalize none --pitch_normalize none --energy_normalize none --d0_normalize none --train_data_path_and_name_and_type dump/raw/tr_no_dev/text,text,text --train_data_path_and_name_and_type dump/raw/tr_no_dev/wav.scp,speech,sound --valid_data_path_and_name_and_type dump/raw/dev/text,text,text --valid_data_path_and_name_and_type dump/raw/dev/wav.scp,speech,sound --train_shape_file exp/tts_stats_raw_phn_tacotron_g2p_en_no_space/logdir/train.7.scp --valid_shape_file exp/tts_stats_raw_phn_tacotron_g2p_en_no_space/logdir/valid.7.scp --output_dir exp/tts_stats_raw_phn_tacotron_g2p_en_no_space/logdir/stats.7 --config conf/train_d0_jets.yaml --feats_extract fbank --feats_extract_conf n_fft=1024 --feats_extract_conf hop_length=256 --feats_extract_conf win_length=null --feats_extract_conf fs=22050 --feats_extract_conf fmin=80 --feats_extract_conf fmax=7600 --feats_extract_conf n_mels=80 --pitch_extract_conf fs=22050 --pitch_extract_conf n_fft=1024 --pitch_extract_conf hop_length=256 --pitch_extract_conf f0max=400 --pitch_extract_conf f0min=80 --energy_extract_conf fs=22050 --energy_extract_conf n_fft=1024 --energy_extract_conf hop_length=256 --energy_extract_conf win_length=null --d0_extract_conf fs=22050 --d0_extract_conf n_fft=1024 --d0_extract_conf hop_length=256 --d0_extract_conf win_length=null --d0_extract_conf fmin=80 --d0_extract_conf fmax=7600 --d0_extract_conf n_mels=80 
# Started at Wed Jun 25 02:02:05 JST 2025
#
/home/uesugi/.conda/envs/espnet/bin/python3 /home/uesugi/espnet/espnet/espnet2/bin/tts_train.py --collect_stats true --write_collected_feats false --use_preprocessor true --token_type phn --token_list dump/token_list/phn_tacotron_g2p_en_no_space/tokens.txt --non_linguistic_symbols none --cleaner tacotron --g2p g2p_en_no_space --normalize none --pitch_normalize none --energy_normalize none --d0_normalize none --train_data_path_and_name_and_type dump/raw/tr_no_dev/text,text,text --train_data_path_and_name_and_type dump/raw/tr_no_dev/wav.scp,speech,sound --valid_data_path_and_name_and_type dump/raw/dev/text,text,text --valid_data_path_and_name_and_type dump/raw/dev/wav.scp,speech,sound --train_shape_file exp/tts_stats_raw_phn_tacotron_g2p_en_no_space/logdir/train.7.scp --valid_shape_file exp/tts_stats_raw_phn_tacotron_g2p_en_no_space/logdir/valid.7.scp --output_dir exp/tts_stats_raw_phn_tacotron_g2p_en_no_space/logdir/stats.7 --config conf/train_d0_jets.yaml --feats_extract fbank --feats_extract_conf n_fft=1024 --feats_extract_conf hop_length=256 --feats_extract_conf win_length=null --feats_extract_conf fs=22050 --feats_extract_conf fmin=80 --feats_extract_conf fmax=7600 --feats_extract_conf n_mels=80 --pitch_extract_conf fs=22050 --pitch_extract_conf n_fft=1024 --pitch_extract_conf hop_length=256 --pitch_extract_conf f0max=400 --pitch_extract_conf f0min=80 --energy_extract_conf fs=22050 --energy_extract_conf n_fft=1024 --energy_extract_conf hop_length=256 --energy_extract_conf win_length=null --d0_extract_conf fs=22050 --d0_extract_conf n_fft=1024 --d0_extract_conf hop_length=256 --d0_extract_conf win_length=null --d0_extract_conf fmin=80 --d0_extract_conf fmax=7600 --d0_extract_conf n_mels=80
usage: tts_train.py [-h] [--config CONFIG] [--print_config]
                    [--log_level {ERROR,WARNING,INFO,DEBUG,NOTSET}]
                    [--drop_last_iter DROP_LAST_ITER] [--dry_run DRY_RUN]
                    [--iterator_type {sequence,category,chunk,task,none}]
                    [--valid_iterator_type {sequence,category,chunk,task,none}]
                    [--output_dir OUTPUT_DIR] [--ngpu NGPU] [--seed SEED]
                    [--num_workers NUM_WORKERS] [--num_att_plot NUM_ATT_PLOT]
                    [--dist_backend DIST_BACKEND]
                    [--dist_init_method DIST_INIT_METHOD]
                    [--dist_world_size DIST_WORLD_SIZE]
                    [--dist_rank DIST_RANK] [--local_rank LOCAL_RANK]
                    [--dist_master_addr DIST_MASTER_ADDR]
                    [--dist_master_port DIST_MASTER_PORT]
                    [--dist_launcher {slurm,mpi,None}]
                    [--multiprocessing_distributed MULTIPROCESSING_DISTRIBUTED]
                    [--unused_parameters UNUSED_PARAMETERS]
                    [--sharded_ddp SHARDED_DDP]
                    [--use_deepspeed USE_DEEPSPEED]
                    [--deepspeed_config DEEPSPEED_CONFIG]
                    [--gradient_as_bucket_view GRADIENT_AS_BUCKET_VIEW]
                    [--ddp_comm_hook {none,fp16_compress_hook,bf16_compress_hook}]
                    [--cudnn_enabled CUDNN_ENABLED]
                    [--cudnn_benchmark CUDNN_BENCHMARK]
                    [--cudnn_deterministic CUDNN_DETERMINISTIC]
                    [--use_tf32 USE_TF32] [--collect_stats COLLECT_STATS]
                    [--write_collected_feats WRITE_COLLECTED_FEATS]
                    [--max_epoch MAX_EPOCH] [--patience PATIENCE]
                    [--val_scheduler_criterion VAL_SCHEDULER_CRITERION VAL_SCHEDULER_CRITERION]
                    [--early_stopping_criterion EARLY_STOPPING_CRITERION EARLY_STOPPING_CRITERION EARLY_STOPPING_CRITERION]
                    [--best_model_criterion BEST_MODEL_CRITERION [BEST_MODEL_CRITERION ...]]
                    [--keep_nbest_models KEEP_NBEST_MODELS [KEEP_NBEST_MODELS ...]]
                    [--nbest_averaging_interval NBEST_AVERAGING_INTERVAL]
                    [--grad_clip GRAD_CLIP] [--grad_clip_type GRAD_CLIP_TYPE]
                    [--grad_noise GRAD_NOISE] [--accum_grad ACCUM_GRAD]
                    [--no_forward_run NO_FORWARD_RUN] [--resume RESUME]
                    [--train_dtype {float16,float32,float64}]
                    [--use_amp USE_AMP] [--log_interval LOG_INTERVAL]
                    [--use_matplotlib USE_MATPLOTLIB]
                    [--use_tensorboard USE_TENSORBOARD]
                    [--create_graph_in_tensorboard CREATE_GRAPH_IN_TENSORBOARD]
                    [--use_wandb USE_WANDB] [--wandb_project WANDB_PROJECT]
                    [--wandb_id WANDB_ID] [--wandb_entity WANDB_ENTITY]
                    [--wandb_name WANDB_NAME]
                    [--wandb_model_log_interval WANDB_MODEL_LOG_INTERVAL]
                    [--detect_anomaly DETECT_ANOMALY]
                    [--use_adapter USE_ADAPTER] [--adapter {lora,houlsby}]
                    [--save_strategy {all,adapter_only,required_grad_only}]
                    [--adapter_conf ADAPTER_CONF]
                    [--pretrain_path PRETRAIN_PATH]
                    [--init_param [INIT_PARAM ...]]
                    [--ignore_init_mismatch IGNORE_INIT_MISMATCH]
                    [--freeze_param [FREEZE_PARAM ...]]
                    [--num_iters_per_epoch NUM_ITERS_PER_EPOCH]
                    [--batch_size BATCH_SIZE]
                    [--valid_batch_size VALID_BATCH_SIZE]
                    [--batch_bins BATCH_BINS]
                    [--valid_batch_bins VALID_BATCH_BINS]
                    [--category_sample_size CATEGORY_SAMPLE_SIZE]
                    [--train_shape_file TRAIN_SHAPE_FILE]
                    [--valid_shape_file VALID_SHAPE_FILE]
                    [--batch_type {unsorted,sorted,folded,length,numel}]
                    [--valid_batch_type {unsorted,sorted,folded,length,numel,None}]
                    [--fold_length FOLD_LENGTH]
                    [--sort_in_batch {descending,ascending}]
                    [--shuffle_within_batch SHUFFLE_WITHIN_BATCH]
                    [--sort_batch {descending,ascending}]
                    [--multiple_iterator MULTIPLE_ITERATOR]
                    [--chunk_length CHUNK_LENGTH]
                    [--chunk_shift_ratio CHUNK_SHIFT_RATIO]
                    [--num_cache_chunks NUM_CACHE_CHUNKS]
                    [--chunk_excluded_key_prefixes CHUNK_EXCLUDED_KEY_PREFIXES [CHUNK_EXCLUDED_KEY_PREFIXES ...]]
                    [--chunk_default_fs CHUNK_DEFAULT_FS]
                    [--chunk_max_abs_length CHUNK_MAX_ABS_LENGTH]
                    [--chunk_discard_short_samples CHUNK_DISCARD_SHORT_SAMPLES]
                    [--train_data_path_and_name_and_type TRAIN_DATA_PATH_AND_NAME_AND_TYPE]
                    [--valid_data_path_and_name_and_type VALID_DATA_PATH_AND_NAME_AND_TYPE]
                    [--multi_task_dataset MULTI_TASK_DATASET]
                    [--allow_variable_data_keys ALLOW_VARIABLE_DATA_KEYS]
                    [--max_cache_size MAX_CACHE_SIZE]
                    [--max_cache_fd MAX_CACHE_FD]
                    [--allow_multi_rates ALLOW_MULTI_RATES]
                    [--valid_max_cache_size VALID_MAX_CACHE_SIZE]
                    [--exclude_weight_decay EXCLUDE_WEIGHT_DECAY]
                    [--exclude_weight_decay_conf EXCLUDE_WEIGHT_DECAY_CONF]
                    [--optim {adam,adamw,sgd,adadelta,adagrad,adamax,asgd,lbfgs,rmsprop,rprop,radam,accagd,adabound,adamod,diffgrad,lamb,novograd,pid,qhm,sgdw,yogi}]
                    [--optim_conf OPTIM_CONF]
                    [--scheduler {reducelronplateau,lambdalr,steplr,multisteplr,exponentiallr,cosineannealinglr,noamlr,warmuplr,piecewiselinearwarmuplr,warmupsteplr,warmupreducelronplateau,cycliclr,onecyclelr,cosineannealingwarmrestarts,cosineannealingwarmuprestarts,None}]
                    [--scheduler_conf SCHEDULER_CONF]
                    [--token_list TOKEN_LIST] [--odim ODIM]
                    [--model_conf MODEL_CONF]
                    [--use_preprocessor USE_PREPROCESSOR]
                    [--token_type {bpe,char,word,phn}] [--bpemodel BPEMODEL]
                    [--non_linguistic_symbols NON_LINGUISTIC_SYMBOLS]
                    [--cleaner {None,tacotron,jaconv,vietnamese,korean_cleaner}]
                    [--g2p {None,g2p_en,g2p_en_no_space,pyopenjtalk,pyopenjtalk_kana,pyopenjtalk_accent,pyopenjtalk_accent_with_pause,pyopenjtalk_prosody,pypinyin_g2p,pypinyin_g2p_phone,pypinyin_g2p_phone_without_prosody,espeak_ng_arabic,espeak_ng_german,espeak_ng_french,espeak_ng_spanish,espeak_ng_russian,espeak_ng_greek,espeak_ng_finnish,espeak_ng_hungarian,espeak_ng_dutch,espeak_ng_english_us_vits,espeak_ng_hindi,espeak_ng_italian,espeak_ng_ukrainian,espeak_ng_polish,g2pk,g2pk_no_space,g2pk_explicit_space,korean_jaso,korean_jaso_no_space,g2p_is}]
                    [--feats_extract {fbank,spectrogram,linear_spectrogram}]
                    [--feats_extract_conf FEATS_EXTRACT_CONF]
                    [--normalize {global_mvn,None}]
                    [--normalize_conf NORMALIZE_CONF]
                    [--tts {tacotron2,transformer,fastspeech,fastspeech2,prodiff,vits,joint_text2wav,jets}]
                    [--tts_conf TTS_CONF] [--pitch_extract {dio,None}]
                    [--pitch_extract_conf PITCH_EXTRACT_CONF]
                    [--pitch_normalize {global_mvn,None}]
                    [--pitch_normalize_conf PITCH_NORMALIZE_CONF]
                    [--energy_extract {energy,None}]
                    [--energy_extract_conf ENERGY_EXTRACT_CONF]
                    [--energy_normalize {global_mvn,None}]
                    [--energy_normalize_conf ENERGY_NORMALIZE_CONF]
tts_train.py: error: No such file: conf/train_d0_jets.yaml
Failed to import Flash Attention, using ESPnet default: No module named 'flash_attn'
# Accounting: time=526 threads=1
# Ended (code 2) at Wed Jun 25 02:10:52 JST 2025, elapsed time 526 seconds
# python3 -m espnet2.bin.tts_train --collect_stats true --write_collected_feats false --use_preprocessor true --token_type phn --token_list dump/token_list/phn_tacotron_g2p_en_no_space/tokens.txt --non_linguistic_symbols none --cleaner tacotron --g2p g2p_en_no_space --normalize none --pitch_normalize none --energy_normalize none --d0_normalize none --train_data_path_and_name_and_type dump/raw/tr_no_dev/text,text,text --train_data_path_and_name_and_type dump/raw/tr_no_dev/wav.scp,speech,sound --valid_data_path_and_name_and_type dump/raw/dev/text,text,text --valid_data_path_and_name_and_type dump/raw/dev/wav.scp,speech,sound --train_shape_file exp/tts_stats_raw_phn_tacotron_g2p_en_no_space/logdir/train.8.scp --valid_shape_file exp/tts_stats_raw_phn_tacotron_g2p_en_no_space/logdir/valid.8.scp --output_dir exp/tts_stats_raw_phn_tacotron_g2p_en_no_space/logdir/stats.8 --config conf/train_d0_jets.yaml --feats_extract fbank --feats_extract_conf n_fft=1024 --feats_extract_conf hop_length=256 --feats_extract_conf win_length=null --feats_extract_conf fs=22050 --feats_extract_conf fmin=80 --feats_extract_conf fmax=7600 --feats_extract_conf n_mels=80 --pitch_extract_conf fs=22050 --pitch_extract_conf n_fft=1024 --pitch_extract_conf hop_length=256 --pitch_extract_conf f0max=400 --pitch_extract_conf f0min=80 --energy_extract_conf fs=22050 --energy_extract_conf n_fft=1024 --energy_extract_conf hop_length=256 --energy_extract_conf win_length=null --d0_extract_conf fs=22050 --d0_extract_conf n_fft=1024 --d0_extract_conf hop_length=256 --d0_extract_conf win_length=null --d0_extract_conf fmin=80 --d0_extract_conf fmax=7600 --d0_extract_conf n_mels=80 
# Started at Wed Jun 25 02:02:06 JST 2025
#
/home/uesugi/.conda/envs/espnet/bin/python3 /home/uesugi/espnet/espnet/espnet2/bin/tts_train.py --collect_stats true --write_collected_feats false --use_preprocessor true --token_type phn --token_list dump/token_list/phn_tacotron_g2p_en_no_space/tokens.txt --non_linguistic_symbols none --cleaner tacotron --g2p g2p_en_no_space --normalize none --pitch_normalize none --energy_normalize none --d0_normalize none --train_data_path_and_name_and_type dump/raw/tr_no_dev/text,text,text --train_data_path_and_name_and_type dump/raw/tr_no_dev/wav.scp,speech,sound --valid_data_path_and_name_and_type dump/raw/dev/text,text,text --valid_data_path_and_name_and_type dump/raw/dev/wav.scp,speech,sound --train_shape_file exp/tts_stats_raw_phn_tacotron_g2p_en_no_space/logdir/train.8.scp --valid_shape_file exp/tts_stats_raw_phn_tacotron_g2p_en_no_space/logdir/valid.8.scp --output_dir exp/tts_stats_raw_phn_tacotron_g2p_en_no_space/logdir/stats.8 --config conf/train_d0_jets.yaml --feats_extract fbank --feats_extract_conf n_fft=1024 --feats_extract_conf hop_length=256 --feats_extract_conf win_length=null --feats_extract_conf fs=22050 --feats_extract_conf fmin=80 --feats_extract_conf fmax=7600 --feats_extract_conf n_mels=80 --pitch_extract_conf fs=22050 --pitch_extract_conf n_fft=1024 --pitch_extract_conf hop_length=256 --pitch_extract_conf f0max=400 --pitch_extract_conf f0min=80 --energy_extract_conf fs=22050 --energy_extract_conf n_fft=1024 --energy_extract_conf hop_length=256 --energy_extract_conf win_length=null --d0_extract_conf fs=22050 --d0_extract_conf n_fft=1024 --d0_extract_conf hop_length=256 --d0_extract_conf win_length=null --d0_extract_conf fmin=80 --d0_extract_conf fmax=7600 --d0_extract_conf n_mels=80
usage: tts_train.py [-h] [--config CONFIG] [--print_config]
                    [--log_level {ERROR,WARNING,INFO,DEBUG,NOTSET}]
                    [--drop_last_iter DROP_LAST_ITER] [--dry_run DRY_RUN]
                    [--iterator_type {sequence,category,chunk,task,none}]
                    [--valid_iterator_type {sequence,category,chunk,task,none}]
                    [--output_dir OUTPUT_DIR] [--ngpu NGPU] [--seed SEED]
                    [--num_workers NUM_WORKERS] [--num_att_plot NUM_ATT_PLOT]
                    [--dist_backend DIST_BACKEND]
                    [--dist_init_method DIST_INIT_METHOD]
                    [--dist_world_size DIST_WORLD_SIZE]
                    [--dist_rank DIST_RANK] [--local_rank LOCAL_RANK]
                    [--dist_master_addr DIST_MASTER_ADDR]
                    [--dist_master_port DIST_MASTER_PORT]
                    [--dist_launcher {slurm,mpi,None}]
                    [--multiprocessing_distributed MULTIPROCESSING_DISTRIBUTED]
                    [--unused_parameters UNUSED_PARAMETERS]
                    [--sharded_ddp SHARDED_DDP]
                    [--use_deepspeed USE_DEEPSPEED]
                    [--deepspeed_config DEEPSPEED_CONFIG]
                    [--gradient_as_bucket_view GRADIENT_AS_BUCKET_VIEW]
                    [--ddp_comm_hook {none,fp16_compress_hook,bf16_compress_hook}]
                    [--cudnn_enabled CUDNN_ENABLED]
                    [--cudnn_benchmark CUDNN_BENCHMARK]
                    [--cudnn_deterministic CUDNN_DETERMINISTIC]
                    [--use_tf32 USE_TF32] [--collect_stats COLLECT_STATS]
                    [--write_collected_feats WRITE_COLLECTED_FEATS]
                    [--max_epoch MAX_EPOCH] [--patience PATIENCE]
                    [--val_scheduler_criterion VAL_SCHEDULER_CRITERION VAL_SCHEDULER_CRITERION]
                    [--early_stopping_criterion EARLY_STOPPING_CRITERION EARLY_STOPPING_CRITERION EARLY_STOPPING_CRITERION]
                    [--best_model_criterion BEST_MODEL_CRITERION [BEST_MODEL_CRITERION ...]]
                    [--keep_nbest_models KEEP_NBEST_MODELS [KEEP_NBEST_MODELS ...]]
                    [--nbest_averaging_interval NBEST_AVERAGING_INTERVAL]
                    [--grad_clip GRAD_CLIP] [--grad_clip_type GRAD_CLIP_TYPE]
                    [--grad_noise GRAD_NOISE] [--accum_grad ACCUM_GRAD]
                    [--no_forward_run NO_FORWARD_RUN] [--resume RESUME]
                    [--train_dtype {float16,float32,float64}]
                    [--use_amp USE_AMP] [--log_interval LOG_INTERVAL]
                    [--use_matplotlib USE_MATPLOTLIB]
                    [--use_tensorboard USE_TENSORBOARD]
                    [--create_graph_in_tensorboard CREATE_GRAPH_IN_TENSORBOARD]
                    [--use_wandb USE_WANDB] [--wandb_project WANDB_PROJECT]
                    [--wandb_id WANDB_ID] [--wandb_entity WANDB_ENTITY]
                    [--wandb_name WANDB_NAME]
                    [--wandb_model_log_interval WANDB_MODEL_LOG_INTERVAL]
                    [--detect_anomaly DETECT_ANOMALY]
                    [--use_adapter USE_ADAPTER] [--adapter {lora,houlsby}]
                    [--save_strategy {all,adapter_only,required_grad_only}]
                    [--adapter_conf ADAPTER_CONF]
                    [--pretrain_path PRETRAIN_PATH]
                    [--init_param [INIT_PARAM ...]]
                    [--ignore_init_mismatch IGNORE_INIT_MISMATCH]
                    [--freeze_param [FREEZE_PARAM ...]]
                    [--num_iters_per_epoch NUM_ITERS_PER_EPOCH]
                    [--batch_size BATCH_SIZE]
                    [--valid_batch_size VALID_BATCH_SIZE]
                    [--batch_bins BATCH_BINS]
                    [--valid_batch_bins VALID_BATCH_BINS]
                    [--category_sample_size CATEGORY_SAMPLE_SIZE]
                    [--train_shape_file TRAIN_SHAPE_FILE]
                    [--valid_shape_file VALID_SHAPE_FILE]
                    [--batch_type {unsorted,sorted,folded,length,numel}]
                    [--valid_batch_type {unsorted,sorted,folded,length,numel,None}]
                    [--fold_length FOLD_LENGTH]
                    [--sort_in_batch {descending,ascending}]
                    [--shuffle_within_batch SHUFFLE_WITHIN_BATCH]
                    [--sort_batch {descending,ascending}]
                    [--multiple_iterator MULTIPLE_ITERATOR]
                    [--chunk_length CHUNK_LENGTH]
                    [--chunk_shift_ratio CHUNK_SHIFT_RATIO]
                    [--num_cache_chunks NUM_CACHE_CHUNKS]
                    [--chunk_excluded_key_prefixes CHUNK_EXCLUDED_KEY_PREFIXES [CHUNK_EXCLUDED_KEY_PREFIXES ...]]
                    [--chunk_default_fs CHUNK_DEFAULT_FS]
                    [--chunk_max_abs_length CHUNK_MAX_ABS_LENGTH]
                    [--chunk_discard_short_samples CHUNK_DISCARD_SHORT_SAMPLES]
                    [--train_data_path_and_name_and_type TRAIN_DATA_PATH_AND_NAME_AND_TYPE]
                    [--valid_data_path_and_name_and_type VALID_DATA_PATH_AND_NAME_AND_TYPE]
                    [--multi_task_dataset MULTI_TASK_DATASET]
                    [--allow_variable_data_keys ALLOW_VARIABLE_DATA_KEYS]
                    [--max_cache_size MAX_CACHE_SIZE]
                    [--max_cache_fd MAX_CACHE_FD]
                    [--allow_multi_rates ALLOW_MULTI_RATES]
                    [--valid_max_cache_size VALID_MAX_CACHE_SIZE]
                    [--exclude_weight_decay EXCLUDE_WEIGHT_DECAY]
                    [--exclude_weight_decay_conf EXCLUDE_WEIGHT_DECAY_CONF]
                    [--optim {adam,adamw,sgd,adadelta,adagrad,adamax,asgd,lbfgs,rmsprop,rprop,radam,accagd,adabound,adamod,diffgrad,lamb,novograd,pid,qhm,sgdw,yogi}]
                    [--optim_conf OPTIM_CONF]
                    [--scheduler {reducelronplateau,lambdalr,steplr,multisteplr,exponentiallr,cosineannealinglr,noamlr,warmuplr,piecewiselinearwarmuplr,warmupsteplr,warmupreducelronplateau,cycliclr,onecyclelr,cosineannealingwarmrestarts,cosineannealingwarmuprestarts,None}]
                    [--scheduler_conf SCHEDULER_CONF]
                    [--token_list TOKEN_LIST] [--odim ODIM]
                    [--model_conf MODEL_CONF]
                    [--use_preprocessor USE_PREPROCESSOR]
                    [--token_type {bpe,char,word,phn}] [--bpemodel BPEMODEL]
                    [--non_linguistic_symbols NON_LINGUISTIC_SYMBOLS]
                    [--cleaner {None,tacotron,jaconv,vietnamese,korean_cleaner}]
                    [--g2p {None,g2p_en,g2p_en_no_space,pyopenjtalk,pyopenjtalk_kana,pyopenjtalk_accent,pyopenjtalk_accent_with_pause,pyopenjtalk_prosody,pypinyin_g2p,pypinyin_g2p_phone,pypinyin_g2p_phone_without_prosody,espeak_ng_arabic,espeak_ng_german,espeak_ng_french,espeak_ng_spanish,espeak_ng_russian,espeak_ng_greek,espeak_ng_finnish,espeak_ng_hungarian,espeak_ng_dutch,espeak_ng_english_us_vits,espeak_ng_hindi,espeak_ng_italian,espeak_ng_ukrainian,espeak_ng_polish,g2pk,g2pk_no_space,g2pk_explicit_space,korean_jaso,korean_jaso_no_space,g2p_is}]
                    [--feats_extract {fbank,spectrogram,linear_spectrogram}]
                    [--feats_extract_conf FEATS_EXTRACT_CONF]
                    [--normalize {global_mvn,None}]
                    [--normalize_conf NORMALIZE_CONF]
                    [--tts {tacotron2,transformer,fastspeech,fastspeech2,prodiff,vits,joint_text2wav,jets}]
                    [--tts_conf TTS_CONF] [--pitch_extract {dio,None}]
                    [--pitch_extract_conf PITCH_EXTRACT_CONF]
                    [--pitch_normalize {global_mvn,None}]
                    [--pitch_normalize_conf PITCH_NORMALIZE_CONF]
                    [--energy_extract {energy,None}]
                    [--energy_extract_conf ENERGY_EXTRACT_CONF]
                    [--energy_normalize {global_mvn,None}]
                    [--energy_normalize_conf ENERGY_NORMALIZE_CONF]
tts_train.py: error: No such file: conf/train_d0_jets.yaml
Failed to import Flash Attention, using ESPnet default: No module named 'flash_attn'
# Accounting: time=526 threads=1
# Ended (code 2) at Wed Jun 25 02:10:52 JST 2025, elapsed time 526 seconds
# python3 -m espnet2.bin.tts_train --collect_stats true --write_collected_feats false --use_preprocessor true --token_type phn --token_list dump/token_list/phn_tacotron_g2p_en_no_space/tokens.txt --non_linguistic_symbols none --cleaner tacotron --g2p g2p_en_no_space --normalize none --pitch_normalize none --energy_normalize none --d0_normalize none --train_data_path_and_name_and_type dump/raw/tr_no_dev/text,text,text --train_data_path_and_name_and_type dump/raw/tr_no_dev/wav.scp,speech,sound --valid_data_path_and_name_and_type dump/raw/dev/text,text,text --valid_data_path_and_name_and_type dump/raw/dev/wav.scp,speech,sound --train_shape_file exp/tts_stats_raw_phn_tacotron_g2p_en_no_space/logdir/train.9.scp --valid_shape_file exp/tts_stats_raw_phn_tacotron_g2p_en_no_space/logdir/valid.9.scp --output_dir exp/tts_stats_raw_phn_tacotron_g2p_en_no_space/logdir/stats.9 --config conf/train_d0_jets.yaml --feats_extract fbank --feats_extract_conf n_fft=1024 --feats_extract_conf hop_length=256 --feats_extract_conf win_length=null --feats_extract_conf fs=22050 --feats_extract_conf fmin=80 --feats_extract_conf fmax=7600 --feats_extract_conf n_mels=80 --pitch_extract_conf fs=22050 --pitch_extract_conf n_fft=1024 --pitch_extract_conf hop_length=256 --pitch_extract_conf f0max=400 --pitch_extract_conf f0min=80 --energy_extract_conf fs=22050 --energy_extract_conf n_fft=1024 --energy_extract_conf hop_length=256 --energy_extract_conf win_length=null --d0_extract_conf fs=22050 --d0_extract_conf n_fft=1024 --d0_extract_conf hop_length=256 --d0_extract_conf win_length=null --d0_extract_conf fmin=80 --d0_extract_conf fmax=7600 --d0_extract_conf n_mels=80 
# Started at Wed Jun 25 02:02:05 JST 2025
#
/home/uesugi/.conda/envs/espnet/bin/python3 /home/uesugi/espnet/espnet/espnet2/bin/tts_train.py --collect_stats true --write_collected_feats false --use_preprocessor true --token_type phn --token_list dump/token_list/phn_tacotron_g2p_en_no_space/tokens.txt --non_linguistic_symbols none --cleaner tacotron --g2p g2p_en_no_space --normalize none --pitch_normalize none --energy_normalize none --d0_normalize none --train_data_path_and_name_and_type dump/raw/tr_no_dev/text,text,text --train_data_path_and_name_and_type dump/raw/tr_no_dev/wav.scp,speech,sound --valid_data_path_and_name_and_type dump/raw/dev/text,text,text --valid_data_path_and_name_and_type dump/raw/dev/wav.scp,speech,sound --train_shape_file exp/tts_stats_raw_phn_tacotron_g2p_en_no_space/logdir/train.9.scp --valid_shape_file exp/tts_stats_raw_phn_tacotron_g2p_en_no_space/logdir/valid.9.scp --output_dir exp/tts_stats_raw_phn_tacotron_g2p_en_no_space/logdir/stats.9 --config conf/train_d0_jets.yaml --feats_extract fbank --feats_extract_conf n_fft=1024 --feats_extract_conf hop_length=256 --feats_extract_conf win_length=null --feats_extract_conf fs=22050 --feats_extract_conf fmin=80 --feats_extract_conf fmax=7600 --feats_extract_conf n_mels=80 --pitch_extract_conf fs=22050 --pitch_extract_conf n_fft=1024 --pitch_extract_conf hop_length=256 --pitch_extract_conf f0max=400 --pitch_extract_conf f0min=80 --energy_extract_conf fs=22050 --energy_extract_conf n_fft=1024 --energy_extract_conf hop_length=256 --energy_extract_conf win_length=null --d0_extract_conf fs=22050 --d0_extract_conf n_fft=1024 --d0_extract_conf hop_length=256 --d0_extract_conf win_length=null --d0_extract_conf fmin=80 --d0_extract_conf fmax=7600 --d0_extract_conf n_mels=80
usage: tts_train.py [-h] [--config CONFIG] [--print_config]
                    [--log_level {ERROR,WARNING,INFO,DEBUG,NOTSET}]
                    [--drop_last_iter DROP_LAST_ITER] [--dry_run DRY_RUN]
                    [--iterator_type {sequence,category,chunk,task,none}]
                    [--valid_iterator_type {sequence,category,chunk,task,none}]
                    [--output_dir OUTPUT_DIR] [--ngpu NGPU] [--seed SEED]
                    [--num_workers NUM_WORKERS] [--num_att_plot NUM_ATT_PLOT]
                    [--dist_backend DIST_BACKEND]
                    [--dist_init_method DIST_INIT_METHOD]
                    [--dist_world_size DIST_WORLD_SIZE]
                    [--dist_rank DIST_RANK] [--local_rank LOCAL_RANK]
                    [--dist_master_addr DIST_MASTER_ADDR]
                    [--dist_master_port DIST_MASTER_PORT]
                    [--dist_launcher {slurm,mpi,None}]
                    [--multiprocessing_distributed MULTIPROCESSING_DISTRIBUTED]
                    [--unused_parameters UNUSED_PARAMETERS]
                    [--sharded_ddp SHARDED_DDP]
                    [--use_deepspeed USE_DEEPSPEED]
                    [--deepspeed_config DEEPSPEED_CONFIG]
                    [--gradient_as_bucket_view GRADIENT_AS_BUCKET_VIEW]
                    [--ddp_comm_hook {none,fp16_compress_hook,bf16_compress_hook}]
                    [--cudnn_enabled CUDNN_ENABLED]
                    [--cudnn_benchmark CUDNN_BENCHMARK]
                    [--cudnn_deterministic CUDNN_DETERMINISTIC]
                    [--use_tf32 USE_TF32] [--collect_stats COLLECT_STATS]
                    [--write_collected_feats WRITE_COLLECTED_FEATS]
                    [--max_epoch MAX_EPOCH] [--patience PATIENCE]
                    [--val_scheduler_criterion VAL_SCHEDULER_CRITERION VAL_SCHEDULER_CRITERION]
                    [--early_stopping_criterion EARLY_STOPPING_CRITERION EARLY_STOPPING_CRITERION EARLY_STOPPING_CRITERION]
                    [--best_model_criterion BEST_MODEL_CRITERION [BEST_MODEL_CRITERION ...]]
                    [--keep_nbest_models KEEP_NBEST_MODELS [KEEP_NBEST_MODELS ...]]
                    [--nbest_averaging_interval NBEST_AVERAGING_INTERVAL]
                    [--grad_clip GRAD_CLIP] [--grad_clip_type GRAD_CLIP_TYPE]
                    [--grad_noise GRAD_NOISE] [--accum_grad ACCUM_GRAD]
                    [--no_forward_run NO_FORWARD_RUN] [--resume RESUME]
                    [--train_dtype {float16,float32,float64}]
                    [--use_amp USE_AMP] [--log_interval LOG_INTERVAL]
                    [--use_matplotlib USE_MATPLOTLIB]
                    [--use_tensorboard USE_TENSORBOARD]
                    [--create_graph_in_tensorboard CREATE_GRAPH_IN_TENSORBOARD]
                    [--use_wandb USE_WANDB] [--wandb_project WANDB_PROJECT]
                    [--wandb_id WANDB_ID] [--wandb_entity WANDB_ENTITY]
                    [--wandb_name WANDB_NAME]
                    [--wandb_model_log_interval WANDB_MODEL_LOG_INTERVAL]
                    [--detect_anomaly DETECT_ANOMALY]
                    [--use_adapter USE_ADAPTER] [--adapter {lora,houlsby}]
                    [--save_strategy {all,adapter_only,required_grad_only}]
                    [--adapter_conf ADAPTER_CONF]
                    [--pretrain_path PRETRAIN_PATH]
                    [--init_param [INIT_PARAM ...]]
                    [--ignore_init_mismatch IGNORE_INIT_MISMATCH]
                    [--freeze_param [FREEZE_PARAM ...]]
                    [--num_iters_per_epoch NUM_ITERS_PER_EPOCH]
                    [--batch_size BATCH_SIZE]
                    [--valid_batch_size VALID_BATCH_SIZE]
                    [--batch_bins BATCH_BINS]
                    [--valid_batch_bins VALID_BATCH_BINS]
                    [--category_sample_size CATEGORY_SAMPLE_SIZE]
                    [--train_shape_file TRAIN_SHAPE_FILE]
                    [--valid_shape_file VALID_SHAPE_FILE]
                    [--batch_type {unsorted,sorted,folded,length,numel}]
                    [--valid_batch_type {unsorted,sorted,folded,length,numel,None}]
                    [--fold_length FOLD_LENGTH]
                    [--sort_in_batch {descending,ascending}]
                    [--shuffle_within_batch SHUFFLE_WITHIN_BATCH]
                    [--sort_batch {descending,ascending}]
                    [--multiple_iterator MULTIPLE_ITERATOR]
                    [--chunk_length CHUNK_LENGTH]
                    [--chunk_shift_ratio CHUNK_SHIFT_RATIO]
                    [--num_cache_chunks NUM_CACHE_CHUNKS]
                    [--chunk_excluded_key_prefixes CHUNK_EXCLUDED_KEY_PREFIXES [CHUNK_EXCLUDED_KEY_PREFIXES ...]]
                    [--chunk_default_fs CHUNK_DEFAULT_FS]
                    [--chunk_max_abs_length CHUNK_MAX_ABS_LENGTH]
                    [--chunk_discard_short_samples CHUNK_DISCARD_SHORT_SAMPLES]
                    [--train_data_path_and_name_and_type TRAIN_DATA_PATH_AND_NAME_AND_TYPE]
                    [--valid_data_path_and_name_and_type VALID_DATA_PATH_AND_NAME_AND_TYPE]
                    [--multi_task_dataset MULTI_TASK_DATASET]
                    [--allow_variable_data_keys ALLOW_VARIABLE_DATA_KEYS]
                    [--max_cache_size MAX_CACHE_SIZE]
                    [--max_cache_fd MAX_CACHE_FD]
                    [--allow_multi_rates ALLOW_MULTI_RATES]
                    [--valid_max_cache_size VALID_MAX_CACHE_SIZE]
                    [--exclude_weight_decay EXCLUDE_WEIGHT_DECAY]
                    [--exclude_weight_decay_conf EXCLUDE_WEIGHT_DECAY_CONF]
                    [--optim {adam,adamw,sgd,adadelta,adagrad,adamax,asgd,lbfgs,rmsprop,rprop,radam,accagd,adabound,adamod,diffgrad,lamb,novograd,pid,qhm,sgdw,yogi}]
                    [--optim_conf OPTIM_CONF]
                    [--scheduler {reducelronplateau,lambdalr,steplr,multisteplr,exponentiallr,cosineannealinglr,noamlr,warmuplr,piecewiselinearwarmuplr,warmupsteplr,warmupreducelronplateau,cycliclr,onecyclelr,cosineannealingwarmrestarts,cosineannealingwarmuprestarts,None}]
                    [--scheduler_conf SCHEDULER_CONF]
                    [--token_list TOKEN_LIST] [--odim ODIM]
                    [--model_conf MODEL_CONF]
                    [--use_preprocessor USE_PREPROCESSOR]
                    [--token_type {bpe,char,word,phn}] [--bpemodel BPEMODEL]
                    [--non_linguistic_symbols NON_LINGUISTIC_SYMBOLS]
                    [--cleaner {None,tacotron,jaconv,vietnamese,korean_cleaner}]
                    [--g2p {None,g2p_en,g2p_en_no_space,pyopenjtalk,pyopenjtalk_kana,pyopenjtalk_accent,pyopenjtalk_accent_with_pause,pyopenjtalk_prosody,pypinyin_g2p,pypinyin_g2p_phone,pypinyin_g2p_phone_without_prosody,espeak_ng_arabic,espeak_ng_german,espeak_ng_french,espeak_ng_spanish,espeak_ng_russian,espeak_ng_greek,espeak_ng_finnish,espeak_ng_hungarian,espeak_ng_dutch,espeak_ng_english_us_vits,espeak_ng_hindi,espeak_ng_italian,espeak_ng_ukrainian,espeak_ng_polish,g2pk,g2pk_no_space,g2pk_explicit_space,korean_jaso,korean_jaso_no_space,g2p_is}]
                    [--feats_extract {fbank,spectrogram,linear_spectrogram}]
                    [--feats_extract_conf FEATS_EXTRACT_CONF]
                    [--normalize {global_mvn,None}]
                    [--normalize_conf NORMALIZE_CONF]
                    [--tts {tacotron2,transformer,fastspeech,fastspeech2,prodiff,vits,joint_text2wav,jets}]
                    [--tts_conf TTS_CONF] [--pitch_extract {dio,None}]
                    [--pitch_extract_conf PITCH_EXTRACT_CONF]
                    [--pitch_normalize {global_mvn,None}]
                    [--pitch_normalize_conf PITCH_NORMALIZE_CONF]
                    [--energy_extract {energy,None}]
                    [--energy_extract_conf ENERGY_EXTRACT_CONF]
                    [--energy_normalize {global_mvn,None}]
                    [--energy_normalize_conf ENERGY_NORMALIZE_CONF]
tts_train.py: error: No such file: conf/train_d0_jets.yaml
Failed to import Flash Attention, using ESPnet default: No module named 'flash_attn'
# Accounting: time=527 threads=1
# Ended (code 2) at Wed Jun 25 02:10:52 JST 2025, elapsed time 527 seconds
