nohup: ignoring input
2025-07-01T09:55:42 (tts.sh:225:main) ./tts.sh --lang jp --feats_type raw --fs 22050 --n_fft 1024 --n_shift 256 --token_type phn --cleaner jaconv --g2p pyopenjtalk_prosody --train_config conf/tuning/train_jets_22.05k.yaml --inference_config  --train_set tr_no_dev --valid_set dev --test_sets dev eval1 --srctexts data/tr_no_dev/text --audio_format flac --min_wav_duration 0.8 --tts_task gan_tts --write_collected_feats true --dumpdir dump/22.05k --expdir exp/22.05k --inference_model latest.pth
2025-07-01T09:55:43 (tts.sh:321:main) Stage 1: Data preparation for data/tr_no_dev, data/dev, etc.
2025-07-01T09:55:43 (data.sh:16:main) local/data.sh 
2025-07-01T09:55:43 (data.sh:39:main) stage -1: Data Download
Already exists. Skipped.
Already exists. Skipped.
2025-07-01T09:55:43 (data.sh:44:main) stage 0: local/data_prep.sh
finished making wav.scp, utt2spk, spk2utt.
finished making text.
2025-07-01T10:19:54 (data.sh:52:main) stage 1: local/prep_segments.py
utils/validate_data_dir.sh: WARNING: you have only one speaker.  This probably a bad idea.
   Search for the word 'bold' in http://kaldi-asr.org/doc/data_prep.html
   for more information.
utils/validate_data_dir.sh: Successfully validated data-directory data/train
2025-07-01T10:20:11 (data.sh:58:main) stage 2: utils/subset_data_dir.sh
utils/subset_data_dir.sh: reducing #utt from 7696 to 500
utils/subset_data_dir.sh: reducing #utt from 500 to 250
utils/subset_data_dir.sh: reducing #utt from 500 to 250
utils/subset_data_dir.sh: reducing #utt from 7696 to 7196
2025-07-01T10:20:15 (data.sh:67:main) Successfully finished. [elapsed=1472s]
2025-07-01T10:20:15 (tts.sh:337:main) Stage 2: Format wav.scp: data/ -> dump/22.05k/raw/
utils/copy_data_dir.sh: copied data from data/tr_no_dev to dump/22.05k/raw/org/tr_no_dev
utils/validate_data_dir.sh: WARNING: you have only one speaker.  This probably a bad idea.
   Search for the word 'bold' in http://kaldi-asr.org/doc/data_prep.html
   for more information.
utils/validate_data_dir.sh: Successfully validated data-directory dump/22.05k/raw/org/tr_no_dev
2025-07-01T10:20:16 (format_wav_scp.sh:46:main) scripts/audio/format_wav_scp.sh --nj 32 --cmd run.pl --audio-format flac --fs 22050 --segments data/tr_no_dev/segments data/tr_no_dev/wav.scp dump/22.05k/raw/org/tr_no_dev
2025-07-01T10:20:17 (format_wav_scp.sh:97:main) [info]: using data/tr_no_dev/segments
2025-07-01T10:32:19 (format_wav_scp.sh:153:main) Successfully finished. [elapsed=723s]
utils/copy_data_dir.sh: copied data from data/dev to dump/22.05k/raw/org/dev
utils/validate_data_dir.sh: WARNING: you have only one speaker.  This probably a bad idea.
   Search for the word 'bold' in http://kaldi-asr.org/doc/data_prep.html
   for more information.
utils/validate_data_dir.sh: Successfully validated data-directory dump/22.05k/raw/org/dev
2025-07-01T10:32:20 (format_wav_scp.sh:46:main) scripts/audio/format_wav_scp.sh --nj 32 --cmd run.pl --audio-format flac --fs 22050 --segments data/dev/segments data/dev/wav.scp dump/22.05k/raw/org/dev
2025-07-01T10:32:21 (format_wav_scp.sh:97:main) [info]: using data/dev/segments
2025-07-01T10:33:11 (format_wav_scp.sh:153:main) Successfully finished. [elapsed=51s]
utils/copy_data_dir.sh: copied data from data/dev to dump/22.05k/raw/org/dev
utils/validate_data_dir.sh: WARNING: you have only one speaker.  This probably a bad idea.
   Search for the word 'bold' in http://kaldi-asr.org/doc/data_prep.html
   for more information.
utils/validate_data_dir.sh: Successfully validated data-directory dump/22.05k/raw/org/dev
2025-07-01T10:33:12 (format_wav_scp.sh:46:main) scripts/audio/format_wav_scp.sh --nj 32 --cmd run.pl --audio-format flac --fs 22050 --segments data/dev/segments data/dev/wav.scp dump/22.05k/raw/org/dev
2025-07-01T10:33:12 (format_wav_scp.sh:97:main) [info]: using data/dev/segments
2025-07-01T10:33:39 (format_wav_scp.sh:153:main) Successfully finished. [elapsed=27s]
utils/copy_data_dir.sh: copied data from data/eval1 to dump/22.05k/raw/eval1
utils/validate_data_dir.sh: WARNING: you have only one speaker.  This probably a bad idea.
   Search for the word 'bold' in http://kaldi-asr.org/doc/data_prep.html
   for more information.
utils/validate_data_dir.sh: Successfully validated data-directory dump/22.05k/raw/eval1
2025-07-01T10:33:40 (format_wav_scp.sh:46:main) scripts/audio/format_wav_scp.sh --nj 32 --cmd run.pl --audio-format flac --fs 22050 --segments data/eval1/segments data/eval1/wav.scp dump/22.05k/raw/eval1
2025-07-01T10:33:40 (format_wav_scp.sh:97:main) [info]: using data/eval1/segments
2025-07-01T10:34:48 (format_wav_scp.sh:153:main) Successfully finished. [elapsed=68s]
2025-07-01T10:34:49 (tts.sh:452:main) Skip Stage 3.1, no speaker embedding extraction set
2025-07-01T10:34:49 (tts.sh:505:main) Stage 4: Remove long/short data: dump/22.05k/raw/org -> dump/22.05k/raw
utils/copy_data_dir.sh: copied data from dump/22.05k/raw/org/tr_no_dev to dump/22.05k/raw/tr_no_dev
utils/validate_data_dir.sh: WARNING: you have only one speaker.  This probably a bad idea.
   Search for the word 'bold' in http://kaldi-asr.org/doc/data_prep.html
   for more information.
utils/validate_data_dir.sh: Successfully validated data-directory dump/22.05k/raw/tr_no_dev
fix_data_dir.sh: kept 7194 utterances out of 7196
fix_data_dir.sh: old files are kept in dump/22.05k/raw/tr_no_dev/.backup
utils/copy_data_dir.sh: copied data from dump/22.05k/raw/org/dev to dump/22.05k/raw/dev
utils/validate_data_dir.sh: WARNING: you have only one speaker.  This probably a bad idea.
   Search for the word 'bold' in http://kaldi-asr.org/doc/data_prep.html
   for more information.
utils/validate_data_dir.sh: Successfully validated data-directory dump/22.05k/raw/dev
fix_data_dir.sh: kept all 250 utterances.
fix_data_dir.sh: old files are kept in dump/22.05k/raw/dev/.backup
2025-07-01T10:34:58 (tts.sh:560:main) Stage 5: Generate token_list from data/tr_no_dev/text
/home/uesugi/miniconda3/envs/espnet_custom/bin/python3 /home/uesugi/espnet-for-customize-jets/espnet2/bin/tokenize_text.py --token_type phn -f 2- --input dump/22.05k/raw/srctexts --output dump/22.05k/token_list/phn_jaconv_pyopenjtalk_prosody/tokens.txt --non_linguistic_symbols none --cleaner jaconv --g2p pyopenjtalk_prosody --write_vocabulary true --add_symbol '<blank>:0' --add_symbol '<unk>:1' --add_symbol '<sos/eos>:-1'
WARNING: JPCommonLabel_insert_pause() in jpcommon_label.c: First mora should not be short pause.
WARNING: JPCommonLabel_insert_pause() in jpcommon_label.c: First mora should not be short pause.
WARNING: JPCommonLabel_insert_pause() in jpcommon_label.c: First mora should not be short pause.
2025-07-01 10:35:03,230 (tokenize_text:173) INFO: OOV rate = 0.0 %
2025-07-01T10:35:03 (tts.sh:592:main) Stage 6: TTS collect stats: train_set=dump/22.05k/raw/tr_no_dev, valid_set=dump/22.05k/raw/dev
2025-07-01T10:35:09 (tts.sh:686:main) Generate 'exp/22.05k/tts_stats_raw_phn_jaconv_pyopenjtalk_prosody/run.sh'. You can resume the process from stage 6 using this script
2025-07-01T10:35:09 (tts.sh:690:main) TTS collect_stats started... log: 'exp/22.05k/tts_stats_raw_phn_jaconv_pyopenjtalk_prosody/logdir/stats.*.log'
run.pl: 32 / 32 failed, log is in exp/22.05k/tts_stats_raw_phn_jaconv_pyopenjtalk_prosody/logdir/stats.*.log
# python3 -m espnet2.bin.gan_tts_train --collect_stats true --write_collected_feats true --use_preprocessor true --token_type phn --token_list dump/22.05k/token_list/phn_jaconv_pyopenjtalk_prosody/tokens.txt --non_linguistic_symbols none --cleaner jaconv --g2p pyopenjtalk_prosody --normalize none --pitch_normalize none --energy_normalize none --d0_normalize none --train_data_path_and_name_and_type dump/22.05k/raw/tr_no_dev/text,text,text --train_data_path_and_name_and_type dump/22.05k/raw/tr_no_dev/wav.scp,speech,sound --valid_data_path_and_name_and_type dump/22.05k/raw/dev/text,text,text --valid_data_path_and_name_and_type dump/22.05k/raw/dev/wav.scp,speech,sound --train_shape_file exp/22.05k/tts_stats_raw_phn_jaconv_pyopenjtalk_prosody/logdir/train.1.scp --valid_shape_file exp/22.05k/tts_stats_raw_phn_jaconv_pyopenjtalk_prosody/logdir/valid.1.scp --output_dir exp/22.05k/tts_stats_raw_phn_jaconv_pyopenjtalk_prosody/logdir/stats.1 --config conf/tuning/train_jets_22.05k.yaml --feats_extract fbank --feats_extract_conf n_fft=1024 --feats_extract_conf hop_length=256 --feats_extract_conf win_length=null --feats_extract_conf fs=22050 --feats_extract_conf fmin=80 --feats_extract_conf fmax=7600 --feats_extract_conf n_mels=80 --pitch_extract_conf fs=22050 --pitch_extract_conf n_fft=1024 --pitch_extract_conf hop_length=256 --pitch_extract_conf f0max=400 --pitch_extract_conf f0min=80 --energy_extract_conf fs=22050 --energy_extract_conf n_fft=1024 --energy_extract_conf hop_length=256 --energy_extract_conf win_length=null --d0_extract_conf fs=22050 --d0_extract_conf n_fft=1024 --d0_extract_conf hop_length=256 --d0_extract_conf win_length=null --d0_extract_conf fmin=80 --d0_extract_conf fmax=7600 --d0_extract_conf n_mels=80 
# Started at Tue Jul  1 10:35:09 JST 2025
#
/home/uesugi/miniconda3/envs/espnet_custom/bin/python3 /home/uesugi/espnet-for-customize-jets/espnet2/bin/gan_tts_train.py --collect_stats true --write_collected_feats true --use_preprocessor true --token_type phn --token_list dump/22.05k/token_list/phn_jaconv_pyopenjtalk_prosody/tokens.txt --non_linguistic_symbols none --cleaner jaconv --g2p pyopenjtalk_prosody --normalize none --pitch_normalize none --energy_normalize none --d0_normalize none --train_data_path_and_name_and_type dump/22.05k/raw/tr_no_dev/text,text,text --train_data_path_and_name_and_type dump/22.05k/raw/tr_no_dev/wav.scp,speech,sound --valid_data_path_and_name_and_type dump/22.05k/raw/dev/text,text,text --valid_data_path_and_name_and_type dump/22.05k/raw/dev/wav.scp,speech,sound --train_shape_file exp/22.05k/tts_stats_raw_phn_jaconv_pyopenjtalk_prosody/logdir/train.1.scp --valid_shape_file exp/22.05k/tts_stats_raw_phn_jaconv_pyopenjtalk_prosody/logdir/valid.1.scp --output_dir exp/22.05k/tts_stats_raw_phn_jaconv_pyopenjtalk_prosody/logdir/stats.1 --config conf/tuning/train_jets_22.05k.yaml --feats_extract fbank --feats_extract_conf n_fft=1024 --feats_extract_conf hop_length=256 --feats_extract_conf win_length=null --feats_extract_conf fs=22050 --feats_extract_conf fmin=80 --feats_extract_conf fmax=7600 --feats_extract_conf n_mels=80 --pitch_extract_conf fs=22050 --pitch_extract_conf n_fft=1024 --pitch_extract_conf hop_length=256 --pitch_extract_conf f0max=400 --pitch_extract_conf f0min=80 --energy_extract_conf fs=22050 --energy_extract_conf n_fft=1024 --energy_extract_conf hop_length=256 --energy_extract_conf win_length=null --d0_extract_conf fs=22050 --d0_extract_conf n_fft=1024 --d0_extract_conf hop_length=256 --d0_extract_conf win_length=null --d0_extract_conf fmin=80 --d0_extract_conf fmax=7600 --d0_extract_conf n_mels=80
Failed to import Flash Attention, using ESPnet default: libcudart.so.12: cannot open shared object file: No such file or directory
Vocabulary size: 47
encoder self-attention layer type = self-attention
encoder self-attention layer type = self-attention
/home/uesugi/miniconda3/envs/espnet_custom/lib/python3.9/site-packages/torch/nn/utils/weight_norm.py:143: FutureWarning: `torch.nn.utils.weight_norm` is deprecated in favor of `torch.nn.utils.parametrizations.weight_norm`.
  WeightNorm.apply(module, name, dim)
Initialize encoder.encoders.0.self_attn.linear_q.bias to zeros
Initialize encoder.encoders.0.self_attn.linear_k.bias to zeros
Initialize encoder.encoders.0.self_attn.linear_v.bias to zeros
Initialize encoder.encoders.0.self_attn.linear_out.bias to zeros
Initialize encoder.encoders.0.feed_forward.w_1.bias to zeros
Initialize encoder.encoders.0.feed_forward.w_2.bias to zeros
Initialize encoder.encoders.0.norm1.bias to zeros
Initialize encoder.encoders.0.norm2.bias to zeros
Initialize encoder.encoders.1.self_attn.linear_q.bias to zeros
Initialize encoder.encoders.1.self_attn.linear_k.bias to zeros
Initialize encoder.encoders.1.self_attn.linear_v.bias to zeros
Initialize encoder.encoders.1.self_attn.linear_out.bias to zeros
Initialize encoder.encoders.1.feed_forward.w_1.bias to zeros
Initialize encoder.encoders.1.feed_forward.w_2.bias to zeros
Initialize encoder.encoders.1.norm1.bias to zeros
Initialize encoder.encoders.1.norm2.bias to zeros
Initialize encoder.encoders.2.self_attn.linear_q.bias to zeros
Initialize encoder.encoders.2.self_attn.linear_k.bias to zeros
Initialize encoder.encoders.2.self_attn.linear_v.bias to zeros
Initialize encoder.encoders.2.self_attn.linear_out.bias to zeros
Initialize encoder.encoders.2.feed_forward.w_1.bias to zeros
Initialize encoder.encoders.2.feed_forward.w_2.bias to zeros
Initialize encoder.encoders.2.norm1.bias to zeros
Initialize encoder.encoders.2.norm2.bias to zeros
Initialize encoder.encoders.3.self_attn.linear_q.bias to zeros
Initialize encoder.encoders.3.self_attn.linear_k.bias to zeros
Initialize encoder.encoders.3.self_attn.linear_v.bias to zeros
Initialize encoder.encoders.3.self_attn.linear_out.bias to zeros
Initialize encoder.encoders.3.feed_forward.w_1.bias to zeros
Initialize encoder.encoders.3.feed_forward.w_2.bias to zeros
Initialize encoder.encoders.3.norm1.bias to zeros
Initialize encoder.encoders.3.norm2.bias to zeros
Initialize encoder.after_norm.bias to zeros
Initialize duration_predictor.conv.0.0.bias to zeros
Initialize duration_predictor.conv.0.2.bias to zeros
Initialize duration_predictor.conv.1.0.bias to zeros
Initialize duration_predictor.conv.1.2.bias to zeros
Initialize duration_predictor.linear.bias to zeros
Initialize pitch_predictor.conv.0.0.bias to zeros
Initialize pitch_predictor.conv.0.2.bias to zeros
Initialize pitch_predictor.conv.1.0.bias to zeros
Initialize pitch_predictor.conv.1.2.bias to zeros
Initialize pitch_predictor.conv.2.0.bias to zeros
Initialize pitch_predictor.conv.2.2.bias to zeros
Initialize pitch_predictor.conv.3.0.bias to zeros
Initialize pitch_predictor.conv.3.2.bias to zeros
Initialize pitch_predictor.conv.4.0.bias to zeros
Initialize pitch_predictor.conv.4.2.bias to zeros
Initialize pitch_predictor.linear.bias to zeros
Initialize pitch_embed.0.bias to zeros
Initialize energy_predictor.conv.0.0.bias to zeros
Initialize energy_predictor.conv.0.2.bias to zeros
Initialize energy_predictor.conv.1.0.bias to zeros
Initialize energy_predictor.conv.1.2.bias to zeros
Initialize energy_predictor.linear.bias to zeros
Initialize energy_embed.0.bias to zeros
Initialize d0_predictor.conv.0.0.bias to zeros
Initialize d0_predictor.conv.0.2.bias to zeros
Initialize d0_predictor.conv.1.0.bias to zeros
Initialize d0_predictor.conv.1.2.bias to zeros
Initialize d0_predictor.linear.bias to zeros
Initialize d0_embed.0.bias to zeros
Initialize alignment_module.t_conv1.bias to zeros
Initialize alignment_module.t_conv2.bias to zeros
Initialize alignment_module.f_conv1.bias to zeros
Initialize alignment_module.f_conv2.bias to zeros
Initialize alignment_module.f_conv3.bias to zeros
Initialize decoder.encoders.0.self_attn.linear_q.bias to zeros
Initialize decoder.encoders.0.self_attn.linear_k.bias to zeros
Initialize decoder.encoders.0.self_attn.linear_v.bias to zeros
Initialize decoder.encoders.0.self_attn.linear_out.bias to zeros
Initialize decoder.encoders.0.feed_forward.w_1.bias to zeros
Initialize decoder.encoders.0.feed_forward.w_2.bias to zeros
Initialize decoder.encoders.0.norm1.bias to zeros
Initialize decoder.encoders.0.norm2.bias to zeros
Initialize decoder.encoders.1.self_attn.linear_q.bias to zeros
Initialize decoder.encoders.1.self_attn.linear_k.bias to zeros
Initialize decoder.encoders.1.self_attn.linear_v.bias to zeros
Initialize decoder.encoders.1.self_attn.linear_out.bias to zeros
Initialize decoder.encoders.1.feed_forward.w_1.bias to zeros
Initialize decoder.encoders.1.feed_forward.w_2.bias to zeros
Initialize decoder.encoders.1.norm1.bias to zeros
Initialize decoder.encoders.1.norm2.bias to zeros
Initialize decoder.encoders.2.self_attn.linear_q.bias to zeros
Initialize decoder.encoders.2.self_attn.linear_k.bias to zeros
Initialize decoder.encoders.2.self_attn.linear_v.bias to zeros
Initialize decoder.encoders.2.self_attn.linear_out.bias to zeros
Initialize decoder.encoders.2.feed_forward.w_1.bias to zeros
Initialize decoder.encoders.2.feed_forward.w_2.bias to zeros
Initialize decoder.encoders.2.norm1.bias to zeros
Initialize decoder.encoders.2.norm2.bias to zeros
Initialize decoder.encoders.3.self_attn.linear_q.bias to zeros
Initialize decoder.encoders.3.self_attn.linear_k.bias to zeros
Initialize decoder.encoders.3.self_attn.linear_v.bias to zeros
Initialize decoder.encoders.3.self_attn.linear_out.bias to zeros
Initialize decoder.encoders.3.feed_forward.w_1.bias to zeros
Initialize decoder.encoders.3.feed_forward.w_2.bias to zeros
Initialize decoder.encoders.3.norm1.bias to zeros
Initialize decoder.encoders.3.norm2.bias to zeros
Initialize decoder.after_norm.bias to zeros
Initialize generator.input_conv.bias to zeros
Initialize generator.upsamples.0.1.bias to zeros
Initialize generator.upsamples.1.1.bias to zeros
Initialize generator.upsamples.2.1.bias to zeros
Initialize generator.upsamples.3.1.bias to zeros
Initialize generator.blocks.0.convs1.0.1.bias to zeros
Initialize generator.blocks.0.convs1.1.1.bias to zeros
Initialize generator.blocks.0.convs1.2.1.bias to zeros
Initialize generator.blocks.0.convs2.0.1.bias to zeros
Initialize generator.blocks.0.convs2.1.1.bias to zeros
Initialize generator.blocks.0.convs2.2.1.bias to zeros
Initialize generator.blocks.1.convs1.0.1.bias to zeros
Initialize generator.blocks.1.convs1.1.1.bias to zeros
Initialize generator.blocks.1.convs1.2.1.bias to zeros
Initialize generator.blocks.1.convs2.0.1.bias to zeros
Initialize generator.blocks.1.convs2.1.1.bias to zeros
Initialize generator.blocks.1.convs2.2.1.bias to zeros
Initialize generator.blocks.2.convs1.0.1.bias to zeros
Initialize generator.blocks.2.convs1.1.1.bias to zeros
Initialize generator.blocks.2.convs1.2.1.bias to zeros
Initialize generator.blocks.2.convs2.0.1.bias to zeros
Initialize generator.blocks.2.convs2.1.1.bias to zeros
Initialize generator.blocks.2.convs2.2.1.bias to zeros
Initialize generator.blocks.3.convs1.0.1.bias to zeros
Initialize generator.blocks.3.convs1.1.1.bias to zeros
Initialize generator.blocks.3.convs1.2.1.bias to zeros
Initialize generator.blocks.3.convs2.0.1.bias to zeros
Initialize generator.blocks.3.convs2.1.1.bias to zeros
Initialize generator.blocks.3.convs2.2.1.bias to zeros
Initialize generator.blocks.4.convs1.0.1.bias to zeros
Initialize generator.blocks.4.convs1.1.1.bias to zeros
Initialize generator.blocks.4.convs1.2.1.bias to zeros
Initialize generator.blocks.4.convs2.0.1.bias to zeros
Initialize generator.blocks.4.convs2.1.1.bias to zeros
Initialize generator.blocks.4.convs2.2.1.bias to zeros
Initialize generator.blocks.5.convs1.0.1.bias to zeros
Initialize generator.blocks.5.convs1.1.1.bias to zeros
Initialize generator.blocks.5.convs1.2.1.bias to zeros
Initialize generator.blocks.5.convs2.0.1.bias to zeros
Initialize generator.blocks.5.convs2.1.1.bias to zeros
Initialize generator.blocks.5.convs2.2.1.bias to zeros
Initialize generator.blocks.6.convs1.0.1.bias to zeros
Initialize generator.blocks.6.convs1.1.1.bias to zeros
Initialize generator.blocks.6.convs1.2.1.bias to zeros
Initialize generator.blocks.6.convs2.0.1.bias to zeros
Initialize generator.blocks.6.convs2.1.1.bias to zeros
Initialize generator.blocks.6.convs2.2.1.bias to zeros
Initialize generator.blocks.7.convs1.0.1.bias to zeros
Initialize generator.blocks.7.convs1.1.1.bias to zeros
Initialize generator.blocks.7.convs1.2.1.bias to zeros
Initialize generator.blocks.7.convs2.0.1.bias to zeros
Initialize generator.blocks.7.convs2.1.1.bias to zeros
Initialize generator.blocks.7.convs2.2.1.bias to zeros
Initialize generator.blocks.8.convs1.0.1.bias to zeros
Initialize generator.blocks.8.convs1.1.1.bias to zeros
Initialize generator.blocks.8.convs1.2.1.bias to zeros
Initialize generator.blocks.8.convs2.0.1.bias to zeros
Initialize generator.blocks.8.convs2.1.1.bias to zeros
Initialize generator.blocks.8.convs2.2.1.bias to zeros
Initialize generator.blocks.9.convs1.0.1.bias to zeros
Initialize generator.blocks.9.convs1.1.1.bias to zeros
Initialize generator.blocks.9.convs1.2.1.bias to zeros
Initialize generator.blocks.9.convs2.0.1.bias to zeros
Initialize generator.blocks.9.convs2.1.1.bias to zeros
Initialize generator.blocks.9.convs2.2.1.bias to zeros
Initialize generator.blocks.10.convs1.0.1.bias to zeros
Initialize generator.blocks.10.convs1.1.1.bias to zeros
Initialize generator.blocks.10.convs1.2.1.bias to zeros
Initialize generator.blocks.10.convs2.0.1.bias to zeros
Initialize generator.blocks.10.convs2.1.1.bias to zeros
Initialize generator.blocks.10.convs2.2.1.bias to zeros
Initialize generator.blocks.11.convs1.0.1.bias to zeros
Initialize generator.blocks.11.convs1.1.1.bias to zeros
Initialize generator.blocks.11.convs1.2.1.bias to zeros
Initialize generator.blocks.11.convs2.0.1.bias to zeros
Initialize generator.blocks.11.convs2.1.1.bias to zeros
Initialize generator.blocks.11.convs2.2.1.bias to zeros
Initialize generator.output_conv.1.bias to zeros
Traceback (most recent call last):
  File "/home/uesugi/miniconda3/envs/espnet_custom/lib/python3.9/runpy.py", line 197, in _run_module_as_main
    return _run_code(code, main_globals, None,
  File "/home/uesugi/miniconda3/envs/espnet_custom/lib/python3.9/runpy.py", line 87, in _run_code
    exec(code, run_globals)
  File "/home/uesugi/espnet-for-customize-jets/espnet2/bin/gan_tts_train.py", line 22, in <module>
    main()
  File "/home/uesugi/espnet-for-customize-jets/espnet2/bin/gan_tts_train.py", line 18, in main
    GANTTSTask.main(cmd=cmd)
  File "/home/uesugi/espnet-for-customize-jets/espnet2/tasks/abs_task.py", line 1225, in main
    cls.main_worker(args)
  File "/home/uesugi/espnet-for-customize-jets/espnet2/tasks/abs_task.py", line 1357, in main_worker
    model = cls.build_model(args=args)
  File "/home/uesugi/espnet-for-customize-jets/espnet2/tasks/gan_tts.py", line 386, in build_model
    d0_extract = d0_extract_class(
TypeError: __init__() got an unexpected keyword argument 'fmin'
# Accounting: time=70 threads=1
# Ended (code 1) at Tue Jul  1 10:36:19 JST 2025, elapsed time 70 seconds
# python3 -m espnet2.bin.gan_tts_train --collect_stats true --write_collected_feats true --use_preprocessor true --token_type phn --token_list dump/22.05k/token_list/phn_jaconv_pyopenjtalk_prosody/tokens.txt --non_linguistic_symbols none --cleaner jaconv --g2p pyopenjtalk_prosody --normalize none --pitch_normalize none --energy_normalize none --d0_normalize none --train_data_path_and_name_and_type dump/22.05k/raw/tr_no_dev/text,text,text --train_data_path_and_name_and_type dump/22.05k/raw/tr_no_dev/wav.scp,speech,sound --valid_data_path_and_name_and_type dump/22.05k/raw/dev/text,text,text --valid_data_path_and_name_and_type dump/22.05k/raw/dev/wav.scp,speech,sound --train_shape_file exp/22.05k/tts_stats_raw_phn_jaconv_pyopenjtalk_prosody/logdir/train.10.scp --valid_shape_file exp/22.05k/tts_stats_raw_phn_jaconv_pyopenjtalk_prosody/logdir/valid.10.scp --output_dir exp/22.05k/tts_stats_raw_phn_jaconv_pyopenjtalk_prosody/logdir/stats.10 --config conf/tuning/train_jets_22.05k.yaml --feats_extract fbank --feats_extract_conf n_fft=1024 --feats_extract_conf hop_length=256 --feats_extract_conf win_length=null --feats_extract_conf fs=22050 --feats_extract_conf fmin=80 --feats_extract_conf fmax=7600 --feats_extract_conf n_mels=80 --pitch_extract_conf fs=22050 --pitch_extract_conf n_fft=1024 --pitch_extract_conf hop_length=256 --pitch_extract_conf f0max=400 --pitch_extract_conf f0min=80 --energy_extract_conf fs=22050 --energy_extract_conf n_fft=1024 --energy_extract_conf hop_length=256 --energy_extract_conf win_length=null --d0_extract_conf fs=22050 --d0_extract_conf n_fft=1024 --d0_extract_conf hop_length=256 --d0_extract_conf win_length=null --d0_extract_conf fmin=80 --d0_extract_conf fmax=7600 --d0_extract_conf n_mels=80 
# Started at Tue Jul  1 10:35:09 JST 2025
#
/home/uesugi/miniconda3/envs/espnet_custom/bin/python3 /home/uesugi/espnet-for-customize-jets/espnet2/bin/gan_tts_train.py --collect_stats true --write_collected_feats true --use_preprocessor true --token_type phn --token_list dump/22.05k/token_list/phn_jaconv_pyopenjtalk_prosody/tokens.txt --non_linguistic_symbols none --cleaner jaconv --g2p pyopenjtalk_prosody --normalize none --pitch_normalize none --energy_normalize none --d0_normalize none --train_data_path_and_name_and_type dump/22.05k/raw/tr_no_dev/text,text,text --train_data_path_and_name_and_type dump/22.05k/raw/tr_no_dev/wav.scp,speech,sound --valid_data_path_and_name_and_type dump/22.05k/raw/dev/text,text,text --valid_data_path_and_name_and_type dump/22.05k/raw/dev/wav.scp,speech,sound --train_shape_file exp/22.05k/tts_stats_raw_phn_jaconv_pyopenjtalk_prosody/logdir/train.10.scp --valid_shape_file exp/22.05k/tts_stats_raw_phn_jaconv_pyopenjtalk_prosody/logdir/valid.10.scp --output_dir exp/22.05k/tts_stats_raw_phn_jaconv_pyopenjtalk_prosody/logdir/stats.10 --config conf/tuning/train_jets_22.05k.yaml --feats_extract fbank --feats_extract_conf n_fft=1024 --feats_extract_conf hop_length=256 --feats_extract_conf win_length=null --feats_extract_conf fs=22050 --feats_extract_conf fmin=80 --feats_extract_conf fmax=7600 --feats_extract_conf n_mels=80 --pitch_extract_conf fs=22050 --pitch_extract_conf n_fft=1024 --pitch_extract_conf hop_length=256 --pitch_extract_conf f0max=400 --pitch_extract_conf f0min=80 --energy_extract_conf fs=22050 --energy_extract_conf n_fft=1024 --energy_extract_conf hop_length=256 --energy_extract_conf win_length=null --d0_extract_conf fs=22050 --d0_extract_conf n_fft=1024 --d0_extract_conf hop_length=256 --d0_extract_conf win_length=null --d0_extract_conf fmin=80 --d0_extract_conf fmax=7600 --d0_extract_conf n_mels=80
Failed to import Flash Attention, using ESPnet default: libcudart.so.12: cannot open shared object file: No such file or directory
Vocabulary size: 47
encoder self-attention layer type = self-attention
encoder self-attention layer type = self-attention
/home/uesugi/miniconda3/envs/espnet_custom/lib/python3.9/site-packages/torch/nn/utils/weight_norm.py:143: FutureWarning: `torch.nn.utils.weight_norm` is deprecated in favor of `torch.nn.utils.parametrizations.weight_norm`.
  WeightNorm.apply(module, name, dim)
Initialize encoder.encoders.0.self_attn.linear_q.bias to zeros
Initialize encoder.encoders.0.self_attn.linear_k.bias to zeros
Initialize encoder.encoders.0.self_attn.linear_v.bias to zeros
Initialize encoder.encoders.0.self_attn.linear_out.bias to zeros
Initialize encoder.encoders.0.feed_forward.w_1.bias to zeros
Initialize encoder.encoders.0.feed_forward.w_2.bias to zeros
Initialize encoder.encoders.0.norm1.bias to zeros
Initialize encoder.encoders.0.norm2.bias to zeros
Initialize encoder.encoders.1.self_attn.linear_q.bias to zeros
Initialize encoder.encoders.1.self_attn.linear_k.bias to zeros
Initialize encoder.encoders.1.self_attn.linear_v.bias to zeros
Initialize encoder.encoders.1.self_attn.linear_out.bias to zeros
Initialize encoder.encoders.1.feed_forward.w_1.bias to zeros
Initialize encoder.encoders.1.feed_forward.w_2.bias to zeros
Initialize encoder.encoders.1.norm1.bias to zeros
Initialize encoder.encoders.1.norm2.bias to zeros
Initialize encoder.encoders.2.self_attn.linear_q.bias to zeros
Initialize encoder.encoders.2.self_attn.linear_k.bias to zeros
Initialize encoder.encoders.2.self_attn.linear_v.bias to zeros
Initialize encoder.encoders.2.self_attn.linear_out.bias to zeros
Initialize encoder.encoders.2.feed_forward.w_1.bias to zeros
Initialize encoder.encoders.2.feed_forward.w_2.bias to zeros
Initialize encoder.encoders.2.norm1.bias to zeros
Initialize encoder.encoders.2.norm2.bias to zeros
Initialize encoder.encoders.3.self_attn.linear_q.bias to zeros
Initialize encoder.encoders.3.self_attn.linear_k.bias to zeros
Initialize encoder.encoders.3.self_attn.linear_v.bias to zeros
Initialize encoder.encoders.3.self_attn.linear_out.bias to zeros
Initialize encoder.encoders.3.feed_forward.w_1.bias to zeros
Initialize encoder.encoders.3.feed_forward.w_2.bias to zeros
Initialize encoder.encoders.3.norm1.bias to zeros
Initialize encoder.encoders.3.norm2.bias to zeros
Initialize encoder.after_norm.bias to zeros
Initialize duration_predictor.conv.0.0.bias to zeros
Initialize duration_predictor.conv.0.2.bias to zeros
Initialize duration_predictor.conv.1.0.bias to zeros
Initialize duration_predictor.conv.1.2.bias to zeros
Initialize duration_predictor.linear.bias to zeros
Initialize pitch_predictor.conv.0.0.bias to zeros
Initialize pitch_predictor.conv.0.2.bias to zeros
Initialize pitch_predictor.conv.1.0.bias to zeros
Initialize pitch_predictor.conv.1.2.bias to zeros
Initialize pitch_predictor.conv.2.0.bias to zeros
Initialize pitch_predictor.conv.2.2.bias to zeros
Initialize pitch_predictor.conv.3.0.bias to zeros
Initialize pitch_predictor.conv.3.2.bias to zeros
Initialize pitch_predictor.conv.4.0.bias to zeros
Initialize pitch_predictor.conv.4.2.bias to zeros
Initialize pitch_predictor.linear.bias to zeros
Initialize pitch_embed.0.bias to zeros
Initialize energy_predictor.conv.0.0.bias to zeros
Initialize energy_predictor.conv.0.2.bias to zeros
Initialize energy_predictor.conv.1.0.bias to zeros
Initialize energy_predictor.conv.1.2.bias to zeros
Initialize energy_predictor.linear.bias to zeros
Initialize energy_embed.0.bias to zeros
Initialize d0_predictor.conv.0.0.bias to zeros
Initialize d0_predictor.conv.0.2.bias to zeros
Initialize d0_predictor.conv.1.0.bias to zeros
Initialize d0_predictor.conv.1.2.bias to zeros
Initialize d0_predictor.linear.bias to zeros
Initialize d0_embed.0.bias to zeros
Initialize alignment_module.t_conv1.bias to zeros
Initialize alignment_module.t_conv2.bias to zeros
Initialize alignment_module.f_conv1.bias to zeros
Initialize alignment_module.f_conv2.bias to zeros
Initialize alignment_module.f_conv3.bias to zeros
Initialize decoder.encoders.0.self_attn.linear_q.bias to zeros
Initialize decoder.encoders.0.self_attn.linear_k.bias to zeros
Initialize decoder.encoders.0.self_attn.linear_v.bias to zeros
Initialize decoder.encoders.0.self_attn.linear_out.bias to zeros
Initialize decoder.encoders.0.feed_forward.w_1.bias to zeros
Initialize decoder.encoders.0.feed_forward.w_2.bias to zeros
Initialize decoder.encoders.0.norm1.bias to zeros
Initialize decoder.encoders.0.norm2.bias to zeros
Initialize decoder.encoders.1.self_attn.linear_q.bias to zeros
Initialize decoder.encoders.1.self_attn.linear_k.bias to zeros
Initialize decoder.encoders.1.self_attn.linear_v.bias to zeros
Initialize decoder.encoders.1.self_attn.linear_out.bias to zeros
Initialize decoder.encoders.1.feed_forward.w_1.bias to zeros
Initialize decoder.encoders.1.feed_forward.w_2.bias to zeros
Initialize decoder.encoders.1.norm1.bias to zeros
Initialize decoder.encoders.1.norm2.bias to zeros
Initialize decoder.encoders.2.self_attn.linear_q.bias to zeros
Initialize decoder.encoders.2.self_attn.linear_k.bias to zeros
Initialize decoder.encoders.2.self_attn.linear_v.bias to zeros
Initialize decoder.encoders.2.self_attn.linear_out.bias to zeros
Initialize decoder.encoders.2.feed_forward.w_1.bias to zeros
Initialize decoder.encoders.2.feed_forward.w_2.bias to zeros
Initialize decoder.encoders.2.norm1.bias to zeros
Initialize decoder.encoders.2.norm2.bias to zeros
Initialize decoder.encoders.3.self_attn.linear_q.bias to zeros
Initialize decoder.encoders.3.self_attn.linear_k.bias to zeros
Initialize decoder.encoders.3.self_attn.linear_v.bias to zeros
Initialize decoder.encoders.3.self_attn.linear_out.bias to zeros
Initialize decoder.encoders.3.feed_forward.w_1.bias to zeros
Initialize decoder.encoders.3.feed_forward.w_2.bias to zeros
Initialize decoder.encoders.3.norm1.bias to zeros
Initialize decoder.encoders.3.norm2.bias to zeros
Initialize decoder.after_norm.bias to zeros
Initialize generator.input_conv.bias to zeros
Initialize generator.upsamples.0.1.bias to zeros
Initialize generator.upsamples.1.1.bias to zeros
Initialize generator.upsamples.2.1.bias to zeros
Initialize generator.upsamples.3.1.bias to zeros
Initialize generator.blocks.0.convs1.0.1.bias to zeros
Initialize generator.blocks.0.convs1.1.1.bias to zeros
Initialize generator.blocks.0.convs1.2.1.bias to zeros
Initialize generator.blocks.0.convs2.0.1.bias to zeros
Initialize generator.blocks.0.convs2.1.1.bias to zeros
Initialize generator.blocks.0.convs2.2.1.bias to zeros
Initialize generator.blocks.1.convs1.0.1.bias to zeros
Initialize generator.blocks.1.convs1.1.1.bias to zeros
Initialize generator.blocks.1.convs1.2.1.bias to zeros
Initialize generator.blocks.1.convs2.0.1.bias to zeros
Initialize generator.blocks.1.convs2.1.1.bias to zeros
Initialize generator.blocks.1.convs2.2.1.bias to zeros
Initialize generator.blocks.2.convs1.0.1.bias to zeros
Initialize generator.blocks.2.convs1.1.1.bias to zeros
Initialize generator.blocks.2.convs1.2.1.bias to zeros
Initialize generator.blocks.2.convs2.0.1.bias to zeros
Initialize generator.blocks.2.convs2.1.1.bias to zeros
Initialize generator.blocks.2.convs2.2.1.bias to zeros
Initialize generator.blocks.3.convs1.0.1.bias to zeros
Initialize generator.blocks.3.convs1.1.1.bias to zeros
Initialize generator.blocks.3.convs1.2.1.bias to zeros
Initialize generator.blocks.3.convs2.0.1.bias to zeros
Initialize generator.blocks.3.convs2.1.1.bias to zeros
Initialize generator.blocks.3.convs2.2.1.bias to zeros
Initialize generator.blocks.4.convs1.0.1.bias to zeros
Initialize generator.blocks.4.convs1.1.1.bias to zeros
Initialize generator.blocks.4.convs1.2.1.bias to zeros
Initialize generator.blocks.4.convs2.0.1.bias to zeros
Initialize generator.blocks.4.convs2.1.1.bias to zeros
Initialize generator.blocks.4.convs2.2.1.bias to zeros
Initialize generator.blocks.5.convs1.0.1.bias to zeros
Initialize generator.blocks.5.convs1.1.1.bias to zeros
Initialize generator.blocks.5.convs1.2.1.bias to zeros
Initialize generator.blocks.5.convs2.0.1.bias to zeros
Initialize generator.blocks.5.convs2.1.1.bias to zeros
Initialize generator.blocks.5.convs2.2.1.bias to zeros
Initialize generator.blocks.6.convs1.0.1.bias to zeros
Initialize generator.blocks.6.convs1.1.1.bias to zeros
Initialize generator.blocks.6.convs1.2.1.bias to zeros
Initialize generator.blocks.6.convs2.0.1.bias to zeros
Initialize generator.blocks.6.convs2.1.1.bias to zeros
Initialize generator.blocks.6.convs2.2.1.bias to zeros
Initialize generator.blocks.7.convs1.0.1.bias to zeros
Initialize generator.blocks.7.convs1.1.1.bias to zeros
Initialize generator.blocks.7.convs1.2.1.bias to zeros
Initialize generator.blocks.7.convs2.0.1.bias to zeros
Initialize generator.blocks.7.convs2.1.1.bias to zeros
Initialize generator.blocks.7.convs2.2.1.bias to zeros
Initialize generator.blocks.8.convs1.0.1.bias to zeros
Initialize generator.blocks.8.convs1.1.1.bias to zeros
Initialize generator.blocks.8.convs1.2.1.bias to zeros
Initialize generator.blocks.8.convs2.0.1.bias to zeros
Initialize generator.blocks.8.convs2.1.1.bias to zeros
Initialize generator.blocks.8.convs2.2.1.bias to zeros
Initialize generator.blocks.9.convs1.0.1.bias to zeros
Initialize generator.blocks.9.convs1.1.1.bias to zeros
Initialize generator.blocks.9.convs1.2.1.bias to zeros
Initialize generator.blocks.9.convs2.0.1.bias to zeros
Initialize generator.blocks.9.convs2.1.1.bias to zeros
Initialize generator.blocks.9.convs2.2.1.bias to zeros
Initialize generator.blocks.10.convs1.0.1.bias to zeros
Initialize generator.blocks.10.convs1.1.1.bias to zeros
Initialize generator.blocks.10.convs1.2.1.bias to zeros
Initialize generator.blocks.10.convs2.0.1.bias to zeros
Initialize generator.blocks.10.convs2.1.1.bias to zeros
Initialize generator.blocks.10.convs2.2.1.bias to zeros
Initialize generator.blocks.11.convs1.0.1.bias to zeros
Initialize generator.blocks.11.convs1.1.1.bias to zeros
Initialize generator.blocks.11.convs1.2.1.bias to zeros
Initialize generator.blocks.11.convs2.0.1.bias to zeros
Initialize generator.blocks.11.convs2.1.1.bias to zeros
Initialize generator.blocks.11.convs2.2.1.bias to zeros
Initialize generator.output_conv.1.bias to zeros
Traceback (most recent call last):
  File "/home/uesugi/miniconda3/envs/espnet_custom/lib/python3.9/runpy.py", line 197, in _run_module_as_main
    return _run_code(code, main_globals, None,
  File "/home/uesugi/miniconda3/envs/espnet_custom/lib/python3.9/runpy.py", line 87, in _run_code
    exec(code, run_globals)
  File "/home/uesugi/espnet-for-customize-jets/espnet2/bin/gan_tts_train.py", line 22, in <module>
    main()
  File "/home/uesugi/espnet-for-customize-jets/espnet2/bin/gan_tts_train.py", line 18, in main
    GANTTSTask.main(cmd=cmd)
  File "/home/uesugi/espnet-for-customize-jets/espnet2/tasks/abs_task.py", line 1225, in main
    cls.main_worker(args)
  File "/home/uesugi/espnet-for-customize-jets/espnet2/tasks/abs_task.py", line 1357, in main_worker
    model = cls.build_model(args=args)
  File "/home/uesugi/espnet-for-customize-jets/espnet2/tasks/gan_tts.py", line 386, in build_model
    d0_extract = d0_extract_class(
TypeError: __init__() got an unexpected keyword argument 'fmin'
# Accounting: time=67 threads=1
# Ended (code 1) at Tue Jul  1 10:36:17 JST 2025, elapsed time 67 seconds
# python3 -m espnet2.bin.gan_tts_train --collect_stats true --write_collected_feats true --use_preprocessor true --token_type phn --token_list dump/22.05k/token_list/phn_jaconv_pyopenjtalk_prosody/tokens.txt --non_linguistic_symbols none --cleaner jaconv --g2p pyopenjtalk_prosody --normalize none --pitch_normalize none --energy_normalize none --d0_normalize none --train_data_path_and_name_and_type dump/22.05k/raw/tr_no_dev/text,text,text --train_data_path_and_name_and_type dump/22.05k/raw/tr_no_dev/wav.scp,speech,sound --valid_data_path_and_name_and_type dump/22.05k/raw/dev/text,text,text --valid_data_path_and_name_and_type dump/22.05k/raw/dev/wav.scp,speech,sound --train_shape_file exp/22.05k/tts_stats_raw_phn_jaconv_pyopenjtalk_prosody/logdir/train.11.scp --valid_shape_file exp/22.05k/tts_stats_raw_phn_jaconv_pyopenjtalk_prosody/logdir/valid.11.scp --output_dir exp/22.05k/tts_stats_raw_phn_jaconv_pyopenjtalk_prosody/logdir/stats.11 --config conf/tuning/train_jets_22.05k.yaml --feats_extract fbank --feats_extract_conf n_fft=1024 --feats_extract_conf hop_length=256 --feats_extract_conf win_length=null --feats_extract_conf fs=22050 --feats_extract_conf fmin=80 --feats_extract_conf fmax=7600 --feats_extract_conf n_mels=80 --pitch_extract_conf fs=22050 --pitch_extract_conf n_fft=1024 --pitch_extract_conf hop_length=256 --pitch_extract_conf f0max=400 --pitch_extract_conf f0min=80 --energy_extract_conf fs=22050 --energy_extract_conf n_fft=1024 --energy_extract_conf hop_length=256 --energy_extract_conf win_length=null --d0_extract_conf fs=22050 --d0_extract_conf n_fft=1024 --d0_extract_conf hop_length=256 --d0_extract_conf win_length=null --d0_extract_conf fmin=80 --d0_extract_conf fmax=7600 --d0_extract_conf n_mels=80 
# Started at Tue Jul  1 10:35:09 JST 2025
#
/home/uesugi/miniconda3/envs/espnet_custom/bin/python3 /home/uesugi/espnet-for-customize-jets/espnet2/bin/gan_tts_train.py --collect_stats true --write_collected_feats true --use_preprocessor true --token_type phn --token_list dump/22.05k/token_list/phn_jaconv_pyopenjtalk_prosody/tokens.txt --non_linguistic_symbols none --cleaner jaconv --g2p pyopenjtalk_prosody --normalize none --pitch_normalize none --energy_normalize none --d0_normalize none --train_data_path_and_name_and_type dump/22.05k/raw/tr_no_dev/text,text,text --train_data_path_and_name_and_type dump/22.05k/raw/tr_no_dev/wav.scp,speech,sound --valid_data_path_and_name_and_type dump/22.05k/raw/dev/text,text,text --valid_data_path_and_name_and_type dump/22.05k/raw/dev/wav.scp,speech,sound --train_shape_file exp/22.05k/tts_stats_raw_phn_jaconv_pyopenjtalk_prosody/logdir/train.11.scp --valid_shape_file exp/22.05k/tts_stats_raw_phn_jaconv_pyopenjtalk_prosody/logdir/valid.11.scp --output_dir exp/22.05k/tts_stats_raw_phn_jaconv_pyopenjtalk_prosody/logdir/stats.11 --config conf/tuning/train_jets_22.05k.yaml --feats_extract fbank --feats_extract_conf n_fft=1024 --feats_extract_conf hop_length=256 --feats_extract_conf win_length=null --feats_extract_conf fs=22050 --feats_extract_conf fmin=80 --feats_extract_conf fmax=7600 --feats_extract_conf n_mels=80 --pitch_extract_conf fs=22050 --pitch_extract_conf n_fft=1024 --pitch_extract_conf hop_length=256 --pitch_extract_conf f0max=400 --pitch_extract_conf f0min=80 --energy_extract_conf fs=22050 --energy_extract_conf n_fft=1024 --energy_extract_conf hop_length=256 --energy_extract_conf win_length=null --d0_extract_conf fs=22050 --d0_extract_conf n_fft=1024 --d0_extract_conf hop_length=256 --d0_extract_conf win_length=null --d0_extract_conf fmin=80 --d0_extract_conf fmax=7600 --d0_extract_conf n_mels=80
Failed to import Flash Attention, using ESPnet default: libcudart.so.12: cannot open shared object file: No such file or directory
Vocabulary size: 47
encoder self-attention layer type = self-attention
encoder self-attention layer type = self-attention
/home/uesugi/miniconda3/envs/espnet_custom/lib/python3.9/site-packages/torch/nn/utils/weight_norm.py:143: FutureWarning: `torch.nn.utils.weight_norm` is deprecated in favor of `torch.nn.utils.parametrizations.weight_norm`.
  WeightNorm.apply(module, name, dim)
Initialize encoder.encoders.0.self_attn.linear_q.bias to zeros
Initialize encoder.encoders.0.self_attn.linear_k.bias to zeros
Initialize encoder.encoders.0.self_attn.linear_v.bias to zeros
Initialize encoder.encoders.0.self_attn.linear_out.bias to zeros
Initialize encoder.encoders.0.feed_forward.w_1.bias to zeros
Initialize encoder.encoders.0.feed_forward.w_2.bias to zeros
Initialize encoder.encoders.0.norm1.bias to zeros
Initialize encoder.encoders.0.norm2.bias to zeros
Initialize encoder.encoders.1.self_attn.linear_q.bias to zeros
Initialize encoder.encoders.1.self_attn.linear_k.bias to zeros
Initialize encoder.encoders.1.self_attn.linear_v.bias to zeros
Initialize encoder.encoders.1.self_attn.linear_out.bias to zeros
Initialize encoder.encoders.1.feed_forward.w_1.bias to zeros
Initialize encoder.encoders.1.feed_forward.w_2.bias to zeros
Initialize encoder.encoders.1.norm1.bias to zeros
Initialize encoder.encoders.1.norm2.bias to zeros
Initialize encoder.encoders.2.self_attn.linear_q.bias to zeros
Initialize encoder.encoders.2.self_attn.linear_k.bias to zeros
Initialize encoder.encoders.2.self_attn.linear_v.bias to zeros
Initialize encoder.encoders.2.self_attn.linear_out.bias to zeros
Initialize encoder.encoders.2.feed_forward.w_1.bias to zeros
Initialize encoder.encoders.2.feed_forward.w_2.bias to zeros
Initialize encoder.encoders.2.norm1.bias to zeros
Initialize encoder.encoders.2.norm2.bias to zeros
Initialize encoder.encoders.3.self_attn.linear_q.bias to zeros
Initialize encoder.encoders.3.self_attn.linear_k.bias to zeros
Initialize encoder.encoders.3.self_attn.linear_v.bias to zeros
Initialize encoder.encoders.3.self_attn.linear_out.bias to zeros
Initialize encoder.encoders.3.feed_forward.w_1.bias to zeros
Initialize encoder.encoders.3.feed_forward.w_2.bias to zeros
Initialize encoder.encoders.3.norm1.bias to zeros
Initialize encoder.encoders.3.norm2.bias to zeros
Initialize encoder.after_norm.bias to zeros
Initialize duration_predictor.conv.0.0.bias to zeros
Initialize duration_predictor.conv.0.2.bias to zeros
Initialize duration_predictor.conv.1.0.bias to zeros
Initialize duration_predictor.conv.1.2.bias to zeros
Initialize duration_predictor.linear.bias to zeros
Initialize pitch_predictor.conv.0.0.bias to zeros
Initialize pitch_predictor.conv.0.2.bias to zeros
Initialize pitch_predictor.conv.1.0.bias to zeros
Initialize pitch_predictor.conv.1.2.bias to zeros
Initialize pitch_predictor.conv.2.0.bias to zeros
Initialize pitch_predictor.conv.2.2.bias to zeros
Initialize pitch_predictor.conv.3.0.bias to zeros
Initialize pitch_predictor.conv.3.2.bias to zeros
Initialize pitch_predictor.conv.4.0.bias to zeros
Initialize pitch_predictor.conv.4.2.bias to zeros
Initialize pitch_predictor.linear.bias to zeros
Initialize pitch_embed.0.bias to zeros
Initialize energy_predictor.conv.0.0.bias to zeros
Initialize energy_predictor.conv.0.2.bias to zeros
Initialize energy_predictor.conv.1.0.bias to zeros
Initialize energy_predictor.conv.1.2.bias to zeros
Initialize energy_predictor.linear.bias to zeros
Initialize energy_embed.0.bias to zeros
Initialize d0_predictor.conv.0.0.bias to zeros
Initialize d0_predictor.conv.0.2.bias to zeros
Initialize d0_predictor.conv.1.0.bias to zeros
Initialize d0_predictor.conv.1.2.bias to zeros
Initialize d0_predictor.linear.bias to zeros
Initialize d0_embed.0.bias to zeros
Initialize alignment_module.t_conv1.bias to zeros
Initialize alignment_module.t_conv2.bias to zeros
Initialize alignment_module.f_conv1.bias to zeros
Initialize alignment_module.f_conv2.bias to zeros
Initialize alignment_module.f_conv3.bias to zeros
Initialize decoder.encoders.0.self_attn.linear_q.bias to zeros
Initialize decoder.encoders.0.self_attn.linear_k.bias to zeros
Initialize decoder.encoders.0.self_attn.linear_v.bias to zeros
Initialize decoder.encoders.0.self_attn.linear_out.bias to zeros
Initialize decoder.encoders.0.feed_forward.w_1.bias to zeros
Initialize decoder.encoders.0.feed_forward.w_2.bias to zeros
Initialize decoder.encoders.0.norm1.bias to zeros
Initialize decoder.encoders.0.norm2.bias to zeros
Initialize decoder.encoders.1.self_attn.linear_q.bias to zeros
Initialize decoder.encoders.1.self_attn.linear_k.bias to zeros
Initialize decoder.encoders.1.self_attn.linear_v.bias to zeros
Initialize decoder.encoders.1.self_attn.linear_out.bias to zeros
Initialize decoder.encoders.1.feed_forward.w_1.bias to zeros
Initialize decoder.encoders.1.feed_forward.w_2.bias to zeros
Initialize decoder.encoders.1.norm1.bias to zeros
Initialize decoder.encoders.1.norm2.bias to zeros
Initialize decoder.encoders.2.self_attn.linear_q.bias to zeros
Initialize decoder.encoders.2.self_attn.linear_k.bias to zeros
Initialize decoder.encoders.2.self_attn.linear_v.bias to zeros
Initialize decoder.encoders.2.self_attn.linear_out.bias to zeros
Initialize decoder.encoders.2.feed_forward.w_1.bias to zeros
Initialize decoder.encoders.2.feed_forward.w_2.bias to zeros
Initialize decoder.encoders.2.norm1.bias to zeros
Initialize decoder.encoders.2.norm2.bias to zeros
Initialize decoder.encoders.3.self_attn.linear_q.bias to zeros
Initialize decoder.encoders.3.self_attn.linear_k.bias to zeros
Initialize decoder.encoders.3.self_attn.linear_v.bias to zeros
Initialize decoder.encoders.3.self_attn.linear_out.bias to zeros
Initialize decoder.encoders.3.feed_forward.w_1.bias to zeros
Initialize decoder.encoders.3.feed_forward.w_2.bias to zeros
Initialize decoder.encoders.3.norm1.bias to zeros
Initialize decoder.encoders.3.norm2.bias to zeros
Initialize decoder.after_norm.bias to zeros
Initialize generator.input_conv.bias to zeros
Initialize generator.upsamples.0.1.bias to zeros
Initialize generator.upsamples.1.1.bias to zeros
Initialize generator.upsamples.2.1.bias to zeros
Initialize generator.upsamples.3.1.bias to zeros
Initialize generator.blocks.0.convs1.0.1.bias to zeros
Initialize generator.blocks.0.convs1.1.1.bias to zeros
Initialize generator.blocks.0.convs1.2.1.bias to zeros
Initialize generator.blocks.0.convs2.0.1.bias to zeros
Initialize generator.blocks.0.convs2.1.1.bias to zeros
Initialize generator.blocks.0.convs2.2.1.bias to zeros
Initialize generator.blocks.1.convs1.0.1.bias to zeros
Initialize generator.blocks.1.convs1.1.1.bias to zeros
Initialize generator.blocks.1.convs1.2.1.bias to zeros
Initialize generator.blocks.1.convs2.0.1.bias to zeros
Initialize generator.blocks.1.convs2.1.1.bias to zeros
Initialize generator.blocks.1.convs2.2.1.bias to zeros
Initialize generator.blocks.2.convs1.0.1.bias to zeros
Initialize generator.blocks.2.convs1.1.1.bias to zeros
Initialize generator.blocks.2.convs1.2.1.bias to zeros
Initialize generator.blocks.2.convs2.0.1.bias to zeros
Initialize generator.blocks.2.convs2.1.1.bias to zeros
Initialize generator.blocks.2.convs2.2.1.bias to zeros
Initialize generator.blocks.3.convs1.0.1.bias to zeros
Initialize generator.blocks.3.convs1.1.1.bias to zeros
Initialize generator.blocks.3.convs1.2.1.bias to zeros
Initialize generator.blocks.3.convs2.0.1.bias to zeros
Initialize generator.blocks.3.convs2.1.1.bias to zeros
Initialize generator.blocks.3.convs2.2.1.bias to zeros
Initialize generator.blocks.4.convs1.0.1.bias to zeros
Initialize generator.blocks.4.convs1.1.1.bias to zeros
Initialize generator.blocks.4.convs1.2.1.bias to zeros
Initialize generator.blocks.4.convs2.0.1.bias to zeros
Initialize generator.blocks.4.convs2.1.1.bias to zeros
Initialize generator.blocks.4.convs2.2.1.bias to zeros
Initialize generator.blocks.5.convs1.0.1.bias to zeros
Initialize generator.blocks.5.convs1.1.1.bias to zeros
Initialize generator.blocks.5.convs1.2.1.bias to zeros
Initialize generator.blocks.5.convs2.0.1.bias to zeros
Initialize generator.blocks.5.convs2.1.1.bias to zeros
Initialize generator.blocks.5.convs2.2.1.bias to zeros
Initialize generator.blocks.6.convs1.0.1.bias to zeros
Initialize generator.blocks.6.convs1.1.1.bias to zeros
Initialize generator.blocks.6.convs1.2.1.bias to zeros
Initialize generator.blocks.6.convs2.0.1.bias to zeros
Initialize generator.blocks.6.convs2.1.1.bias to zeros
Initialize generator.blocks.6.convs2.2.1.bias to zeros
Initialize generator.blocks.7.convs1.0.1.bias to zeros
Initialize generator.blocks.7.convs1.1.1.bias to zeros
Initialize generator.blocks.7.convs1.2.1.bias to zeros
Initialize generator.blocks.7.convs2.0.1.bias to zeros
Initialize generator.blocks.7.convs2.1.1.bias to zeros
Initialize generator.blocks.7.convs2.2.1.bias to zeros
Initialize generator.blocks.8.convs1.0.1.bias to zeros
Initialize generator.blocks.8.convs1.1.1.bias to zeros
Initialize generator.blocks.8.convs1.2.1.bias to zeros
Initialize generator.blocks.8.convs2.0.1.bias to zeros
Initialize generator.blocks.8.convs2.1.1.bias to zeros
Initialize generator.blocks.8.convs2.2.1.bias to zeros
Initialize generator.blocks.9.convs1.0.1.bias to zeros
Initialize generator.blocks.9.convs1.1.1.bias to zeros
Initialize generator.blocks.9.convs1.2.1.bias to zeros
Initialize generator.blocks.9.convs2.0.1.bias to zeros
Initialize generator.blocks.9.convs2.1.1.bias to zeros
Initialize generator.blocks.9.convs2.2.1.bias to zeros
Initialize generator.blocks.10.convs1.0.1.bias to zeros
Initialize generator.blocks.10.convs1.1.1.bias to zeros
Initialize generator.blocks.10.convs1.2.1.bias to zeros
Initialize generator.blocks.10.convs2.0.1.bias to zeros
Initialize generator.blocks.10.convs2.1.1.bias to zeros
Initialize generator.blocks.10.convs2.2.1.bias to zeros
Initialize generator.blocks.11.convs1.0.1.bias to zeros
Initialize generator.blocks.11.convs1.1.1.bias to zeros
Initialize generator.blocks.11.convs1.2.1.bias to zeros
Initialize generator.blocks.11.convs2.0.1.bias to zeros
Initialize generator.blocks.11.convs2.1.1.bias to zeros
Initialize generator.blocks.11.convs2.2.1.bias to zeros
Initialize generator.output_conv.1.bias to zeros
Traceback (most recent call last):
  File "/home/uesugi/miniconda3/envs/espnet_custom/lib/python3.9/runpy.py", line 197, in _run_module_as_main
    return _run_code(code, main_globals, None,
  File "/home/uesugi/miniconda3/envs/espnet_custom/lib/python3.9/runpy.py", line 87, in _run_code
    exec(code, run_globals)
  File "/home/uesugi/espnet-for-customize-jets/espnet2/bin/gan_tts_train.py", line 22, in <module>
    main()
  File "/home/uesugi/espnet-for-customize-jets/espnet2/bin/gan_tts_train.py", line 18, in main
    GANTTSTask.main(cmd=cmd)
  File "/home/uesugi/espnet-for-customize-jets/espnet2/tasks/abs_task.py", line 1225, in main
    cls.main_worker(args)
  File "/home/uesugi/espnet-for-customize-jets/espnet2/tasks/abs_task.py", line 1357, in main_worker
    model = cls.build_model(args=args)
  File "/home/uesugi/espnet-for-customize-jets/espnet2/tasks/gan_tts.py", line 386, in build_model
    d0_extract = d0_extract_class(
TypeError: __init__() got an unexpected keyword argument 'fmin'
# Accounting: time=81 threads=1
# Ended (code 1) at Tue Jul  1 10:36:31 JST 2025, elapsed time 81 seconds
# python3 -m espnet2.bin.gan_tts_train --collect_stats true --write_collected_feats true --use_preprocessor true --token_type phn --token_list dump/22.05k/token_list/phn_jaconv_pyopenjtalk_prosody/tokens.txt --non_linguistic_symbols none --cleaner jaconv --g2p pyopenjtalk_prosody --normalize none --pitch_normalize none --energy_normalize none --d0_normalize none --train_data_path_and_name_and_type dump/22.05k/raw/tr_no_dev/text,text,text --train_data_path_and_name_and_type dump/22.05k/raw/tr_no_dev/wav.scp,speech,sound --valid_data_path_and_name_and_type dump/22.05k/raw/dev/text,text,text --valid_data_path_and_name_and_type dump/22.05k/raw/dev/wav.scp,speech,sound --train_shape_file exp/22.05k/tts_stats_raw_phn_jaconv_pyopenjtalk_prosody/logdir/train.12.scp --valid_shape_file exp/22.05k/tts_stats_raw_phn_jaconv_pyopenjtalk_prosody/logdir/valid.12.scp --output_dir exp/22.05k/tts_stats_raw_phn_jaconv_pyopenjtalk_prosody/logdir/stats.12 --config conf/tuning/train_jets_22.05k.yaml --feats_extract fbank --feats_extract_conf n_fft=1024 --feats_extract_conf hop_length=256 --feats_extract_conf win_length=null --feats_extract_conf fs=22050 --feats_extract_conf fmin=80 --feats_extract_conf fmax=7600 --feats_extract_conf n_mels=80 --pitch_extract_conf fs=22050 --pitch_extract_conf n_fft=1024 --pitch_extract_conf hop_length=256 --pitch_extract_conf f0max=400 --pitch_extract_conf f0min=80 --energy_extract_conf fs=22050 --energy_extract_conf n_fft=1024 --energy_extract_conf hop_length=256 --energy_extract_conf win_length=null --d0_extract_conf fs=22050 --d0_extract_conf n_fft=1024 --d0_extract_conf hop_length=256 --d0_extract_conf win_length=null --d0_extract_conf fmin=80 --d0_extract_conf fmax=7600 --d0_extract_conf n_mels=80 
# Started at Tue Jul  1 10:35:10 JST 2025
#
/home/uesugi/miniconda3/envs/espnet_custom/bin/python3 /home/uesugi/espnet-for-customize-jets/espnet2/bin/gan_tts_train.py --collect_stats true --write_collected_feats true --use_preprocessor true --token_type phn --token_list dump/22.05k/token_list/phn_jaconv_pyopenjtalk_prosody/tokens.txt --non_linguistic_symbols none --cleaner jaconv --g2p pyopenjtalk_prosody --normalize none --pitch_normalize none --energy_normalize none --d0_normalize none --train_data_path_and_name_and_type dump/22.05k/raw/tr_no_dev/text,text,text --train_data_path_and_name_and_type dump/22.05k/raw/tr_no_dev/wav.scp,speech,sound --valid_data_path_and_name_and_type dump/22.05k/raw/dev/text,text,text --valid_data_path_and_name_and_type dump/22.05k/raw/dev/wav.scp,speech,sound --train_shape_file exp/22.05k/tts_stats_raw_phn_jaconv_pyopenjtalk_prosody/logdir/train.12.scp --valid_shape_file exp/22.05k/tts_stats_raw_phn_jaconv_pyopenjtalk_prosody/logdir/valid.12.scp --output_dir exp/22.05k/tts_stats_raw_phn_jaconv_pyopenjtalk_prosody/logdir/stats.12 --config conf/tuning/train_jets_22.05k.yaml --feats_extract fbank --feats_extract_conf n_fft=1024 --feats_extract_conf hop_length=256 --feats_extract_conf win_length=null --feats_extract_conf fs=22050 --feats_extract_conf fmin=80 --feats_extract_conf fmax=7600 --feats_extract_conf n_mels=80 --pitch_extract_conf fs=22050 --pitch_extract_conf n_fft=1024 --pitch_extract_conf hop_length=256 --pitch_extract_conf f0max=400 --pitch_extract_conf f0min=80 --energy_extract_conf fs=22050 --energy_extract_conf n_fft=1024 --energy_extract_conf hop_length=256 --energy_extract_conf win_length=null --d0_extract_conf fs=22050 --d0_extract_conf n_fft=1024 --d0_extract_conf hop_length=256 --d0_extract_conf win_length=null --d0_extract_conf fmin=80 --d0_extract_conf fmax=7600 --d0_extract_conf n_mels=80
Failed to import Flash Attention, using ESPnet default: libcudart.so.12: cannot open shared object file: No such file or directory
Vocabulary size: 47
encoder self-attention layer type = self-attention
encoder self-attention layer type = self-attention
/home/uesugi/miniconda3/envs/espnet_custom/lib/python3.9/site-packages/torch/nn/utils/weight_norm.py:143: FutureWarning: `torch.nn.utils.weight_norm` is deprecated in favor of `torch.nn.utils.parametrizations.weight_norm`.
  WeightNorm.apply(module, name, dim)
Initialize encoder.encoders.0.self_attn.linear_q.bias to zeros
Initialize encoder.encoders.0.self_attn.linear_k.bias to zeros
Initialize encoder.encoders.0.self_attn.linear_v.bias to zeros
Initialize encoder.encoders.0.self_attn.linear_out.bias to zeros
Initialize encoder.encoders.0.feed_forward.w_1.bias to zeros
Initialize encoder.encoders.0.feed_forward.w_2.bias to zeros
Initialize encoder.encoders.0.norm1.bias to zeros
Initialize encoder.encoders.0.norm2.bias to zeros
Initialize encoder.encoders.1.self_attn.linear_q.bias to zeros
Initialize encoder.encoders.1.self_attn.linear_k.bias to zeros
Initialize encoder.encoders.1.self_attn.linear_v.bias to zeros
Initialize encoder.encoders.1.self_attn.linear_out.bias to zeros
Initialize encoder.encoders.1.feed_forward.w_1.bias to zeros
Initialize encoder.encoders.1.feed_forward.w_2.bias to zeros
Initialize encoder.encoders.1.norm1.bias to zeros
Initialize encoder.encoders.1.norm2.bias to zeros
Initialize encoder.encoders.2.self_attn.linear_q.bias to zeros
Initialize encoder.encoders.2.self_attn.linear_k.bias to zeros
Initialize encoder.encoders.2.self_attn.linear_v.bias to zeros
Initialize encoder.encoders.2.self_attn.linear_out.bias to zeros
Initialize encoder.encoders.2.feed_forward.w_1.bias to zeros
Initialize encoder.encoders.2.feed_forward.w_2.bias to zeros
Initialize encoder.encoders.2.norm1.bias to zeros
Initialize encoder.encoders.2.norm2.bias to zeros
Initialize encoder.encoders.3.self_attn.linear_q.bias to zeros
Initialize encoder.encoders.3.self_attn.linear_k.bias to zeros
Initialize encoder.encoders.3.self_attn.linear_v.bias to zeros
Initialize encoder.encoders.3.self_attn.linear_out.bias to zeros
Initialize encoder.encoders.3.feed_forward.w_1.bias to zeros
Initialize encoder.encoders.3.feed_forward.w_2.bias to zeros
Initialize encoder.encoders.3.norm1.bias to zeros
Initialize encoder.encoders.3.norm2.bias to zeros
Initialize encoder.after_norm.bias to zeros
Initialize duration_predictor.conv.0.0.bias to zeros
Initialize duration_predictor.conv.0.2.bias to zeros
Initialize duration_predictor.conv.1.0.bias to zeros
Initialize duration_predictor.conv.1.2.bias to zeros
Initialize duration_predictor.linear.bias to zeros
Initialize pitch_predictor.conv.0.0.bias to zeros
Initialize pitch_predictor.conv.0.2.bias to zeros
Initialize pitch_predictor.conv.1.0.bias to zeros
Initialize pitch_predictor.conv.1.2.bias to zeros
Initialize pitch_predictor.conv.2.0.bias to zeros
Initialize pitch_predictor.conv.2.2.bias to zeros
Initialize pitch_predictor.conv.3.0.bias to zeros
Initialize pitch_predictor.conv.3.2.bias to zeros
Initialize pitch_predictor.conv.4.0.bias to zeros
Initialize pitch_predictor.conv.4.2.bias to zeros
Initialize pitch_predictor.linear.bias to zeros
Initialize pitch_embed.0.bias to zeros
Initialize energy_predictor.conv.0.0.bias to zeros
Initialize energy_predictor.conv.0.2.bias to zeros
Initialize energy_predictor.conv.1.0.bias to zeros
Initialize energy_predictor.conv.1.2.bias to zeros
Initialize energy_predictor.linear.bias to zeros
Initialize energy_embed.0.bias to zeros
Initialize d0_predictor.conv.0.0.bias to zeros
Initialize d0_predictor.conv.0.2.bias to zeros
Initialize d0_predictor.conv.1.0.bias to zeros
Initialize d0_predictor.conv.1.2.bias to zeros
Initialize d0_predictor.linear.bias to zeros
Initialize d0_embed.0.bias to zeros
Initialize alignment_module.t_conv1.bias to zeros
Initialize alignment_module.t_conv2.bias to zeros
Initialize alignment_module.f_conv1.bias to zeros
Initialize alignment_module.f_conv2.bias to zeros
Initialize alignment_module.f_conv3.bias to zeros
Initialize decoder.encoders.0.self_attn.linear_q.bias to zeros
Initialize decoder.encoders.0.self_attn.linear_k.bias to zeros
Initialize decoder.encoders.0.self_attn.linear_v.bias to zeros
Initialize decoder.encoders.0.self_attn.linear_out.bias to zeros
Initialize decoder.encoders.0.feed_forward.w_1.bias to zeros
Initialize decoder.encoders.0.feed_forward.w_2.bias to zeros
Initialize decoder.encoders.0.norm1.bias to zeros
Initialize decoder.encoders.0.norm2.bias to zeros
Initialize decoder.encoders.1.self_attn.linear_q.bias to zeros
Initialize decoder.encoders.1.self_attn.linear_k.bias to zeros
Initialize decoder.encoders.1.self_attn.linear_v.bias to zeros
Initialize decoder.encoders.1.self_attn.linear_out.bias to zeros
Initialize decoder.encoders.1.feed_forward.w_1.bias to zeros
Initialize decoder.encoders.1.feed_forward.w_2.bias to zeros
Initialize decoder.encoders.1.norm1.bias to zeros
Initialize decoder.encoders.1.norm2.bias to zeros
Initialize decoder.encoders.2.self_attn.linear_q.bias to zeros
Initialize decoder.encoders.2.self_attn.linear_k.bias to zeros
Initialize decoder.encoders.2.self_attn.linear_v.bias to zeros
Initialize decoder.encoders.2.self_attn.linear_out.bias to zeros
Initialize decoder.encoders.2.feed_forward.w_1.bias to zeros
Initialize decoder.encoders.2.feed_forward.w_2.bias to zeros
Initialize decoder.encoders.2.norm1.bias to zeros
Initialize decoder.encoders.2.norm2.bias to zeros
Initialize decoder.encoders.3.self_attn.linear_q.bias to zeros
Initialize decoder.encoders.3.self_attn.linear_k.bias to zeros
Initialize decoder.encoders.3.self_attn.linear_v.bias to zeros
Initialize decoder.encoders.3.self_attn.linear_out.bias to zeros
Initialize decoder.encoders.3.feed_forward.w_1.bias to zeros
Initialize decoder.encoders.3.feed_forward.w_2.bias to zeros
Initialize decoder.encoders.3.norm1.bias to zeros
Initialize decoder.encoders.3.norm2.bias to zeros
Initialize decoder.after_norm.bias to zeros
Initialize generator.input_conv.bias to zeros
Initialize generator.upsamples.0.1.bias to zeros
Initialize generator.upsamples.1.1.bias to zeros
Initialize generator.upsamples.2.1.bias to zeros
Initialize generator.upsamples.3.1.bias to zeros
Initialize generator.blocks.0.convs1.0.1.bias to zeros
Initialize generator.blocks.0.convs1.1.1.bias to zeros
Initialize generator.blocks.0.convs1.2.1.bias to zeros
Initialize generator.blocks.0.convs2.0.1.bias to zeros
Initialize generator.blocks.0.convs2.1.1.bias to zeros
Initialize generator.blocks.0.convs2.2.1.bias to zeros
Initialize generator.blocks.1.convs1.0.1.bias to zeros
Initialize generator.blocks.1.convs1.1.1.bias to zeros
Initialize generator.blocks.1.convs1.2.1.bias to zeros
Initialize generator.blocks.1.convs2.0.1.bias to zeros
Initialize generator.blocks.1.convs2.1.1.bias to zeros
Initialize generator.blocks.1.convs2.2.1.bias to zeros
Initialize generator.blocks.2.convs1.0.1.bias to zeros
Initialize generator.blocks.2.convs1.1.1.bias to zeros
Initialize generator.blocks.2.convs1.2.1.bias to zeros
Initialize generator.blocks.2.convs2.0.1.bias to zeros
Initialize generator.blocks.2.convs2.1.1.bias to zeros
Initialize generator.blocks.2.convs2.2.1.bias to zeros
Initialize generator.blocks.3.convs1.0.1.bias to zeros
Initialize generator.blocks.3.convs1.1.1.bias to zeros
Initialize generator.blocks.3.convs1.2.1.bias to zeros
Initialize generator.blocks.3.convs2.0.1.bias to zeros
Initialize generator.blocks.3.convs2.1.1.bias to zeros
Initialize generator.blocks.3.convs2.2.1.bias to zeros
Initialize generator.blocks.4.convs1.0.1.bias to zeros
Initialize generator.blocks.4.convs1.1.1.bias to zeros
Initialize generator.blocks.4.convs1.2.1.bias to zeros
Initialize generator.blocks.4.convs2.0.1.bias to zeros
Initialize generator.blocks.4.convs2.1.1.bias to zeros
Initialize generator.blocks.4.convs2.2.1.bias to zeros
Initialize generator.blocks.5.convs1.0.1.bias to zeros
Initialize generator.blocks.5.convs1.1.1.bias to zeros
Initialize generator.blocks.5.convs1.2.1.bias to zeros
Initialize generator.blocks.5.convs2.0.1.bias to zeros
Initialize generator.blocks.5.convs2.1.1.bias to zeros
Initialize generator.blocks.5.convs2.2.1.bias to zeros
Initialize generator.blocks.6.convs1.0.1.bias to zeros
Initialize generator.blocks.6.convs1.1.1.bias to zeros
Initialize generator.blocks.6.convs1.2.1.bias to zeros
Initialize generator.blocks.6.convs2.0.1.bias to zeros
Initialize generator.blocks.6.convs2.1.1.bias to zeros
Initialize generator.blocks.6.convs2.2.1.bias to zeros
Initialize generator.blocks.7.convs1.0.1.bias to zeros
Initialize generator.blocks.7.convs1.1.1.bias to zeros
Initialize generator.blocks.7.convs1.2.1.bias to zeros
Initialize generator.blocks.7.convs2.0.1.bias to zeros
Initialize generator.blocks.7.convs2.1.1.bias to zeros
Initialize generator.blocks.7.convs2.2.1.bias to zeros
Initialize generator.blocks.8.convs1.0.1.bias to zeros
Initialize generator.blocks.8.convs1.1.1.bias to zeros
Initialize generator.blocks.8.convs1.2.1.bias to zeros
Initialize generator.blocks.8.convs2.0.1.bias to zeros
Initialize generator.blocks.8.convs2.1.1.bias to zeros
Initialize generator.blocks.8.convs2.2.1.bias to zeros
Initialize generator.blocks.9.convs1.0.1.bias to zeros
Initialize generator.blocks.9.convs1.1.1.bias to zeros
Initialize generator.blocks.9.convs1.2.1.bias to zeros
Initialize generator.blocks.9.convs2.0.1.bias to zeros
Initialize generator.blocks.9.convs2.1.1.bias to zeros
Initialize generator.blocks.9.convs2.2.1.bias to zeros
Initialize generator.blocks.10.convs1.0.1.bias to zeros
Initialize generator.blocks.10.convs1.1.1.bias to zeros
Initialize generator.blocks.10.convs1.2.1.bias to zeros
Initialize generator.blocks.10.convs2.0.1.bias to zeros
Initialize generator.blocks.10.convs2.1.1.bias to zeros
Initialize generator.blocks.10.convs2.2.1.bias to zeros
Initialize generator.blocks.11.convs1.0.1.bias to zeros
Initialize generator.blocks.11.convs1.1.1.bias to zeros
Initialize generator.blocks.11.convs1.2.1.bias to zeros
Initialize generator.blocks.11.convs2.0.1.bias to zeros
Initialize generator.blocks.11.convs2.1.1.bias to zeros
Initialize generator.blocks.11.convs2.2.1.bias to zeros
Initialize generator.output_conv.1.bias to zeros
Traceback (most recent call last):
  File "/home/uesugi/miniconda3/envs/espnet_custom/lib/python3.9/runpy.py", line 197, in _run_module_as_main
    return _run_code(code, main_globals, None,
  File "/home/uesugi/miniconda3/envs/espnet_custom/lib/python3.9/runpy.py", line 87, in _run_code
    exec(code, run_globals)
  File "/home/uesugi/espnet-for-customize-jets/espnet2/bin/gan_tts_train.py", line 22, in <module>
    main()
  File "/home/uesugi/espnet-for-customize-jets/espnet2/bin/gan_tts_train.py", line 18, in main
    GANTTSTask.main(cmd=cmd)
  File "/home/uesugi/espnet-for-customize-jets/espnet2/tasks/abs_task.py", line 1225, in main
    cls.main_worker(args)
  File "/home/uesugi/espnet-for-customize-jets/espnet2/tasks/abs_task.py", line 1357, in main_worker
    model = cls.build_model(args=args)
  File "/home/uesugi/espnet-for-customize-jets/espnet2/tasks/gan_tts.py", line 386, in build_model
    d0_extract = d0_extract_class(
TypeError: __init__() got an unexpected keyword argument 'fmin'
# Accounting: time=58 threads=1
# Ended (code 1) at Tue Jul  1 10:36:09 JST 2025, elapsed time 58 seconds
# python3 -m espnet2.bin.gan_tts_train --collect_stats true --write_collected_feats true --use_preprocessor true --token_type phn --token_list dump/22.05k/token_list/phn_jaconv_pyopenjtalk_prosody/tokens.txt --non_linguistic_symbols none --cleaner jaconv --g2p pyopenjtalk_prosody --normalize none --pitch_normalize none --energy_normalize none --d0_normalize none --train_data_path_and_name_and_type dump/22.05k/raw/tr_no_dev/text,text,text --train_data_path_and_name_and_type dump/22.05k/raw/tr_no_dev/wav.scp,speech,sound --valid_data_path_and_name_and_type dump/22.05k/raw/dev/text,text,text --valid_data_path_and_name_and_type dump/22.05k/raw/dev/wav.scp,speech,sound --train_shape_file exp/22.05k/tts_stats_raw_phn_jaconv_pyopenjtalk_prosody/logdir/train.13.scp --valid_shape_file exp/22.05k/tts_stats_raw_phn_jaconv_pyopenjtalk_prosody/logdir/valid.13.scp --output_dir exp/22.05k/tts_stats_raw_phn_jaconv_pyopenjtalk_prosody/logdir/stats.13 --config conf/tuning/train_jets_22.05k.yaml --feats_extract fbank --feats_extract_conf n_fft=1024 --feats_extract_conf hop_length=256 --feats_extract_conf win_length=null --feats_extract_conf fs=22050 --feats_extract_conf fmin=80 --feats_extract_conf fmax=7600 --feats_extract_conf n_mels=80 --pitch_extract_conf fs=22050 --pitch_extract_conf n_fft=1024 --pitch_extract_conf hop_length=256 --pitch_extract_conf f0max=400 --pitch_extract_conf f0min=80 --energy_extract_conf fs=22050 --energy_extract_conf n_fft=1024 --energy_extract_conf hop_length=256 --energy_extract_conf win_length=null --d0_extract_conf fs=22050 --d0_extract_conf n_fft=1024 --d0_extract_conf hop_length=256 --d0_extract_conf win_length=null --d0_extract_conf fmin=80 --d0_extract_conf fmax=7600 --d0_extract_conf n_mels=80 
# Started at Tue Jul  1 10:35:10 JST 2025
#
/home/uesugi/miniconda3/envs/espnet_custom/bin/python3 /home/uesugi/espnet-for-customize-jets/espnet2/bin/gan_tts_train.py --collect_stats true --write_collected_feats true --use_preprocessor true --token_type phn --token_list dump/22.05k/token_list/phn_jaconv_pyopenjtalk_prosody/tokens.txt --non_linguistic_symbols none --cleaner jaconv --g2p pyopenjtalk_prosody --normalize none --pitch_normalize none --energy_normalize none --d0_normalize none --train_data_path_and_name_and_type dump/22.05k/raw/tr_no_dev/text,text,text --train_data_path_and_name_and_type dump/22.05k/raw/tr_no_dev/wav.scp,speech,sound --valid_data_path_and_name_and_type dump/22.05k/raw/dev/text,text,text --valid_data_path_and_name_and_type dump/22.05k/raw/dev/wav.scp,speech,sound --train_shape_file exp/22.05k/tts_stats_raw_phn_jaconv_pyopenjtalk_prosody/logdir/train.13.scp --valid_shape_file exp/22.05k/tts_stats_raw_phn_jaconv_pyopenjtalk_prosody/logdir/valid.13.scp --output_dir exp/22.05k/tts_stats_raw_phn_jaconv_pyopenjtalk_prosody/logdir/stats.13 --config conf/tuning/train_jets_22.05k.yaml --feats_extract fbank --feats_extract_conf n_fft=1024 --feats_extract_conf hop_length=256 --feats_extract_conf win_length=null --feats_extract_conf fs=22050 --feats_extract_conf fmin=80 --feats_extract_conf fmax=7600 --feats_extract_conf n_mels=80 --pitch_extract_conf fs=22050 --pitch_extract_conf n_fft=1024 --pitch_extract_conf hop_length=256 --pitch_extract_conf f0max=400 --pitch_extract_conf f0min=80 --energy_extract_conf fs=22050 --energy_extract_conf n_fft=1024 --energy_extract_conf hop_length=256 --energy_extract_conf win_length=null --d0_extract_conf fs=22050 --d0_extract_conf n_fft=1024 --d0_extract_conf hop_length=256 --d0_extract_conf win_length=null --d0_extract_conf fmin=80 --d0_extract_conf fmax=7600 --d0_extract_conf n_mels=80
Failed to import Flash Attention, using ESPnet default: libcudart.so.12: cannot open shared object file: No such file or directory
Vocabulary size: 47
encoder self-attention layer type = self-attention
encoder self-attention layer type = self-attention
/home/uesugi/miniconda3/envs/espnet_custom/lib/python3.9/site-packages/torch/nn/utils/weight_norm.py:143: FutureWarning: `torch.nn.utils.weight_norm` is deprecated in favor of `torch.nn.utils.parametrizations.weight_norm`.
  WeightNorm.apply(module, name, dim)
Initialize encoder.encoders.0.self_attn.linear_q.bias to zeros
Initialize encoder.encoders.0.self_attn.linear_k.bias to zeros
Initialize encoder.encoders.0.self_attn.linear_v.bias to zeros
Initialize encoder.encoders.0.self_attn.linear_out.bias to zeros
Initialize encoder.encoders.0.feed_forward.w_1.bias to zeros
Initialize encoder.encoders.0.feed_forward.w_2.bias to zeros
Initialize encoder.encoders.0.norm1.bias to zeros
Initialize encoder.encoders.0.norm2.bias to zeros
Initialize encoder.encoders.1.self_attn.linear_q.bias to zeros
Initialize encoder.encoders.1.self_attn.linear_k.bias to zeros
Initialize encoder.encoders.1.self_attn.linear_v.bias to zeros
Initialize encoder.encoders.1.self_attn.linear_out.bias to zeros
Initialize encoder.encoders.1.feed_forward.w_1.bias to zeros
Initialize encoder.encoders.1.feed_forward.w_2.bias to zeros
Initialize encoder.encoders.1.norm1.bias to zeros
Initialize encoder.encoders.1.norm2.bias to zeros
Initialize encoder.encoders.2.self_attn.linear_q.bias to zeros
Initialize encoder.encoders.2.self_attn.linear_k.bias to zeros
Initialize encoder.encoders.2.self_attn.linear_v.bias to zeros
Initialize encoder.encoders.2.self_attn.linear_out.bias to zeros
Initialize encoder.encoders.2.feed_forward.w_1.bias to zeros
Initialize encoder.encoders.2.feed_forward.w_2.bias to zeros
Initialize encoder.encoders.2.norm1.bias to zeros
Initialize encoder.encoders.2.norm2.bias to zeros
Initialize encoder.encoders.3.self_attn.linear_q.bias to zeros
Initialize encoder.encoders.3.self_attn.linear_k.bias to zeros
Initialize encoder.encoders.3.self_attn.linear_v.bias to zeros
Initialize encoder.encoders.3.self_attn.linear_out.bias to zeros
Initialize encoder.encoders.3.feed_forward.w_1.bias to zeros
Initialize encoder.encoders.3.feed_forward.w_2.bias to zeros
Initialize encoder.encoders.3.norm1.bias to zeros
Initialize encoder.encoders.3.norm2.bias to zeros
Initialize encoder.after_norm.bias to zeros
Initialize duration_predictor.conv.0.0.bias to zeros
Initialize duration_predictor.conv.0.2.bias to zeros
Initialize duration_predictor.conv.1.0.bias to zeros
Initialize duration_predictor.conv.1.2.bias to zeros
Initialize duration_predictor.linear.bias to zeros
Initialize pitch_predictor.conv.0.0.bias to zeros
Initialize pitch_predictor.conv.0.2.bias to zeros
Initialize pitch_predictor.conv.1.0.bias to zeros
Initialize pitch_predictor.conv.1.2.bias to zeros
Initialize pitch_predictor.conv.2.0.bias to zeros
Initialize pitch_predictor.conv.2.2.bias to zeros
Initialize pitch_predictor.conv.3.0.bias to zeros
Initialize pitch_predictor.conv.3.2.bias to zeros
Initialize pitch_predictor.conv.4.0.bias to zeros
Initialize pitch_predictor.conv.4.2.bias to zeros
Initialize pitch_predictor.linear.bias to zeros
Initialize pitch_embed.0.bias to zeros
Initialize energy_predictor.conv.0.0.bias to zeros
Initialize energy_predictor.conv.0.2.bias to zeros
Initialize energy_predictor.conv.1.0.bias to zeros
Initialize energy_predictor.conv.1.2.bias to zeros
Initialize energy_predictor.linear.bias to zeros
Initialize energy_embed.0.bias to zeros
Initialize d0_predictor.conv.0.0.bias to zeros
Initialize d0_predictor.conv.0.2.bias to zeros
Initialize d0_predictor.conv.1.0.bias to zeros
Initialize d0_predictor.conv.1.2.bias to zeros
Initialize d0_predictor.linear.bias to zeros
Initialize d0_embed.0.bias to zeros
Initialize alignment_module.t_conv1.bias to zeros
Initialize alignment_module.t_conv2.bias to zeros
Initialize alignment_module.f_conv1.bias to zeros
Initialize alignment_module.f_conv2.bias to zeros
Initialize alignment_module.f_conv3.bias to zeros
Initialize decoder.encoders.0.self_attn.linear_q.bias to zeros
Initialize decoder.encoders.0.self_attn.linear_k.bias to zeros
Initialize decoder.encoders.0.self_attn.linear_v.bias to zeros
Initialize decoder.encoders.0.self_attn.linear_out.bias to zeros
Initialize decoder.encoders.0.feed_forward.w_1.bias to zeros
Initialize decoder.encoders.0.feed_forward.w_2.bias to zeros
Initialize decoder.encoders.0.norm1.bias to zeros
Initialize decoder.encoders.0.norm2.bias to zeros
Initialize decoder.encoders.1.self_attn.linear_q.bias to zeros
Initialize decoder.encoders.1.self_attn.linear_k.bias to zeros
Initialize decoder.encoders.1.self_attn.linear_v.bias to zeros
Initialize decoder.encoders.1.self_attn.linear_out.bias to zeros
Initialize decoder.encoders.1.feed_forward.w_1.bias to zeros
Initialize decoder.encoders.1.feed_forward.w_2.bias to zeros
Initialize decoder.encoders.1.norm1.bias to zeros
Initialize decoder.encoders.1.norm2.bias to zeros
Initialize decoder.encoders.2.self_attn.linear_q.bias to zeros
Initialize decoder.encoders.2.self_attn.linear_k.bias to zeros
Initialize decoder.encoders.2.self_attn.linear_v.bias to zeros
Initialize decoder.encoders.2.self_attn.linear_out.bias to zeros
Initialize decoder.encoders.2.feed_forward.w_1.bias to zeros
Initialize decoder.encoders.2.feed_forward.w_2.bias to zeros
Initialize decoder.encoders.2.norm1.bias to zeros
Initialize decoder.encoders.2.norm2.bias to zeros
Initialize decoder.encoders.3.self_attn.linear_q.bias to zeros
Initialize decoder.encoders.3.self_attn.linear_k.bias to zeros
Initialize decoder.encoders.3.self_attn.linear_v.bias to zeros
Initialize decoder.encoders.3.self_attn.linear_out.bias to zeros
Initialize decoder.encoders.3.feed_forward.w_1.bias to zeros
Initialize decoder.encoders.3.feed_forward.w_2.bias to zeros
Initialize decoder.encoders.3.norm1.bias to zeros
Initialize decoder.encoders.3.norm2.bias to zeros
Initialize decoder.after_norm.bias to zeros
Initialize generator.input_conv.bias to zeros
Initialize generator.upsamples.0.1.bias to zeros
Initialize generator.upsamples.1.1.bias to zeros
Initialize generator.upsamples.2.1.bias to zeros
Initialize generator.upsamples.3.1.bias to zeros
Initialize generator.blocks.0.convs1.0.1.bias to zeros
Initialize generator.blocks.0.convs1.1.1.bias to zeros
Initialize generator.blocks.0.convs1.2.1.bias to zeros
Initialize generator.blocks.0.convs2.0.1.bias to zeros
Initialize generator.blocks.0.convs2.1.1.bias to zeros
Initialize generator.blocks.0.convs2.2.1.bias to zeros
Initialize generator.blocks.1.convs1.0.1.bias to zeros
Initialize generator.blocks.1.convs1.1.1.bias to zeros
Initialize generator.blocks.1.convs1.2.1.bias to zeros
Initialize generator.blocks.1.convs2.0.1.bias to zeros
Initialize generator.blocks.1.convs2.1.1.bias to zeros
Initialize generator.blocks.1.convs2.2.1.bias to zeros
Initialize generator.blocks.2.convs1.0.1.bias to zeros
Initialize generator.blocks.2.convs1.1.1.bias to zeros
Initialize generator.blocks.2.convs1.2.1.bias to zeros
Initialize generator.blocks.2.convs2.0.1.bias to zeros
Initialize generator.blocks.2.convs2.1.1.bias to zeros
Initialize generator.blocks.2.convs2.2.1.bias to zeros
Initialize generator.blocks.3.convs1.0.1.bias to zeros
Initialize generator.blocks.3.convs1.1.1.bias to zeros
Initialize generator.blocks.3.convs1.2.1.bias to zeros
Initialize generator.blocks.3.convs2.0.1.bias to zeros
Initialize generator.blocks.3.convs2.1.1.bias to zeros
Initialize generator.blocks.3.convs2.2.1.bias to zeros
Initialize generator.blocks.4.convs1.0.1.bias to zeros
Initialize generator.blocks.4.convs1.1.1.bias to zeros
Initialize generator.blocks.4.convs1.2.1.bias to zeros
Initialize generator.blocks.4.convs2.0.1.bias to zeros
Initialize generator.blocks.4.convs2.1.1.bias to zeros
Initialize generator.blocks.4.convs2.2.1.bias to zeros
Initialize generator.blocks.5.convs1.0.1.bias to zeros
Initialize generator.blocks.5.convs1.1.1.bias to zeros
Initialize generator.blocks.5.convs1.2.1.bias to zeros
Initialize generator.blocks.5.convs2.0.1.bias to zeros
Initialize generator.blocks.5.convs2.1.1.bias to zeros
Initialize generator.blocks.5.convs2.2.1.bias to zeros
Initialize generator.blocks.6.convs1.0.1.bias to zeros
Initialize generator.blocks.6.convs1.1.1.bias to zeros
Initialize generator.blocks.6.convs1.2.1.bias to zeros
Initialize generator.blocks.6.convs2.0.1.bias to zeros
Initialize generator.blocks.6.convs2.1.1.bias to zeros
Initialize generator.blocks.6.convs2.2.1.bias to zeros
Initialize generator.blocks.7.convs1.0.1.bias to zeros
Initialize generator.blocks.7.convs1.1.1.bias to zeros
Initialize generator.blocks.7.convs1.2.1.bias to zeros
Initialize generator.blocks.7.convs2.0.1.bias to zeros
Initialize generator.blocks.7.convs2.1.1.bias to zeros
Initialize generator.blocks.7.convs2.2.1.bias to zeros
Initialize generator.blocks.8.convs1.0.1.bias to zeros
Initialize generator.blocks.8.convs1.1.1.bias to zeros
Initialize generator.blocks.8.convs1.2.1.bias to zeros
Initialize generator.blocks.8.convs2.0.1.bias to zeros
Initialize generator.blocks.8.convs2.1.1.bias to zeros
Initialize generator.blocks.8.convs2.2.1.bias to zeros
Initialize generator.blocks.9.convs1.0.1.bias to zeros
Initialize generator.blocks.9.convs1.1.1.bias to zeros
Initialize generator.blocks.9.convs1.2.1.bias to zeros
Initialize generator.blocks.9.convs2.0.1.bias to zeros
Initialize generator.blocks.9.convs2.1.1.bias to zeros
Initialize generator.blocks.9.convs2.2.1.bias to zeros
Initialize generator.blocks.10.convs1.0.1.bias to zeros
Initialize generator.blocks.10.convs1.1.1.bias to zeros
Initialize generator.blocks.10.convs1.2.1.bias to zeros
Initialize generator.blocks.10.convs2.0.1.bias to zeros
Initialize generator.blocks.10.convs2.1.1.bias to zeros
Initialize generator.blocks.10.convs2.2.1.bias to zeros
Initialize generator.blocks.11.convs1.0.1.bias to zeros
Initialize generator.blocks.11.convs1.1.1.bias to zeros
Initialize generator.blocks.11.convs1.2.1.bias to zeros
Initialize generator.blocks.11.convs2.0.1.bias to zeros
Initialize generator.blocks.11.convs2.1.1.bias to zeros
Initialize generator.blocks.11.convs2.2.1.bias to zeros
Initialize generator.output_conv.1.bias to zeros
Traceback (most recent call last):
  File "/home/uesugi/miniconda3/envs/espnet_custom/lib/python3.9/runpy.py", line 197, in _run_module_as_main
    return _run_code(code, main_globals, None,
  File "/home/uesugi/miniconda3/envs/espnet_custom/lib/python3.9/runpy.py", line 87, in _run_code
    exec(code, run_globals)
  File "/home/uesugi/espnet-for-customize-jets/espnet2/bin/gan_tts_train.py", line 22, in <module>
    main()
  File "/home/uesugi/espnet-for-customize-jets/espnet2/bin/gan_tts_train.py", line 18, in main
    GANTTSTask.main(cmd=cmd)
  File "/home/uesugi/espnet-for-customize-jets/espnet2/tasks/abs_task.py", line 1225, in main
    cls.main_worker(args)
  File "/home/uesugi/espnet-for-customize-jets/espnet2/tasks/abs_task.py", line 1357, in main_worker
    model = cls.build_model(args=args)
  File "/home/uesugi/espnet-for-customize-jets/espnet2/tasks/gan_tts.py", line 386, in build_model
    d0_extract = d0_extract_class(
TypeError: __init__() got an unexpected keyword argument 'fmin'
# Accounting: time=81 threads=1
# Ended (code 1) at Tue Jul  1 10:36:31 JST 2025, elapsed time 81 seconds
# python3 -m espnet2.bin.gan_tts_train --collect_stats true --write_collected_feats true --use_preprocessor true --token_type phn --token_list dump/22.05k/token_list/phn_jaconv_pyopenjtalk_prosody/tokens.txt --non_linguistic_symbols none --cleaner jaconv --g2p pyopenjtalk_prosody --normalize none --pitch_normalize none --energy_normalize none --d0_normalize none --train_data_path_and_name_and_type dump/22.05k/raw/tr_no_dev/text,text,text --train_data_path_and_name_and_type dump/22.05k/raw/tr_no_dev/wav.scp,speech,sound --valid_data_path_and_name_and_type dump/22.05k/raw/dev/text,text,text --valid_data_path_and_name_and_type dump/22.05k/raw/dev/wav.scp,speech,sound --train_shape_file exp/22.05k/tts_stats_raw_phn_jaconv_pyopenjtalk_prosody/logdir/train.14.scp --valid_shape_file exp/22.05k/tts_stats_raw_phn_jaconv_pyopenjtalk_prosody/logdir/valid.14.scp --output_dir exp/22.05k/tts_stats_raw_phn_jaconv_pyopenjtalk_prosody/logdir/stats.14 --config conf/tuning/train_jets_22.05k.yaml --feats_extract fbank --feats_extract_conf n_fft=1024 --feats_extract_conf hop_length=256 --feats_extract_conf win_length=null --feats_extract_conf fs=22050 --feats_extract_conf fmin=80 --feats_extract_conf fmax=7600 --feats_extract_conf n_mels=80 --pitch_extract_conf fs=22050 --pitch_extract_conf n_fft=1024 --pitch_extract_conf hop_length=256 --pitch_extract_conf f0max=400 --pitch_extract_conf f0min=80 --energy_extract_conf fs=22050 --energy_extract_conf n_fft=1024 --energy_extract_conf hop_length=256 --energy_extract_conf win_length=null --d0_extract_conf fs=22050 --d0_extract_conf n_fft=1024 --d0_extract_conf hop_length=256 --d0_extract_conf win_length=null --d0_extract_conf fmin=80 --d0_extract_conf fmax=7600 --d0_extract_conf n_mels=80 
# Started at Tue Jul  1 10:35:10 JST 2025
#
/home/uesugi/miniconda3/envs/espnet_custom/bin/python3 /home/uesugi/espnet-for-customize-jets/espnet2/bin/gan_tts_train.py --collect_stats true --write_collected_feats true --use_preprocessor true --token_type phn --token_list dump/22.05k/token_list/phn_jaconv_pyopenjtalk_prosody/tokens.txt --non_linguistic_symbols none --cleaner jaconv --g2p pyopenjtalk_prosody --normalize none --pitch_normalize none --energy_normalize none --d0_normalize none --train_data_path_and_name_and_type dump/22.05k/raw/tr_no_dev/text,text,text --train_data_path_and_name_and_type dump/22.05k/raw/tr_no_dev/wav.scp,speech,sound --valid_data_path_and_name_and_type dump/22.05k/raw/dev/text,text,text --valid_data_path_and_name_and_type dump/22.05k/raw/dev/wav.scp,speech,sound --train_shape_file exp/22.05k/tts_stats_raw_phn_jaconv_pyopenjtalk_prosody/logdir/train.14.scp --valid_shape_file exp/22.05k/tts_stats_raw_phn_jaconv_pyopenjtalk_prosody/logdir/valid.14.scp --output_dir exp/22.05k/tts_stats_raw_phn_jaconv_pyopenjtalk_prosody/logdir/stats.14 --config conf/tuning/train_jets_22.05k.yaml --feats_extract fbank --feats_extract_conf n_fft=1024 --feats_extract_conf hop_length=256 --feats_extract_conf win_length=null --feats_extract_conf fs=22050 --feats_extract_conf fmin=80 --feats_extract_conf fmax=7600 --feats_extract_conf n_mels=80 --pitch_extract_conf fs=22050 --pitch_extract_conf n_fft=1024 --pitch_extract_conf hop_length=256 --pitch_extract_conf f0max=400 --pitch_extract_conf f0min=80 --energy_extract_conf fs=22050 --energy_extract_conf n_fft=1024 --energy_extract_conf hop_length=256 --energy_extract_conf win_length=null --d0_extract_conf fs=22050 --d0_extract_conf n_fft=1024 --d0_extract_conf hop_length=256 --d0_extract_conf win_length=null --d0_extract_conf fmin=80 --d0_extract_conf fmax=7600 --d0_extract_conf n_mels=80
Failed to import Flash Attention, using ESPnet default: libcudart.so.12: cannot open shared object file: No such file or directory
Vocabulary size: 47
encoder self-attention layer type = self-attention
encoder self-attention layer type = self-attention
/home/uesugi/miniconda3/envs/espnet_custom/lib/python3.9/site-packages/torch/nn/utils/weight_norm.py:143: FutureWarning: `torch.nn.utils.weight_norm` is deprecated in favor of `torch.nn.utils.parametrizations.weight_norm`.
  WeightNorm.apply(module, name, dim)
Initialize encoder.encoders.0.self_attn.linear_q.bias to zeros
Initialize encoder.encoders.0.self_attn.linear_k.bias to zeros
Initialize encoder.encoders.0.self_attn.linear_v.bias to zeros
Initialize encoder.encoders.0.self_attn.linear_out.bias to zeros
Initialize encoder.encoders.0.feed_forward.w_1.bias to zeros
Initialize encoder.encoders.0.feed_forward.w_2.bias to zeros
Initialize encoder.encoders.0.norm1.bias to zeros
Initialize encoder.encoders.0.norm2.bias to zeros
Initialize encoder.encoders.1.self_attn.linear_q.bias to zeros
Initialize encoder.encoders.1.self_attn.linear_k.bias to zeros
Initialize encoder.encoders.1.self_attn.linear_v.bias to zeros
Initialize encoder.encoders.1.self_attn.linear_out.bias to zeros
Initialize encoder.encoders.1.feed_forward.w_1.bias to zeros
Initialize encoder.encoders.1.feed_forward.w_2.bias to zeros
Initialize encoder.encoders.1.norm1.bias to zeros
Initialize encoder.encoders.1.norm2.bias to zeros
Initialize encoder.encoders.2.self_attn.linear_q.bias to zeros
Initialize encoder.encoders.2.self_attn.linear_k.bias to zeros
Initialize encoder.encoders.2.self_attn.linear_v.bias to zeros
Initialize encoder.encoders.2.self_attn.linear_out.bias to zeros
Initialize encoder.encoders.2.feed_forward.w_1.bias to zeros
Initialize encoder.encoders.2.feed_forward.w_2.bias to zeros
Initialize encoder.encoders.2.norm1.bias to zeros
Initialize encoder.encoders.2.norm2.bias to zeros
Initialize encoder.encoders.3.self_attn.linear_q.bias to zeros
Initialize encoder.encoders.3.self_attn.linear_k.bias to zeros
Initialize encoder.encoders.3.self_attn.linear_v.bias to zeros
Initialize encoder.encoders.3.self_attn.linear_out.bias to zeros
Initialize encoder.encoders.3.feed_forward.w_1.bias to zeros
Initialize encoder.encoders.3.feed_forward.w_2.bias to zeros
Initialize encoder.encoders.3.norm1.bias to zeros
Initialize encoder.encoders.3.norm2.bias to zeros
Initialize encoder.after_norm.bias to zeros
Initialize duration_predictor.conv.0.0.bias to zeros
Initialize duration_predictor.conv.0.2.bias to zeros
Initialize duration_predictor.conv.1.0.bias to zeros
Initialize duration_predictor.conv.1.2.bias to zeros
Initialize duration_predictor.linear.bias to zeros
Initialize pitch_predictor.conv.0.0.bias to zeros
Initialize pitch_predictor.conv.0.2.bias to zeros
Initialize pitch_predictor.conv.1.0.bias to zeros
Initialize pitch_predictor.conv.1.2.bias to zeros
Initialize pitch_predictor.conv.2.0.bias to zeros
Initialize pitch_predictor.conv.2.2.bias to zeros
Initialize pitch_predictor.conv.3.0.bias to zeros
Initialize pitch_predictor.conv.3.2.bias to zeros
Initialize pitch_predictor.conv.4.0.bias to zeros
Initialize pitch_predictor.conv.4.2.bias to zeros
Initialize pitch_predictor.linear.bias to zeros
Initialize pitch_embed.0.bias to zeros
Initialize energy_predictor.conv.0.0.bias to zeros
Initialize energy_predictor.conv.0.2.bias to zeros
Initialize energy_predictor.conv.1.0.bias to zeros
Initialize energy_predictor.conv.1.2.bias to zeros
Initialize energy_predictor.linear.bias to zeros
Initialize energy_embed.0.bias to zeros
Initialize d0_predictor.conv.0.0.bias to zeros
Initialize d0_predictor.conv.0.2.bias to zeros
Initialize d0_predictor.conv.1.0.bias to zeros
Initialize d0_predictor.conv.1.2.bias to zeros
Initialize d0_predictor.linear.bias to zeros
Initialize d0_embed.0.bias to zeros
Initialize alignment_module.t_conv1.bias to zeros
Initialize alignment_module.t_conv2.bias to zeros
Initialize alignment_module.f_conv1.bias to zeros
Initialize alignment_module.f_conv2.bias to zeros
Initialize alignment_module.f_conv3.bias to zeros
Initialize decoder.encoders.0.self_attn.linear_q.bias to zeros
Initialize decoder.encoders.0.self_attn.linear_k.bias to zeros
Initialize decoder.encoders.0.self_attn.linear_v.bias to zeros
Initialize decoder.encoders.0.self_attn.linear_out.bias to zeros
Initialize decoder.encoders.0.feed_forward.w_1.bias to zeros
Initialize decoder.encoders.0.feed_forward.w_2.bias to zeros
Initialize decoder.encoders.0.norm1.bias to zeros
Initialize decoder.encoders.0.norm2.bias to zeros
Initialize decoder.encoders.1.self_attn.linear_q.bias to zeros
Initialize decoder.encoders.1.self_attn.linear_k.bias to zeros
Initialize decoder.encoders.1.self_attn.linear_v.bias to zeros
Initialize decoder.encoders.1.self_attn.linear_out.bias to zeros
Initialize decoder.encoders.1.feed_forward.w_1.bias to zeros
Initialize decoder.encoders.1.feed_forward.w_2.bias to zeros
Initialize decoder.encoders.1.norm1.bias to zeros
Initialize decoder.encoders.1.norm2.bias to zeros
Initialize decoder.encoders.2.self_attn.linear_q.bias to zeros
Initialize decoder.encoders.2.self_attn.linear_k.bias to zeros
Initialize decoder.encoders.2.self_attn.linear_v.bias to zeros
Initialize decoder.encoders.2.self_attn.linear_out.bias to zeros
Initialize decoder.encoders.2.feed_forward.w_1.bias to zeros
Initialize decoder.encoders.2.feed_forward.w_2.bias to zeros
Initialize decoder.encoders.2.norm1.bias to zeros
Initialize decoder.encoders.2.norm2.bias to zeros
Initialize decoder.encoders.3.self_attn.linear_q.bias to zeros
Initialize decoder.encoders.3.self_attn.linear_k.bias to zeros
Initialize decoder.encoders.3.self_attn.linear_v.bias to zeros
Initialize decoder.encoders.3.self_attn.linear_out.bias to zeros
Initialize decoder.encoders.3.feed_forward.w_1.bias to zeros
Initialize decoder.encoders.3.feed_forward.w_2.bias to zeros
Initialize decoder.encoders.3.norm1.bias to zeros
Initialize decoder.encoders.3.norm2.bias to zeros
Initialize decoder.after_norm.bias to zeros
Initialize generator.input_conv.bias to zeros
Initialize generator.upsamples.0.1.bias to zeros
Initialize generator.upsamples.1.1.bias to zeros
Initialize generator.upsamples.2.1.bias to zeros
Initialize generator.upsamples.3.1.bias to zeros
Initialize generator.blocks.0.convs1.0.1.bias to zeros
Initialize generator.blocks.0.convs1.1.1.bias to zeros
Initialize generator.blocks.0.convs1.2.1.bias to zeros
Initialize generator.blocks.0.convs2.0.1.bias to zeros
Initialize generator.blocks.0.convs2.1.1.bias to zeros
Initialize generator.blocks.0.convs2.2.1.bias to zeros
Initialize generator.blocks.1.convs1.0.1.bias to zeros
Initialize generator.blocks.1.convs1.1.1.bias to zeros
Initialize generator.blocks.1.convs1.2.1.bias to zeros
Initialize generator.blocks.1.convs2.0.1.bias to zeros
Initialize generator.blocks.1.convs2.1.1.bias to zeros
Initialize generator.blocks.1.convs2.2.1.bias to zeros
Initialize generator.blocks.2.convs1.0.1.bias to zeros
Initialize generator.blocks.2.convs1.1.1.bias to zeros
Initialize generator.blocks.2.convs1.2.1.bias to zeros
Initialize generator.blocks.2.convs2.0.1.bias to zeros
Initialize generator.blocks.2.convs2.1.1.bias to zeros
Initialize generator.blocks.2.convs2.2.1.bias to zeros
Initialize generator.blocks.3.convs1.0.1.bias to zeros
Initialize generator.blocks.3.convs1.1.1.bias to zeros
Initialize generator.blocks.3.convs1.2.1.bias to zeros
Initialize generator.blocks.3.convs2.0.1.bias to zeros
Initialize generator.blocks.3.convs2.1.1.bias to zeros
Initialize generator.blocks.3.convs2.2.1.bias to zeros
Initialize generator.blocks.4.convs1.0.1.bias to zeros
Initialize generator.blocks.4.convs1.1.1.bias to zeros
Initialize generator.blocks.4.convs1.2.1.bias to zeros
Initialize generator.blocks.4.convs2.0.1.bias to zeros
Initialize generator.blocks.4.convs2.1.1.bias to zeros
Initialize generator.blocks.4.convs2.2.1.bias to zeros
Initialize generator.blocks.5.convs1.0.1.bias to zeros
Initialize generator.blocks.5.convs1.1.1.bias to zeros
Initialize generator.blocks.5.convs1.2.1.bias to zeros
Initialize generator.blocks.5.convs2.0.1.bias to zeros
Initialize generator.blocks.5.convs2.1.1.bias to zeros
Initialize generator.blocks.5.convs2.2.1.bias to zeros
Initialize generator.blocks.6.convs1.0.1.bias to zeros
Initialize generator.blocks.6.convs1.1.1.bias to zeros
Initialize generator.blocks.6.convs1.2.1.bias to zeros
Initialize generator.blocks.6.convs2.0.1.bias to zeros
Initialize generator.blocks.6.convs2.1.1.bias to zeros
Initialize generator.blocks.6.convs2.2.1.bias to zeros
Initialize generator.blocks.7.convs1.0.1.bias to zeros
Initialize generator.blocks.7.convs1.1.1.bias to zeros
Initialize generator.blocks.7.convs1.2.1.bias to zeros
Initialize generator.blocks.7.convs2.0.1.bias to zeros
Initialize generator.blocks.7.convs2.1.1.bias to zeros
Initialize generator.blocks.7.convs2.2.1.bias to zeros
Initialize generator.blocks.8.convs1.0.1.bias to zeros
Initialize generator.blocks.8.convs1.1.1.bias to zeros
Initialize generator.blocks.8.convs1.2.1.bias to zeros
Initialize generator.blocks.8.convs2.0.1.bias to zeros
Initialize generator.blocks.8.convs2.1.1.bias to zeros
Initialize generator.blocks.8.convs2.2.1.bias to zeros
Initialize generator.blocks.9.convs1.0.1.bias to zeros
Initialize generator.blocks.9.convs1.1.1.bias to zeros
Initialize generator.blocks.9.convs1.2.1.bias to zeros
Initialize generator.blocks.9.convs2.0.1.bias to zeros
Initialize generator.blocks.9.convs2.1.1.bias to zeros
Initialize generator.blocks.9.convs2.2.1.bias to zeros
Initialize generator.blocks.10.convs1.0.1.bias to zeros
Initialize generator.blocks.10.convs1.1.1.bias to zeros
Initialize generator.blocks.10.convs1.2.1.bias to zeros
Initialize generator.blocks.10.convs2.0.1.bias to zeros
Initialize generator.blocks.10.convs2.1.1.bias to zeros
Initialize generator.blocks.10.convs2.2.1.bias to zeros
Initialize generator.blocks.11.convs1.0.1.bias to zeros
Initialize generator.blocks.11.convs1.1.1.bias to zeros
Initialize generator.blocks.11.convs1.2.1.bias to zeros
Initialize generator.blocks.11.convs2.0.1.bias to zeros
Initialize generator.blocks.11.convs2.1.1.bias to zeros
Initialize generator.blocks.11.convs2.2.1.bias to zeros
Initialize generator.output_conv.1.bias to zeros
Traceback (most recent call last):
  File "/home/uesugi/miniconda3/envs/espnet_custom/lib/python3.9/runpy.py", line 197, in _run_module_as_main
    return _run_code(code, main_globals, None,
  File "/home/uesugi/miniconda3/envs/espnet_custom/lib/python3.9/runpy.py", line 87, in _run_code
    exec(code, run_globals)
  File "/home/uesugi/espnet-for-customize-jets/espnet2/bin/gan_tts_train.py", line 22, in <module>
    main()
  File "/home/uesugi/espnet-for-customize-jets/espnet2/bin/gan_tts_train.py", line 18, in main
    GANTTSTask.main(cmd=cmd)
  File "/home/uesugi/espnet-for-customize-jets/espnet2/tasks/abs_task.py", line 1225, in main
    cls.main_worker(args)
  File "/home/uesugi/espnet-for-customize-jets/espnet2/tasks/abs_task.py", line 1357, in main_worker
    model = cls.build_model(args=args)
  File "/home/uesugi/espnet-for-customize-jets/espnet2/tasks/gan_tts.py", line 386, in build_model
    d0_extract = d0_extract_class(
TypeError: __init__() got an unexpected keyword argument 'fmin'
# Accounting: time=77 threads=1
# Ended (code 1) at Tue Jul  1 10:36:27 JST 2025, elapsed time 77 seconds
# python3 -m espnet2.bin.gan_tts_train --collect_stats true --write_collected_feats true --use_preprocessor true --token_type phn --token_list dump/22.05k/token_list/phn_jaconv_pyopenjtalk_prosody/tokens.txt --non_linguistic_symbols none --cleaner jaconv --g2p pyopenjtalk_prosody --normalize none --pitch_normalize none --energy_normalize none --d0_normalize none --train_data_path_and_name_and_type dump/22.05k/raw/tr_no_dev/text,text,text --train_data_path_and_name_and_type dump/22.05k/raw/tr_no_dev/wav.scp,speech,sound --valid_data_path_and_name_and_type dump/22.05k/raw/dev/text,text,text --valid_data_path_and_name_and_type dump/22.05k/raw/dev/wav.scp,speech,sound --train_shape_file exp/22.05k/tts_stats_raw_phn_jaconv_pyopenjtalk_prosody/logdir/train.15.scp --valid_shape_file exp/22.05k/tts_stats_raw_phn_jaconv_pyopenjtalk_prosody/logdir/valid.15.scp --output_dir exp/22.05k/tts_stats_raw_phn_jaconv_pyopenjtalk_prosody/logdir/stats.15 --config conf/tuning/train_jets_22.05k.yaml --feats_extract fbank --feats_extract_conf n_fft=1024 --feats_extract_conf hop_length=256 --feats_extract_conf win_length=null --feats_extract_conf fs=22050 --feats_extract_conf fmin=80 --feats_extract_conf fmax=7600 --feats_extract_conf n_mels=80 --pitch_extract_conf fs=22050 --pitch_extract_conf n_fft=1024 --pitch_extract_conf hop_length=256 --pitch_extract_conf f0max=400 --pitch_extract_conf f0min=80 --energy_extract_conf fs=22050 --energy_extract_conf n_fft=1024 --energy_extract_conf hop_length=256 --energy_extract_conf win_length=null --d0_extract_conf fs=22050 --d0_extract_conf n_fft=1024 --d0_extract_conf hop_length=256 --d0_extract_conf win_length=null --d0_extract_conf fmin=80 --d0_extract_conf fmax=7600 --d0_extract_conf n_mels=80 
# Started at Tue Jul  1 10:35:10 JST 2025
#
/home/uesugi/miniconda3/envs/espnet_custom/bin/python3 /home/uesugi/espnet-for-customize-jets/espnet2/bin/gan_tts_train.py --collect_stats true --write_collected_feats true --use_preprocessor true --token_type phn --token_list dump/22.05k/token_list/phn_jaconv_pyopenjtalk_prosody/tokens.txt --non_linguistic_symbols none --cleaner jaconv --g2p pyopenjtalk_prosody --normalize none --pitch_normalize none --energy_normalize none --d0_normalize none --train_data_path_and_name_and_type dump/22.05k/raw/tr_no_dev/text,text,text --train_data_path_and_name_and_type dump/22.05k/raw/tr_no_dev/wav.scp,speech,sound --valid_data_path_and_name_and_type dump/22.05k/raw/dev/text,text,text --valid_data_path_and_name_and_type dump/22.05k/raw/dev/wav.scp,speech,sound --train_shape_file exp/22.05k/tts_stats_raw_phn_jaconv_pyopenjtalk_prosody/logdir/train.15.scp --valid_shape_file exp/22.05k/tts_stats_raw_phn_jaconv_pyopenjtalk_prosody/logdir/valid.15.scp --output_dir exp/22.05k/tts_stats_raw_phn_jaconv_pyopenjtalk_prosody/logdir/stats.15 --config conf/tuning/train_jets_22.05k.yaml --feats_extract fbank --feats_extract_conf n_fft=1024 --feats_extract_conf hop_length=256 --feats_extract_conf win_length=null --feats_extract_conf fs=22050 --feats_extract_conf fmin=80 --feats_extract_conf fmax=7600 --feats_extract_conf n_mels=80 --pitch_extract_conf fs=22050 --pitch_extract_conf n_fft=1024 --pitch_extract_conf hop_length=256 --pitch_extract_conf f0max=400 --pitch_extract_conf f0min=80 --energy_extract_conf fs=22050 --energy_extract_conf n_fft=1024 --energy_extract_conf hop_length=256 --energy_extract_conf win_length=null --d0_extract_conf fs=22050 --d0_extract_conf n_fft=1024 --d0_extract_conf hop_length=256 --d0_extract_conf win_length=null --d0_extract_conf fmin=80 --d0_extract_conf fmax=7600 --d0_extract_conf n_mels=80
Failed to import Flash Attention, using ESPnet default: libcudart.so.12: cannot open shared object file: No such file or directory
Vocabulary size: 47
encoder self-attention layer type = self-attention
encoder self-attention layer type = self-attention
/home/uesugi/miniconda3/envs/espnet_custom/lib/python3.9/site-packages/torch/nn/utils/weight_norm.py:143: FutureWarning: `torch.nn.utils.weight_norm` is deprecated in favor of `torch.nn.utils.parametrizations.weight_norm`.
  WeightNorm.apply(module, name, dim)
Initialize encoder.encoders.0.self_attn.linear_q.bias to zeros
Initialize encoder.encoders.0.self_attn.linear_k.bias to zeros
Initialize encoder.encoders.0.self_attn.linear_v.bias to zeros
Initialize encoder.encoders.0.self_attn.linear_out.bias to zeros
Initialize encoder.encoders.0.feed_forward.w_1.bias to zeros
Initialize encoder.encoders.0.feed_forward.w_2.bias to zeros
Initialize encoder.encoders.0.norm1.bias to zeros
Initialize encoder.encoders.0.norm2.bias to zeros
Initialize encoder.encoders.1.self_attn.linear_q.bias to zeros
Initialize encoder.encoders.1.self_attn.linear_k.bias to zeros
Initialize encoder.encoders.1.self_attn.linear_v.bias to zeros
Initialize encoder.encoders.1.self_attn.linear_out.bias to zeros
Initialize encoder.encoders.1.feed_forward.w_1.bias to zeros
Initialize encoder.encoders.1.feed_forward.w_2.bias to zeros
Initialize encoder.encoders.1.norm1.bias to zeros
Initialize encoder.encoders.1.norm2.bias to zeros
Initialize encoder.encoders.2.self_attn.linear_q.bias to zeros
Initialize encoder.encoders.2.self_attn.linear_k.bias to zeros
Initialize encoder.encoders.2.self_attn.linear_v.bias to zeros
Initialize encoder.encoders.2.self_attn.linear_out.bias to zeros
Initialize encoder.encoders.2.feed_forward.w_1.bias to zeros
Initialize encoder.encoders.2.feed_forward.w_2.bias to zeros
Initialize encoder.encoders.2.norm1.bias to zeros
Initialize encoder.encoders.2.norm2.bias to zeros
Initialize encoder.encoders.3.self_attn.linear_q.bias to zeros
Initialize encoder.encoders.3.self_attn.linear_k.bias to zeros
Initialize encoder.encoders.3.self_attn.linear_v.bias to zeros
Initialize encoder.encoders.3.self_attn.linear_out.bias to zeros
Initialize encoder.encoders.3.feed_forward.w_1.bias to zeros
Initialize encoder.encoders.3.feed_forward.w_2.bias to zeros
Initialize encoder.encoders.3.norm1.bias to zeros
Initialize encoder.encoders.3.norm2.bias to zeros
Initialize encoder.after_norm.bias to zeros
Initialize duration_predictor.conv.0.0.bias to zeros
Initialize duration_predictor.conv.0.2.bias to zeros
Initialize duration_predictor.conv.1.0.bias to zeros
Initialize duration_predictor.conv.1.2.bias to zeros
Initialize duration_predictor.linear.bias to zeros
Initialize pitch_predictor.conv.0.0.bias to zeros
Initialize pitch_predictor.conv.0.2.bias to zeros
Initialize pitch_predictor.conv.1.0.bias to zeros
Initialize pitch_predictor.conv.1.2.bias to zeros
Initialize pitch_predictor.conv.2.0.bias to zeros
Initialize pitch_predictor.conv.2.2.bias to zeros
Initialize pitch_predictor.conv.3.0.bias to zeros
Initialize pitch_predictor.conv.3.2.bias to zeros
Initialize pitch_predictor.conv.4.0.bias to zeros
Initialize pitch_predictor.conv.4.2.bias to zeros
Initialize pitch_predictor.linear.bias to zeros
Initialize pitch_embed.0.bias to zeros
Initialize energy_predictor.conv.0.0.bias to zeros
Initialize energy_predictor.conv.0.2.bias to zeros
Initialize energy_predictor.conv.1.0.bias to zeros
Initialize energy_predictor.conv.1.2.bias to zeros
Initialize energy_predictor.linear.bias to zeros
Initialize energy_embed.0.bias to zeros
Initialize d0_predictor.conv.0.0.bias to zeros
Initialize d0_predictor.conv.0.2.bias to zeros
Initialize d0_predictor.conv.1.0.bias to zeros
Initialize d0_predictor.conv.1.2.bias to zeros
Initialize d0_predictor.linear.bias to zeros
Initialize d0_embed.0.bias to zeros
Initialize alignment_module.t_conv1.bias to zeros
Initialize alignment_module.t_conv2.bias to zeros
Initialize alignment_module.f_conv1.bias to zeros
Initialize alignment_module.f_conv2.bias to zeros
Initialize alignment_module.f_conv3.bias to zeros
Initialize decoder.encoders.0.self_attn.linear_q.bias to zeros
Initialize decoder.encoders.0.self_attn.linear_k.bias to zeros
Initialize decoder.encoders.0.self_attn.linear_v.bias to zeros
Initialize decoder.encoders.0.self_attn.linear_out.bias to zeros
Initialize decoder.encoders.0.feed_forward.w_1.bias to zeros
Initialize decoder.encoders.0.feed_forward.w_2.bias to zeros
Initialize decoder.encoders.0.norm1.bias to zeros
Initialize decoder.encoders.0.norm2.bias to zeros
Initialize decoder.encoders.1.self_attn.linear_q.bias to zeros
Initialize decoder.encoders.1.self_attn.linear_k.bias to zeros
Initialize decoder.encoders.1.self_attn.linear_v.bias to zeros
Initialize decoder.encoders.1.self_attn.linear_out.bias to zeros
Initialize decoder.encoders.1.feed_forward.w_1.bias to zeros
Initialize decoder.encoders.1.feed_forward.w_2.bias to zeros
Initialize decoder.encoders.1.norm1.bias to zeros
Initialize decoder.encoders.1.norm2.bias to zeros
Initialize decoder.encoders.2.self_attn.linear_q.bias to zeros
Initialize decoder.encoders.2.self_attn.linear_k.bias to zeros
Initialize decoder.encoders.2.self_attn.linear_v.bias to zeros
Initialize decoder.encoders.2.self_attn.linear_out.bias to zeros
Initialize decoder.encoders.2.feed_forward.w_1.bias to zeros
Initialize decoder.encoders.2.feed_forward.w_2.bias to zeros
Initialize decoder.encoders.2.norm1.bias to zeros
Initialize decoder.encoders.2.norm2.bias to zeros
Initialize decoder.encoders.3.self_attn.linear_q.bias to zeros
Initialize decoder.encoders.3.self_attn.linear_k.bias to zeros
Initialize decoder.encoders.3.self_attn.linear_v.bias to zeros
Initialize decoder.encoders.3.self_attn.linear_out.bias to zeros
Initialize decoder.encoders.3.feed_forward.w_1.bias to zeros
Initialize decoder.encoders.3.feed_forward.w_2.bias to zeros
Initialize decoder.encoders.3.norm1.bias to zeros
Initialize decoder.encoders.3.norm2.bias to zeros
Initialize decoder.after_norm.bias to zeros
Initialize generator.input_conv.bias to zeros
Initialize generator.upsamples.0.1.bias to zeros
Initialize generator.upsamples.1.1.bias to zeros
Initialize generator.upsamples.2.1.bias to zeros
Initialize generator.upsamples.3.1.bias to zeros
Initialize generator.blocks.0.convs1.0.1.bias to zeros
Initialize generator.blocks.0.convs1.1.1.bias to zeros
Initialize generator.blocks.0.convs1.2.1.bias to zeros
Initialize generator.blocks.0.convs2.0.1.bias to zeros
Initialize generator.blocks.0.convs2.1.1.bias to zeros
Initialize generator.blocks.0.convs2.2.1.bias to zeros
Initialize generator.blocks.1.convs1.0.1.bias to zeros
Initialize generator.blocks.1.convs1.1.1.bias to zeros
Initialize generator.blocks.1.convs1.2.1.bias to zeros
Initialize generator.blocks.1.convs2.0.1.bias to zeros
Initialize generator.blocks.1.convs2.1.1.bias to zeros
Initialize generator.blocks.1.convs2.2.1.bias to zeros
Initialize generator.blocks.2.convs1.0.1.bias to zeros
Initialize generator.blocks.2.convs1.1.1.bias to zeros
Initialize generator.blocks.2.convs1.2.1.bias to zeros
Initialize generator.blocks.2.convs2.0.1.bias to zeros
Initialize generator.blocks.2.convs2.1.1.bias to zeros
Initialize generator.blocks.2.convs2.2.1.bias to zeros
Initialize generator.blocks.3.convs1.0.1.bias to zeros
Initialize generator.blocks.3.convs1.1.1.bias to zeros
Initialize generator.blocks.3.convs1.2.1.bias to zeros
Initialize generator.blocks.3.convs2.0.1.bias to zeros
Initialize generator.blocks.3.convs2.1.1.bias to zeros
Initialize generator.blocks.3.convs2.2.1.bias to zeros
Initialize generator.blocks.4.convs1.0.1.bias to zeros
Initialize generator.blocks.4.convs1.1.1.bias to zeros
Initialize generator.blocks.4.convs1.2.1.bias to zeros
Initialize generator.blocks.4.convs2.0.1.bias to zeros
Initialize generator.blocks.4.convs2.1.1.bias to zeros
Initialize generator.blocks.4.convs2.2.1.bias to zeros
Initialize generator.blocks.5.convs1.0.1.bias to zeros
Initialize generator.blocks.5.convs1.1.1.bias to zeros
Initialize generator.blocks.5.convs1.2.1.bias to zeros
Initialize generator.blocks.5.convs2.0.1.bias to zeros
Initialize generator.blocks.5.convs2.1.1.bias to zeros
Initialize generator.blocks.5.convs2.2.1.bias to zeros
Initialize generator.blocks.6.convs1.0.1.bias to zeros
Initialize generator.blocks.6.convs1.1.1.bias to zeros
Initialize generator.blocks.6.convs1.2.1.bias to zeros
Initialize generator.blocks.6.convs2.0.1.bias to zeros
Initialize generator.blocks.6.convs2.1.1.bias to zeros
Initialize generator.blocks.6.convs2.2.1.bias to zeros
Initialize generator.blocks.7.convs1.0.1.bias to zeros
Initialize generator.blocks.7.convs1.1.1.bias to zeros
Initialize generator.blocks.7.convs1.2.1.bias to zeros
Initialize generator.blocks.7.convs2.0.1.bias to zeros
Initialize generator.blocks.7.convs2.1.1.bias to zeros
Initialize generator.blocks.7.convs2.2.1.bias to zeros
Initialize generator.blocks.8.convs1.0.1.bias to zeros
Initialize generator.blocks.8.convs1.1.1.bias to zeros
Initialize generator.blocks.8.convs1.2.1.bias to zeros
Initialize generator.blocks.8.convs2.0.1.bias to zeros
Initialize generator.blocks.8.convs2.1.1.bias to zeros
Initialize generator.blocks.8.convs2.2.1.bias to zeros
Initialize generator.blocks.9.convs1.0.1.bias to zeros
Initialize generator.blocks.9.convs1.1.1.bias to zeros
Initialize generator.blocks.9.convs1.2.1.bias to zeros
Initialize generator.blocks.9.convs2.0.1.bias to zeros
Initialize generator.blocks.9.convs2.1.1.bias to zeros
Initialize generator.blocks.9.convs2.2.1.bias to zeros
Initialize generator.blocks.10.convs1.0.1.bias to zeros
Initialize generator.blocks.10.convs1.1.1.bias to zeros
Initialize generator.blocks.10.convs1.2.1.bias to zeros
Initialize generator.blocks.10.convs2.0.1.bias to zeros
Initialize generator.blocks.10.convs2.1.1.bias to zeros
Initialize generator.blocks.10.convs2.2.1.bias to zeros
Initialize generator.blocks.11.convs1.0.1.bias to zeros
Initialize generator.blocks.11.convs1.1.1.bias to zeros
Initialize generator.blocks.11.convs1.2.1.bias to zeros
Initialize generator.blocks.11.convs2.0.1.bias to zeros
Initialize generator.blocks.11.convs2.1.1.bias to zeros
Initialize generator.blocks.11.convs2.2.1.bias to zeros
Initialize generator.output_conv.1.bias to zeros
Traceback (most recent call last):
  File "/home/uesugi/miniconda3/envs/espnet_custom/lib/python3.9/runpy.py", line 197, in _run_module_as_main
    return _run_code(code, main_globals, None,
  File "/home/uesugi/miniconda3/envs/espnet_custom/lib/python3.9/runpy.py", line 87, in _run_code
    exec(code, run_globals)
  File "/home/uesugi/espnet-for-customize-jets/espnet2/bin/gan_tts_train.py", line 22, in <module>
    main()
  File "/home/uesugi/espnet-for-customize-jets/espnet2/bin/gan_tts_train.py", line 18, in main
    GANTTSTask.main(cmd=cmd)
  File "/home/uesugi/espnet-for-customize-jets/espnet2/tasks/abs_task.py", line 1225, in main
    cls.main_worker(args)
  File "/home/uesugi/espnet-for-customize-jets/espnet2/tasks/abs_task.py", line 1357, in main_worker
    model = cls.build_model(args=args)
  File "/home/uesugi/espnet-for-customize-jets/espnet2/tasks/gan_tts.py", line 386, in build_model
    d0_extract = d0_extract_class(
TypeError: __init__() got an unexpected keyword argument 'fmin'
# Accounting: time=82 threads=1
# Ended (code 1) at Tue Jul  1 10:36:32 JST 2025, elapsed time 82 seconds
# python3 -m espnet2.bin.gan_tts_train --collect_stats true --write_collected_feats true --use_preprocessor true --token_type phn --token_list dump/22.05k/token_list/phn_jaconv_pyopenjtalk_prosody/tokens.txt --non_linguistic_symbols none --cleaner jaconv --g2p pyopenjtalk_prosody --normalize none --pitch_normalize none --energy_normalize none --d0_normalize none --train_data_path_and_name_and_type dump/22.05k/raw/tr_no_dev/text,text,text --train_data_path_and_name_and_type dump/22.05k/raw/tr_no_dev/wav.scp,speech,sound --valid_data_path_and_name_and_type dump/22.05k/raw/dev/text,text,text --valid_data_path_and_name_and_type dump/22.05k/raw/dev/wav.scp,speech,sound --train_shape_file exp/22.05k/tts_stats_raw_phn_jaconv_pyopenjtalk_prosody/logdir/train.16.scp --valid_shape_file exp/22.05k/tts_stats_raw_phn_jaconv_pyopenjtalk_prosody/logdir/valid.16.scp --output_dir exp/22.05k/tts_stats_raw_phn_jaconv_pyopenjtalk_prosody/logdir/stats.16 --config conf/tuning/train_jets_22.05k.yaml --feats_extract fbank --feats_extract_conf n_fft=1024 --feats_extract_conf hop_length=256 --feats_extract_conf win_length=null --feats_extract_conf fs=22050 --feats_extract_conf fmin=80 --feats_extract_conf fmax=7600 --feats_extract_conf n_mels=80 --pitch_extract_conf fs=22050 --pitch_extract_conf n_fft=1024 --pitch_extract_conf hop_length=256 --pitch_extract_conf f0max=400 --pitch_extract_conf f0min=80 --energy_extract_conf fs=22050 --energy_extract_conf n_fft=1024 --energy_extract_conf hop_length=256 --energy_extract_conf win_length=null --d0_extract_conf fs=22050 --d0_extract_conf n_fft=1024 --d0_extract_conf hop_length=256 --d0_extract_conf win_length=null --d0_extract_conf fmin=80 --d0_extract_conf fmax=7600 --d0_extract_conf n_mels=80 
# Started at Tue Jul  1 10:35:11 JST 2025
#
/home/uesugi/miniconda3/envs/espnet_custom/bin/python3 /home/uesugi/espnet-for-customize-jets/espnet2/bin/gan_tts_train.py --collect_stats true --write_collected_feats true --use_preprocessor true --token_type phn --token_list dump/22.05k/token_list/phn_jaconv_pyopenjtalk_prosody/tokens.txt --non_linguistic_symbols none --cleaner jaconv --g2p pyopenjtalk_prosody --normalize none --pitch_normalize none --energy_normalize none --d0_normalize none --train_data_path_and_name_and_type dump/22.05k/raw/tr_no_dev/text,text,text --train_data_path_and_name_and_type dump/22.05k/raw/tr_no_dev/wav.scp,speech,sound --valid_data_path_and_name_and_type dump/22.05k/raw/dev/text,text,text --valid_data_path_and_name_and_type dump/22.05k/raw/dev/wav.scp,speech,sound --train_shape_file exp/22.05k/tts_stats_raw_phn_jaconv_pyopenjtalk_prosody/logdir/train.16.scp --valid_shape_file exp/22.05k/tts_stats_raw_phn_jaconv_pyopenjtalk_prosody/logdir/valid.16.scp --output_dir exp/22.05k/tts_stats_raw_phn_jaconv_pyopenjtalk_prosody/logdir/stats.16 --config conf/tuning/train_jets_22.05k.yaml --feats_extract fbank --feats_extract_conf n_fft=1024 --feats_extract_conf hop_length=256 --feats_extract_conf win_length=null --feats_extract_conf fs=22050 --feats_extract_conf fmin=80 --feats_extract_conf fmax=7600 --feats_extract_conf n_mels=80 --pitch_extract_conf fs=22050 --pitch_extract_conf n_fft=1024 --pitch_extract_conf hop_length=256 --pitch_extract_conf f0max=400 --pitch_extract_conf f0min=80 --energy_extract_conf fs=22050 --energy_extract_conf n_fft=1024 --energy_extract_conf hop_length=256 --energy_extract_conf win_length=null --d0_extract_conf fs=22050 --d0_extract_conf n_fft=1024 --d0_extract_conf hop_length=256 --d0_extract_conf win_length=null --d0_extract_conf fmin=80 --d0_extract_conf fmax=7600 --d0_extract_conf n_mels=80
Failed to import Flash Attention, using ESPnet default: libcudart.so.12: cannot open shared object file: No such file or directory
Vocabulary size: 47
encoder self-attention layer type = self-attention
encoder self-attention layer type = self-attention
/home/uesugi/miniconda3/envs/espnet_custom/lib/python3.9/site-packages/torch/nn/utils/weight_norm.py:143: FutureWarning: `torch.nn.utils.weight_norm` is deprecated in favor of `torch.nn.utils.parametrizations.weight_norm`.
  WeightNorm.apply(module, name, dim)
Initialize encoder.encoders.0.self_attn.linear_q.bias to zeros
Initialize encoder.encoders.0.self_attn.linear_k.bias to zeros
Initialize encoder.encoders.0.self_attn.linear_v.bias to zeros
Initialize encoder.encoders.0.self_attn.linear_out.bias to zeros
Initialize encoder.encoders.0.feed_forward.w_1.bias to zeros
Initialize encoder.encoders.0.feed_forward.w_2.bias to zeros
Initialize encoder.encoders.0.norm1.bias to zeros
Initialize encoder.encoders.0.norm2.bias to zeros
Initialize encoder.encoders.1.self_attn.linear_q.bias to zeros
Initialize encoder.encoders.1.self_attn.linear_k.bias to zeros
Initialize encoder.encoders.1.self_attn.linear_v.bias to zeros
Initialize encoder.encoders.1.self_attn.linear_out.bias to zeros
Initialize encoder.encoders.1.feed_forward.w_1.bias to zeros
Initialize encoder.encoders.1.feed_forward.w_2.bias to zeros
Initialize encoder.encoders.1.norm1.bias to zeros
Initialize encoder.encoders.1.norm2.bias to zeros
Initialize encoder.encoders.2.self_attn.linear_q.bias to zeros
Initialize encoder.encoders.2.self_attn.linear_k.bias to zeros
Initialize encoder.encoders.2.self_attn.linear_v.bias to zeros
Initialize encoder.encoders.2.self_attn.linear_out.bias to zeros
Initialize encoder.encoders.2.feed_forward.w_1.bias to zeros
Initialize encoder.encoders.2.feed_forward.w_2.bias to zeros
Initialize encoder.encoders.2.norm1.bias to zeros
Initialize encoder.encoders.2.norm2.bias to zeros
Initialize encoder.encoders.3.self_attn.linear_q.bias to zeros
Initialize encoder.encoders.3.self_attn.linear_k.bias to zeros
Initialize encoder.encoders.3.self_attn.linear_v.bias to zeros
Initialize encoder.encoders.3.self_attn.linear_out.bias to zeros
Initialize encoder.encoders.3.feed_forward.w_1.bias to zeros
Initialize encoder.encoders.3.feed_forward.w_2.bias to zeros
Initialize encoder.encoders.3.norm1.bias to zeros
Initialize encoder.encoders.3.norm2.bias to zeros
Initialize encoder.after_norm.bias to zeros
Initialize duration_predictor.conv.0.0.bias to zeros
Initialize duration_predictor.conv.0.2.bias to zeros
Initialize duration_predictor.conv.1.0.bias to zeros
Initialize duration_predictor.conv.1.2.bias to zeros
Initialize duration_predictor.linear.bias to zeros
Initialize pitch_predictor.conv.0.0.bias to zeros
Initialize pitch_predictor.conv.0.2.bias to zeros
Initialize pitch_predictor.conv.1.0.bias to zeros
Initialize pitch_predictor.conv.1.2.bias to zeros
Initialize pitch_predictor.conv.2.0.bias to zeros
Initialize pitch_predictor.conv.2.2.bias to zeros
Initialize pitch_predictor.conv.3.0.bias to zeros
Initialize pitch_predictor.conv.3.2.bias to zeros
Initialize pitch_predictor.conv.4.0.bias to zeros
Initialize pitch_predictor.conv.4.2.bias to zeros
Initialize pitch_predictor.linear.bias to zeros
Initialize pitch_embed.0.bias to zeros
Initialize energy_predictor.conv.0.0.bias to zeros
Initialize energy_predictor.conv.0.2.bias to zeros
Initialize energy_predictor.conv.1.0.bias to zeros
Initialize energy_predictor.conv.1.2.bias to zeros
Initialize energy_predictor.linear.bias to zeros
Initialize energy_embed.0.bias to zeros
Initialize d0_predictor.conv.0.0.bias to zeros
Initialize d0_predictor.conv.0.2.bias to zeros
Initialize d0_predictor.conv.1.0.bias to zeros
Initialize d0_predictor.conv.1.2.bias to zeros
Initialize d0_predictor.linear.bias to zeros
Initialize d0_embed.0.bias to zeros
Initialize alignment_module.t_conv1.bias to zeros
Initialize alignment_module.t_conv2.bias to zeros
Initialize alignment_module.f_conv1.bias to zeros
Initialize alignment_module.f_conv2.bias to zeros
Initialize alignment_module.f_conv3.bias to zeros
Initialize decoder.encoders.0.self_attn.linear_q.bias to zeros
Initialize decoder.encoders.0.self_attn.linear_k.bias to zeros
Initialize decoder.encoders.0.self_attn.linear_v.bias to zeros
Initialize decoder.encoders.0.self_attn.linear_out.bias to zeros
Initialize decoder.encoders.0.feed_forward.w_1.bias to zeros
Initialize decoder.encoders.0.feed_forward.w_2.bias to zeros
Initialize decoder.encoders.0.norm1.bias to zeros
Initialize decoder.encoders.0.norm2.bias to zeros
Initialize decoder.encoders.1.self_attn.linear_q.bias to zeros
Initialize decoder.encoders.1.self_attn.linear_k.bias to zeros
Initialize decoder.encoders.1.self_attn.linear_v.bias to zeros
Initialize decoder.encoders.1.self_attn.linear_out.bias to zeros
Initialize decoder.encoders.1.feed_forward.w_1.bias to zeros
Initialize decoder.encoders.1.feed_forward.w_2.bias to zeros
Initialize decoder.encoders.1.norm1.bias to zeros
Initialize decoder.encoders.1.norm2.bias to zeros
Initialize decoder.encoders.2.self_attn.linear_q.bias to zeros
Initialize decoder.encoders.2.self_attn.linear_k.bias to zeros
Initialize decoder.encoders.2.self_attn.linear_v.bias to zeros
Initialize decoder.encoders.2.self_attn.linear_out.bias to zeros
Initialize decoder.encoders.2.feed_forward.w_1.bias to zeros
Initialize decoder.encoders.2.feed_forward.w_2.bias to zeros
Initialize decoder.encoders.2.norm1.bias to zeros
Initialize decoder.encoders.2.norm2.bias to zeros
Initialize decoder.encoders.3.self_attn.linear_q.bias to zeros
Initialize decoder.encoders.3.self_attn.linear_k.bias to zeros
Initialize decoder.encoders.3.self_attn.linear_v.bias to zeros
Initialize decoder.encoders.3.self_attn.linear_out.bias to zeros
Initialize decoder.encoders.3.feed_forward.w_1.bias to zeros
Initialize decoder.encoders.3.feed_forward.w_2.bias to zeros
Initialize decoder.encoders.3.norm1.bias to zeros
Initialize decoder.encoders.3.norm2.bias to zeros
Initialize decoder.after_norm.bias to zeros
Initialize generator.input_conv.bias to zeros
Initialize generator.upsamples.0.1.bias to zeros
Initialize generator.upsamples.1.1.bias to zeros
Initialize generator.upsamples.2.1.bias to zeros
Initialize generator.upsamples.3.1.bias to zeros
Initialize generator.blocks.0.convs1.0.1.bias to zeros
Initialize generator.blocks.0.convs1.1.1.bias to zeros
Initialize generator.blocks.0.convs1.2.1.bias to zeros
Initialize generator.blocks.0.convs2.0.1.bias to zeros
Initialize generator.blocks.0.convs2.1.1.bias to zeros
Initialize generator.blocks.0.convs2.2.1.bias to zeros
Initialize generator.blocks.1.convs1.0.1.bias to zeros
Initialize generator.blocks.1.convs1.1.1.bias to zeros
Initialize generator.blocks.1.convs1.2.1.bias to zeros
Initialize generator.blocks.1.convs2.0.1.bias to zeros
Initialize generator.blocks.1.convs2.1.1.bias to zeros
Initialize generator.blocks.1.convs2.2.1.bias to zeros
Initialize generator.blocks.2.convs1.0.1.bias to zeros
Initialize generator.blocks.2.convs1.1.1.bias to zeros
Initialize generator.blocks.2.convs1.2.1.bias to zeros
Initialize generator.blocks.2.convs2.0.1.bias to zeros
Initialize generator.blocks.2.convs2.1.1.bias to zeros
Initialize generator.blocks.2.convs2.2.1.bias to zeros
Initialize generator.blocks.3.convs1.0.1.bias to zeros
Initialize generator.blocks.3.convs1.1.1.bias to zeros
Initialize generator.blocks.3.convs1.2.1.bias to zeros
Initialize generator.blocks.3.convs2.0.1.bias to zeros
Initialize generator.blocks.3.convs2.1.1.bias to zeros
Initialize generator.blocks.3.convs2.2.1.bias to zeros
Initialize generator.blocks.4.convs1.0.1.bias to zeros
Initialize generator.blocks.4.convs1.1.1.bias to zeros
Initialize generator.blocks.4.convs1.2.1.bias to zeros
Initialize generator.blocks.4.convs2.0.1.bias to zeros
Initialize generator.blocks.4.convs2.1.1.bias to zeros
Initialize generator.blocks.4.convs2.2.1.bias to zeros
Initialize generator.blocks.5.convs1.0.1.bias to zeros
Initialize generator.blocks.5.convs1.1.1.bias to zeros
Initialize generator.blocks.5.convs1.2.1.bias to zeros
Initialize generator.blocks.5.convs2.0.1.bias to zeros
Initialize generator.blocks.5.convs2.1.1.bias to zeros
Initialize generator.blocks.5.convs2.2.1.bias to zeros
Initialize generator.blocks.6.convs1.0.1.bias to zeros
Initialize generator.blocks.6.convs1.1.1.bias to zeros
Initialize generator.blocks.6.convs1.2.1.bias to zeros
Initialize generator.blocks.6.convs2.0.1.bias to zeros
Initialize generator.blocks.6.convs2.1.1.bias to zeros
Initialize generator.blocks.6.convs2.2.1.bias to zeros
Initialize generator.blocks.7.convs1.0.1.bias to zeros
Initialize generator.blocks.7.convs1.1.1.bias to zeros
Initialize generator.blocks.7.convs1.2.1.bias to zeros
Initialize generator.blocks.7.convs2.0.1.bias to zeros
Initialize generator.blocks.7.convs2.1.1.bias to zeros
Initialize generator.blocks.7.convs2.2.1.bias to zeros
Initialize generator.blocks.8.convs1.0.1.bias to zeros
Initialize generator.blocks.8.convs1.1.1.bias to zeros
Initialize generator.blocks.8.convs1.2.1.bias to zeros
Initialize generator.blocks.8.convs2.0.1.bias to zeros
Initialize generator.blocks.8.convs2.1.1.bias to zeros
Initialize generator.blocks.8.convs2.2.1.bias to zeros
Initialize generator.blocks.9.convs1.0.1.bias to zeros
Initialize generator.blocks.9.convs1.1.1.bias to zeros
Initialize generator.blocks.9.convs1.2.1.bias to zeros
Initialize generator.blocks.9.convs2.0.1.bias to zeros
Initialize generator.blocks.9.convs2.1.1.bias to zeros
Initialize generator.blocks.9.convs2.2.1.bias to zeros
Initialize generator.blocks.10.convs1.0.1.bias to zeros
Initialize generator.blocks.10.convs1.1.1.bias to zeros
Initialize generator.blocks.10.convs1.2.1.bias to zeros
Initialize generator.blocks.10.convs2.0.1.bias to zeros
Initialize generator.blocks.10.convs2.1.1.bias to zeros
Initialize generator.blocks.10.convs2.2.1.bias to zeros
Initialize generator.blocks.11.convs1.0.1.bias to zeros
Initialize generator.blocks.11.convs1.1.1.bias to zeros
Initialize generator.blocks.11.convs1.2.1.bias to zeros
Initialize generator.blocks.11.convs2.0.1.bias to zeros
Initialize generator.blocks.11.convs2.1.1.bias to zeros
Initialize generator.blocks.11.convs2.2.1.bias to zeros
Initialize generator.output_conv.1.bias to zeros
Traceback (most recent call last):
  File "/home/uesugi/miniconda3/envs/espnet_custom/lib/python3.9/runpy.py", line 197, in _run_module_as_main
    return _run_code(code, main_globals, None,
  File "/home/uesugi/miniconda3/envs/espnet_custom/lib/python3.9/runpy.py", line 87, in _run_code
    exec(code, run_globals)
  File "/home/uesugi/espnet-for-customize-jets/espnet2/bin/gan_tts_train.py", line 22, in <module>
    main()
  File "/home/uesugi/espnet-for-customize-jets/espnet2/bin/gan_tts_train.py", line 18, in main
    GANTTSTask.main(cmd=cmd)
  File "/home/uesugi/espnet-for-customize-jets/espnet2/tasks/abs_task.py", line 1225, in main
    cls.main_worker(args)
  File "/home/uesugi/espnet-for-customize-jets/espnet2/tasks/abs_task.py", line 1357, in main_worker
    model = cls.build_model(args=args)
  File "/home/uesugi/espnet-for-customize-jets/espnet2/tasks/gan_tts.py", line 386, in build_model
    d0_extract = d0_extract_class(
TypeError: __init__() got an unexpected keyword argument 'fmin'
# Accounting: time=80 threads=1
# Ended (code 1) at Tue Jul  1 10:36:31 JST 2025, elapsed time 80 seconds
# python3 -m espnet2.bin.gan_tts_train --collect_stats true --write_collected_feats true --use_preprocessor true --token_type phn --token_list dump/22.05k/token_list/phn_jaconv_pyopenjtalk_prosody/tokens.txt --non_linguistic_symbols none --cleaner jaconv --g2p pyopenjtalk_prosody --normalize none --pitch_normalize none --energy_normalize none --d0_normalize none --train_data_path_and_name_and_type dump/22.05k/raw/tr_no_dev/text,text,text --train_data_path_and_name_and_type dump/22.05k/raw/tr_no_dev/wav.scp,speech,sound --valid_data_path_and_name_and_type dump/22.05k/raw/dev/text,text,text --valid_data_path_and_name_and_type dump/22.05k/raw/dev/wav.scp,speech,sound --train_shape_file exp/22.05k/tts_stats_raw_phn_jaconv_pyopenjtalk_prosody/logdir/train.17.scp --valid_shape_file exp/22.05k/tts_stats_raw_phn_jaconv_pyopenjtalk_prosody/logdir/valid.17.scp --output_dir exp/22.05k/tts_stats_raw_phn_jaconv_pyopenjtalk_prosody/logdir/stats.17 --config conf/tuning/train_jets_22.05k.yaml --feats_extract fbank --feats_extract_conf n_fft=1024 --feats_extract_conf hop_length=256 --feats_extract_conf win_length=null --feats_extract_conf fs=22050 --feats_extract_conf fmin=80 --feats_extract_conf fmax=7600 --feats_extract_conf n_mels=80 --pitch_extract_conf fs=22050 --pitch_extract_conf n_fft=1024 --pitch_extract_conf hop_length=256 --pitch_extract_conf f0max=400 --pitch_extract_conf f0min=80 --energy_extract_conf fs=22050 --energy_extract_conf n_fft=1024 --energy_extract_conf hop_length=256 --energy_extract_conf win_length=null --d0_extract_conf fs=22050 --d0_extract_conf n_fft=1024 --d0_extract_conf hop_length=256 --d0_extract_conf win_length=null --d0_extract_conf fmin=80 --d0_extract_conf fmax=7600 --d0_extract_conf n_mels=80 
# Started at Tue Jul  1 10:35:09 JST 2025
#
/home/uesugi/miniconda3/envs/espnet_custom/bin/python3 /home/uesugi/espnet-for-customize-jets/espnet2/bin/gan_tts_train.py --collect_stats true --write_collected_feats true --use_preprocessor true --token_type phn --token_list dump/22.05k/token_list/phn_jaconv_pyopenjtalk_prosody/tokens.txt --non_linguistic_symbols none --cleaner jaconv --g2p pyopenjtalk_prosody --normalize none --pitch_normalize none --energy_normalize none --d0_normalize none --train_data_path_and_name_and_type dump/22.05k/raw/tr_no_dev/text,text,text --train_data_path_and_name_and_type dump/22.05k/raw/tr_no_dev/wav.scp,speech,sound --valid_data_path_and_name_and_type dump/22.05k/raw/dev/text,text,text --valid_data_path_and_name_and_type dump/22.05k/raw/dev/wav.scp,speech,sound --train_shape_file exp/22.05k/tts_stats_raw_phn_jaconv_pyopenjtalk_prosody/logdir/train.17.scp --valid_shape_file exp/22.05k/tts_stats_raw_phn_jaconv_pyopenjtalk_prosody/logdir/valid.17.scp --output_dir exp/22.05k/tts_stats_raw_phn_jaconv_pyopenjtalk_prosody/logdir/stats.17 --config conf/tuning/train_jets_22.05k.yaml --feats_extract fbank --feats_extract_conf n_fft=1024 --feats_extract_conf hop_length=256 --feats_extract_conf win_length=null --feats_extract_conf fs=22050 --feats_extract_conf fmin=80 --feats_extract_conf fmax=7600 --feats_extract_conf n_mels=80 --pitch_extract_conf fs=22050 --pitch_extract_conf n_fft=1024 --pitch_extract_conf hop_length=256 --pitch_extract_conf f0max=400 --pitch_extract_conf f0min=80 --energy_extract_conf fs=22050 --energy_extract_conf n_fft=1024 --energy_extract_conf hop_length=256 --energy_extract_conf win_length=null --d0_extract_conf fs=22050 --d0_extract_conf n_fft=1024 --d0_extract_conf hop_length=256 --d0_extract_conf win_length=null --d0_extract_conf fmin=80 --d0_extract_conf fmax=7600 --d0_extract_conf n_mels=80
Failed to import Flash Attention, using ESPnet default: libcudart.so.12: cannot open shared object file: No such file or directory
Vocabulary size: 47
encoder self-attention layer type = self-attention
encoder self-attention layer type = self-attention
/home/uesugi/miniconda3/envs/espnet_custom/lib/python3.9/site-packages/torch/nn/utils/weight_norm.py:143: FutureWarning: `torch.nn.utils.weight_norm` is deprecated in favor of `torch.nn.utils.parametrizations.weight_norm`.
  WeightNorm.apply(module, name, dim)
Initialize encoder.encoders.0.self_attn.linear_q.bias to zeros
Initialize encoder.encoders.0.self_attn.linear_k.bias to zeros
Initialize encoder.encoders.0.self_attn.linear_v.bias to zeros
Initialize encoder.encoders.0.self_attn.linear_out.bias to zeros
Initialize encoder.encoders.0.feed_forward.w_1.bias to zeros
Initialize encoder.encoders.0.feed_forward.w_2.bias to zeros
Initialize encoder.encoders.0.norm1.bias to zeros
Initialize encoder.encoders.0.norm2.bias to zeros
Initialize encoder.encoders.1.self_attn.linear_q.bias to zeros
Initialize encoder.encoders.1.self_attn.linear_k.bias to zeros
Initialize encoder.encoders.1.self_attn.linear_v.bias to zeros
Initialize encoder.encoders.1.self_attn.linear_out.bias to zeros
Initialize encoder.encoders.1.feed_forward.w_1.bias to zeros
Initialize encoder.encoders.1.feed_forward.w_2.bias to zeros
Initialize encoder.encoders.1.norm1.bias to zeros
Initialize encoder.encoders.1.norm2.bias to zeros
Initialize encoder.encoders.2.self_attn.linear_q.bias to zeros
Initialize encoder.encoders.2.self_attn.linear_k.bias to zeros
Initialize encoder.encoders.2.self_attn.linear_v.bias to zeros
Initialize encoder.encoders.2.self_attn.linear_out.bias to zeros
Initialize encoder.encoders.2.feed_forward.w_1.bias to zeros
Initialize encoder.encoders.2.feed_forward.w_2.bias to zeros
Initialize encoder.encoders.2.norm1.bias to zeros
Initialize encoder.encoders.2.norm2.bias to zeros
Initialize encoder.encoders.3.self_attn.linear_q.bias to zeros
Initialize encoder.encoders.3.self_attn.linear_k.bias to zeros
Initialize encoder.encoders.3.self_attn.linear_v.bias to zeros
Initialize encoder.encoders.3.self_attn.linear_out.bias to zeros
Initialize encoder.encoders.3.feed_forward.w_1.bias to zeros
Initialize encoder.encoders.3.feed_forward.w_2.bias to zeros
Initialize encoder.encoders.3.norm1.bias to zeros
Initialize encoder.encoders.3.norm2.bias to zeros
Initialize encoder.after_norm.bias to zeros
Initialize duration_predictor.conv.0.0.bias to zeros
Initialize duration_predictor.conv.0.2.bias to zeros
Initialize duration_predictor.conv.1.0.bias to zeros
Initialize duration_predictor.conv.1.2.bias to zeros
Initialize duration_predictor.linear.bias to zeros
Initialize pitch_predictor.conv.0.0.bias to zeros
Initialize pitch_predictor.conv.0.2.bias to zeros
Initialize pitch_predictor.conv.1.0.bias to zeros
Initialize pitch_predictor.conv.1.2.bias to zeros
Initialize pitch_predictor.conv.2.0.bias to zeros
Initialize pitch_predictor.conv.2.2.bias to zeros
Initialize pitch_predictor.conv.3.0.bias to zeros
Initialize pitch_predictor.conv.3.2.bias to zeros
Initialize pitch_predictor.conv.4.0.bias to zeros
Initialize pitch_predictor.conv.4.2.bias to zeros
Initialize pitch_predictor.linear.bias to zeros
Initialize pitch_embed.0.bias to zeros
Initialize energy_predictor.conv.0.0.bias to zeros
Initialize energy_predictor.conv.0.2.bias to zeros
Initialize energy_predictor.conv.1.0.bias to zeros
Initialize energy_predictor.conv.1.2.bias to zeros
Initialize energy_predictor.linear.bias to zeros
Initialize energy_embed.0.bias to zeros
Initialize d0_predictor.conv.0.0.bias to zeros
Initialize d0_predictor.conv.0.2.bias to zeros
Initialize d0_predictor.conv.1.0.bias to zeros
Initialize d0_predictor.conv.1.2.bias to zeros
Initialize d0_predictor.linear.bias to zeros
Initialize d0_embed.0.bias to zeros
Initialize alignment_module.t_conv1.bias to zeros
Initialize alignment_module.t_conv2.bias to zeros
Initialize alignment_module.f_conv1.bias to zeros
Initialize alignment_module.f_conv2.bias to zeros
Initialize alignment_module.f_conv3.bias to zeros
Initialize decoder.encoders.0.self_attn.linear_q.bias to zeros
Initialize decoder.encoders.0.self_attn.linear_k.bias to zeros
Initialize decoder.encoders.0.self_attn.linear_v.bias to zeros
Initialize decoder.encoders.0.self_attn.linear_out.bias to zeros
Initialize decoder.encoders.0.feed_forward.w_1.bias to zeros
Initialize decoder.encoders.0.feed_forward.w_2.bias to zeros
Initialize decoder.encoders.0.norm1.bias to zeros
Initialize decoder.encoders.0.norm2.bias to zeros
Initialize decoder.encoders.1.self_attn.linear_q.bias to zeros
Initialize decoder.encoders.1.self_attn.linear_k.bias to zeros
Initialize decoder.encoders.1.self_attn.linear_v.bias to zeros
Initialize decoder.encoders.1.self_attn.linear_out.bias to zeros
Initialize decoder.encoders.1.feed_forward.w_1.bias to zeros
Initialize decoder.encoders.1.feed_forward.w_2.bias to zeros
Initialize decoder.encoders.1.norm1.bias to zeros
Initialize decoder.encoders.1.norm2.bias to zeros
Initialize decoder.encoders.2.self_attn.linear_q.bias to zeros
Initialize decoder.encoders.2.self_attn.linear_k.bias to zeros
Initialize decoder.encoders.2.self_attn.linear_v.bias to zeros
Initialize decoder.encoders.2.self_attn.linear_out.bias to zeros
Initialize decoder.encoders.2.feed_forward.w_1.bias to zeros
Initialize decoder.encoders.2.feed_forward.w_2.bias to zeros
Initialize decoder.encoders.2.norm1.bias to zeros
Initialize decoder.encoders.2.norm2.bias to zeros
Initialize decoder.encoders.3.self_attn.linear_q.bias to zeros
Initialize decoder.encoders.3.self_attn.linear_k.bias to zeros
Initialize decoder.encoders.3.self_attn.linear_v.bias to zeros
Initialize decoder.encoders.3.self_attn.linear_out.bias to zeros
Initialize decoder.encoders.3.feed_forward.w_1.bias to zeros
Initialize decoder.encoders.3.feed_forward.w_2.bias to zeros
Initialize decoder.encoders.3.norm1.bias to zeros
Initialize decoder.encoders.3.norm2.bias to zeros
Initialize decoder.after_norm.bias to zeros
Initialize generator.input_conv.bias to zeros
Initialize generator.upsamples.0.1.bias to zeros
Initialize generator.upsamples.1.1.bias to zeros
Initialize generator.upsamples.2.1.bias to zeros
Initialize generator.upsamples.3.1.bias to zeros
Initialize generator.blocks.0.convs1.0.1.bias to zeros
Initialize generator.blocks.0.convs1.1.1.bias to zeros
Initialize generator.blocks.0.convs1.2.1.bias to zeros
Initialize generator.blocks.0.convs2.0.1.bias to zeros
Initialize generator.blocks.0.convs2.1.1.bias to zeros
Initialize generator.blocks.0.convs2.2.1.bias to zeros
Initialize generator.blocks.1.convs1.0.1.bias to zeros
Initialize generator.blocks.1.convs1.1.1.bias to zeros
Initialize generator.blocks.1.convs1.2.1.bias to zeros
Initialize generator.blocks.1.convs2.0.1.bias to zeros
Initialize generator.blocks.1.convs2.1.1.bias to zeros
Initialize generator.blocks.1.convs2.2.1.bias to zeros
Initialize generator.blocks.2.convs1.0.1.bias to zeros
Initialize generator.blocks.2.convs1.1.1.bias to zeros
Initialize generator.blocks.2.convs1.2.1.bias to zeros
Initialize generator.blocks.2.convs2.0.1.bias to zeros
Initialize generator.blocks.2.convs2.1.1.bias to zeros
Initialize generator.blocks.2.convs2.2.1.bias to zeros
Initialize generator.blocks.3.convs1.0.1.bias to zeros
Initialize generator.blocks.3.convs1.1.1.bias to zeros
Initialize generator.blocks.3.convs1.2.1.bias to zeros
Initialize generator.blocks.3.convs2.0.1.bias to zeros
Initialize generator.blocks.3.convs2.1.1.bias to zeros
Initialize generator.blocks.3.convs2.2.1.bias to zeros
Initialize generator.blocks.4.convs1.0.1.bias to zeros
Initialize generator.blocks.4.convs1.1.1.bias to zeros
Initialize generator.blocks.4.convs1.2.1.bias to zeros
Initialize generator.blocks.4.convs2.0.1.bias to zeros
Initialize generator.blocks.4.convs2.1.1.bias to zeros
Initialize generator.blocks.4.convs2.2.1.bias to zeros
Initialize generator.blocks.5.convs1.0.1.bias to zeros
Initialize generator.blocks.5.convs1.1.1.bias to zeros
Initialize generator.blocks.5.convs1.2.1.bias to zeros
Initialize generator.blocks.5.convs2.0.1.bias to zeros
Initialize generator.blocks.5.convs2.1.1.bias to zeros
Initialize generator.blocks.5.convs2.2.1.bias to zeros
Initialize generator.blocks.6.convs1.0.1.bias to zeros
Initialize generator.blocks.6.convs1.1.1.bias to zeros
Initialize generator.blocks.6.convs1.2.1.bias to zeros
Initialize generator.blocks.6.convs2.0.1.bias to zeros
Initialize generator.blocks.6.convs2.1.1.bias to zeros
Initialize generator.blocks.6.convs2.2.1.bias to zeros
Initialize generator.blocks.7.convs1.0.1.bias to zeros
Initialize generator.blocks.7.convs1.1.1.bias to zeros
Initialize generator.blocks.7.convs1.2.1.bias to zeros
Initialize generator.blocks.7.convs2.0.1.bias to zeros
Initialize generator.blocks.7.convs2.1.1.bias to zeros
Initialize generator.blocks.7.convs2.2.1.bias to zeros
Initialize generator.blocks.8.convs1.0.1.bias to zeros
Initialize generator.blocks.8.convs1.1.1.bias to zeros
Initialize generator.blocks.8.convs1.2.1.bias to zeros
Initialize generator.blocks.8.convs2.0.1.bias to zeros
Initialize generator.blocks.8.convs2.1.1.bias to zeros
Initialize generator.blocks.8.convs2.2.1.bias to zeros
Initialize generator.blocks.9.convs1.0.1.bias to zeros
Initialize generator.blocks.9.convs1.1.1.bias to zeros
Initialize generator.blocks.9.convs1.2.1.bias to zeros
Initialize generator.blocks.9.convs2.0.1.bias to zeros
Initialize generator.blocks.9.convs2.1.1.bias to zeros
Initialize generator.blocks.9.convs2.2.1.bias to zeros
Initialize generator.blocks.10.convs1.0.1.bias to zeros
Initialize generator.blocks.10.convs1.1.1.bias to zeros
Initialize generator.blocks.10.convs1.2.1.bias to zeros
Initialize generator.blocks.10.convs2.0.1.bias to zeros
Initialize generator.blocks.10.convs2.1.1.bias to zeros
Initialize generator.blocks.10.convs2.2.1.bias to zeros
Initialize generator.blocks.11.convs1.0.1.bias to zeros
Initialize generator.blocks.11.convs1.1.1.bias to zeros
Initialize generator.blocks.11.convs1.2.1.bias to zeros
Initialize generator.blocks.11.convs2.0.1.bias to zeros
Initialize generator.blocks.11.convs2.1.1.bias to zeros
Initialize generator.blocks.11.convs2.2.1.bias to zeros
Initialize generator.output_conv.1.bias to zeros
Traceback (most recent call last):
  File "/home/uesugi/miniconda3/envs/espnet_custom/lib/python3.9/runpy.py", line 197, in _run_module_as_main
    return _run_code(code, main_globals, None,
  File "/home/uesugi/miniconda3/envs/espnet_custom/lib/python3.9/runpy.py", line 87, in _run_code
    exec(code, run_globals)
  File "/home/uesugi/espnet-for-customize-jets/espnet2/bin/gan_tts_train.py", line 22, in <module>
    main()
  File "/home/uesugi/espnet-for-customize-jets/espnet2/bin/gan_tts_train.py", line 18, in main
    GANTTSTask.main(cmd=cmd)
  File "/home/uesugi/espnet-for-customize-jets/espnet2/tasks/abs_task.py", line 1225, in main
    cls.main_worker(args)
  File "/home/uesugi/espnet-for-customize-jets/espnet2/tasks/abs_task.py", line 1357, in main_worker
    model = cls.build_model(args=args)
  File "/home/uesugi/espnet-for-customize-jets/espnet2/tasks/gan_tts.py", line 386, in build_model
    d0_extract = d0_extract_class(
TypeError: __init__() got an unexpected keyword argument 'fmin'
# Accounting: time=75 threads=1
# Ended (code 1) at Tue Jul  1 10:36:25 JST 2025, elapsed time 75 seconds
# python3 -m espnet2.bin.gan_tts_train --collect_stats true --write_collected_feats true --use_preprocessor true --token_type phn --token_list dump/22.05k/token_list/phn_jaconv_pyopenjtalk_prosody/tokens.txt --non_linguistic_symbols none --cleaner jaconv --g2p pyopenjtalk_prosody --normalize none --pitch_normalize none --energy_normalize none --d0_normalize none --train_data_path_and_name_and_type dump/22.05k/raw/tr_no_dev/text,text,text --train_data_path_and_name_and_type dump/22.05k/raw/tr_no_dev/wav.scp,speech,sound --valid_data_path_and_name_and_type dump/22.05k/raw/dev/text,text,text --valid_data_path_and_name_and_type dump/22.05k/raw/dev/wav.scp,speech,sound --train_shape_file exp/22.05k/tts_stats_raw_phn_jaconv_pyopenjtalk_prosody/logdir/train.18.scp --valid_shape_file exp/22.05k/tts_stats_raw_phn_jaconv_pyopenjtalk_prosody/logdir/valid.18.scp --output_dir exp/22.05k/tts_stats_raw_phn_jaconv_pyopenjtalk_prosody/logdir/stats.18 --config conf/tuning/train_jets_22.05k.yaml --feats_extract fbank --feats_extract_conf n_fft=1024 --feats_extract_conf hop_length=256 --feats_extract_conf win_length=null --feats_extract_conf fs=22050 --feats_extract_conf fmin=80 --feats_extract_conf fmax=7600 --feats_extract_conf n_mels=80 --pitch_extract_conf fs=22050 --pitch_extract_conf n_fft=1024 --pitch_extract_conf hop_length=256 --pitch_extract_conf f0max=400 --pitch_extract_conf f0min=80 --energy_extract_conf fs=22050 --energy_extract_conf n_fft=1024 --energy_extract_conf hop_length=256 --energy_extract_conf win_length=null --d0_extract_conf fs=22050 --d0_extract_conf n_fft=1024 --d0_extract_conf hop_length=256 --d0_extract_conf win_length=null --d0_extract_conf fmin=80 --d0_extract_conf fmax=7600 --d0_extract_conf n_mels=80 
# Started at Tue Jul  1 10:35:10 JST 2025
#
/home/uesugi/miniconda3/envs/espnet_custom/bin/python3 /home/uesugi/espnet-for-customize-jets/espnet2/bin/gan_tts_train.py --collect_stats true --write_collected_feats true --use_preprocessor true --token_type phn --token_list dump/22.05k/token_list/phn_jaconv_pyopenjtalk_prosody/tokens.txt --non_linguistic_symbols none --cleaner jaconv --g2p pyopenjtalk_prosody --normalize none --pitch_normalize none --energy_normalize none --d0_normalize none --train_data_path_and_name_and_type dump/22.05k/raw/tr_no_dev/text,text,text --train_data_path_and_name_and_type dump/22.05k/raw/tr_no_dev/wav.scp,speech,sound --valid_data_path_and_name_and_type dump/22.05k/raw/dev/text,text,text --valid_data_path_and_name_and_type dump/22.05k/raw/dev/wav.scp,speech,sound --train_shape_file exp/22.05k/tts_stats_raw_phn_jaconv_pyopenjtalk_prosody/logdir/train.18.scp --valid_shape_file exp/22.05k/tts_stats_raw_phn_jaconv_pyopenjtalk_prosody/logdir/valid.18.scp --output_dir exp/22.05k/tts_stats_raw_phn_jaconv_pyopenjtalk_prosody/logdir/stats.18 --config conf/tuning/train_jets_22.05k.yaml --feats_extract fbank --feats_extract_conf n_fft=1024 --feats_extract_conf hop_length=256 --feats_extract_conf win_length=null --feats_extract_conf fs=22050 --feats_extract_conf fmin=80 --feats_extract_conf fmax=7600 --feats_extract_conf n_mels=80 --pitch_extract_conf fs=22050 --pitch_extract_conf n_fft=1024 --pitch_extract_conf hop_length=256 --pitch_extract_conf f0max=400 --pitch_extract_conf f0min=80 --energy_extract_conf fs=22050 --energy_extract_conf n_fft=1024 --energy_extract_conf hop_length=256 --energy_extract_conf win_length=null --d0_extract_conf fs=22050 --d0_extract_conf n_fft=1024 --d0_extract_conf hop_length=256 --d0_extract_conf win_length=null --d0_extract_conf fmin=80 --d0_extract_conf fmax=7600 --d0_extract_conf n_mels=80
Failed to import Flash Attention, using ESPnet default: libcudart.so.12: cannot open shared object file: No such file or directory
Vocabulary size: 47
encoder self-attention layer type = self-attention
encoder self-attention layer type = self-attention
/home/uesugi/miniconda3/envs/espnet_custom/lib/python3.9/site-packages/torch/nn/utils/weight_norm.py:143: FutureWarning: `torch.nn.utils.weight_norm` is deprecated in favor of `torch.nn.utils.parametrizations.weight_norm`.
  WeightNorm.apply(module, name, dim)
Initialize encoder.encoders.0.self_attn.linear_q.bias to zeros
Initialize encoder.encoders.0.self_attn.linear_k.bias to zeros
Initialize encoder.encoders.0.self_attn.linear_v.bias to zeros
Initialize encoder.encoders.0.self_attn.linear_out.bias to zeros
Initialize encoder.encoders.0.feed_forward.w_1.bias to zeros
Initialize encoder.encoders.0.feed_forward.w_2.bias to zeros
Initialize encoder.encoders.0.norm1.bias to zeros
Initialize encoder.encoders.0.norm2.bias to zeros
Initialize encoder.encoders.1.self_attn.linear_q.bias to zeros
Initialize encoder.encoders.1.self_attn.linear_k.bias to zeros
Initialize encoder.encoders.1.self_attn.linear_v.bias to zeros
Initialize encoder.encoders.1.self_attn.linear_out.bias to zeros
Initialize encoder.encoders.1.feed_forward.w_1.bias to zeros
Initialize encoder.encoders.1.feed_forward.w_2.bias to zeros
Initialize encoder.encoders.1.norm1.bias to zeros
Initialize encoder.encoders.1.norm2.bias to zeros
Initialize encoder.encoders.2.self_attn.linear_q.bias to zeros
Initialize encoder.encoders.2.self_attn.linear_k.bias to zeros
Initialize encoder.encoders.2.self_attn.linear_v.bias to zeros
Initialize encoder.encoders.2.self_attn.linear_out.bias to zeros
Initialize encoder.encoders.2.feed_forward.w_1.bias to zeros
Initialize encoder.encoders.2.feed_forward.w_2.bias to zeros
Initialize encoder.encoders.2.norm1.bias to zeros
Initialize encoder.encoders.2.norm2.bias to zeros
Initialize encoder.encoders.3.self_attn.linear_q.bias to zeros
Initialize encoder.encoders.3.self_attn.linear_k.bias to zeros
Initialize encoder.encoders.3.self_attn.linear_v.bias to zeros
Initialize encoder.encoders.3.self_attn.linear_out.bias to zeros
Initialize encoder.encoders.3.feed_forward.w_1.bias to zeros
Initialize encoder.encoders.3.feed_forward.w_2.bias to zeros
Initialize encoder.encoders.3.norm1.bias to zeros
Initialize encoder.encoders.3.norm2.bias to zeros
Initialize encoder.after_norm.bias to zeros
Initialize duration_predictor.conv.0.0.bias to zeros
Initialize duration_predictor.conv.0.2.bias to zeros
Initialize duration_predictor.conv.1.0.bias to zeros
Initialize duration_predictor.conv.1.2.bias to zeros
Initialize duration_predictor.linear.bias to zeros
Initialize pitch_predictor.conv.0.0.bias to zeros
Initialize pitch_predictor.conv.0.2.bias to zeros
Initialize pitch_predictor.conv.1.0.bias to zeros
Initialize pitch_predictor.conv.1.2.bias to zeros
Initialize pitch_predictor.conv.2.0.bias to zeros
Initialize pitch_predictor.conv.2.2.bias to zeros
Initialize pitch_predictor.conv.3.0.bias to zeros
Initialize pitch_predictor.conv.3.2.bias to zeros
Initialize pitch_predictor.conv.4.0.bias to zeros
Initialize pitch_predictor.conv.4.2.bias to zeros
Initialize pitch_predictor.linear.bias to zeros
Initialize pitch_embed.0.bias to zeros
Initialize energy_predictor.conv.0.0.bias to zeros
Initialize energy_predictor.conv.0.2.bias to zeros
Initialize energy_predictor.conv.1.0.bias to zeros
Initialize energy_predictor.conv.1.2.bias to zeros
Initialize energy_predictor.linear.bias to zeros
Initialize energy_embed.0.bias to zeros
Initialize d0_predictor.conv.0.0.bias to zeros
Initialize d0_predictor.conv.0.2.bias to zeros
Initialize d0_predictor.conv.1.0.bias to zeros
Initialize d0_predictor.conv.1.2.bias to zeros
Initialize d0_predictor.linear.bias to zeros
Initialize d0_embed.0.bias to zeros
Initialize alignment_module.t_conv1.bias to zeros
Initialize alignment_module.t_conv2.bias to zeros
Initialize alignment_module.f_conv1.bias to zeros
Initialize alignment_module.f_conv2.bias to zeros
Initialize alignment_module.f_conv3.bias to zeros
Initialize decoder.encoders.0.self_attn.linear_q.bias to zeros
Initialize decoder.encoders.0.self_attn.linear_k.bias to zeros
Initialize decoder.encoders.0.self_attn.linear_v.bias to zeros
Initialize decoder.encoders.0.self_attn.linear_out.bias to zeros
Initialize decoder.encoders.0.feed_forward.w_1.bias to zeros
Initialize decoder.encoders.0.feed_forward.w_2.bias to zeros
Initialize decoder.encoders.0.norm1.bias to zeros
Initialize decoder.encoders.0.norm2.bias to zeros
Initialize decoder.encoders.1.self_attn.linear_q.bias to zeros
Initialize decoder.encoders.1.self_attn.linear_k.bias to zeros
Initialize decoder.encoders.1.self_attn.linear_v.bias to zeros
Initialize decoder.encoders.1.self_attn.linear_out.bias to zeros
Initialize decoder.encoders.1.feed_forward.w_1.bias to zeros
Initialize decoder.encoders.1.feed_forward.w_2.bias to zeros
Initialize decoder.encoders.1.norm1.bias to zeros
Initialize decoder.encoders.1.norm2.bias to zeros
Initialize decoder.encoders.2.self_attn.linear_q.bias to zeros
Initialize decoder.encoders.2.self_attn.linear_k.bias to zeros
Initialize decoder.encoders.2.self_attn.linear_v.bias to zeros
Initialize decoder.encoders.2.self_attn.linear_out.bias to zeros
Initialize decoder.encoders.2.feed_forward.w_1.bias to zeros
Initialize decoder.encoders.2.feed_forward.w_2.bias to zeros
Initialize decoder.encoders.2.norm1.bias to zeros
Initialize decoder.encoders.2.norm2.bias to zeros
Initialize decoder.encoders.3.self_attn.linear_q.bias to zeros
Initialize decoder.encoders.3.self_attn.linear_k.bias to zeros
Initialize decoder.encoders.3.self_attn.linear_v.bias to zeros
Initialize decoder.encoders.3.self_attn.linear_out.bias to zeros
Initialize decoder.encoders.3.feed_forward.w_1.bias to zeros
Initialize decoder.encoders.3.feed_forward.w_2.bias to zeros
Initialize decoder.encoders.3.norm1.bias to zeros
Initialize decoder.encoders.3.norm2.bias to zeros
Initialize decoder.after_norm.bias to zeros
Initialize generator.input_conv.bias to zeros
Initialize generator.upsamples.0.1.bias to zeros
Initialize generator.upsamples.1.1.bias to zeros
Initialize generator.upsamples.2.1.bias to zeros
Initialize generator.upsamples.3.1.bias to zeros
Initialize generator.blocks.0.convs1.0.1.bias to zeros
Initialize generator.blocks.0.convs1.1.1.bias to zeros
Initialize generator.blocks.0.convs1.2.1.bias to zeros
Initialize generator.blocks.0.convs2.0.1.bias to zeros
Initialize generator.blocks.0.convs2.1.1.bias to zeros
Initialize generator.blocks.0.convs2.2.1.bias to zeros
Initialize generator.blocks.1.convs1.0.1.bias to zeros
Initialize generator.blocks.1.convs1.1.1.bias to zeros
Initialize generator.blocks.1.convs1.2.1.bias to zeros
Initialize generator.blocks.1.convs2.0.1.bias to zeros
Initialize generator.blocks.1.convs2.1.1.bias to zeros
Initialize generator.blocks.1.convs2.2.1.bias to zeros
Initialize generator.blocks.2.convs1.0.1.bias to zeros
Initialize generator.blocks.2.convs1.1.1.bias to zeros
Initialize generator.blocks.2.convs1.2.1.bias to zeros
Initialize generator.blocks.2.convs2.0.1.bias to zeros
Initialize generator.blocks.2.convs2.1.1.bias to zeros
Initialize generator.blocks.2.convs2.2.1.bias to zeros
Initialize generator.blocks.3.convs1.0.1.bias to zeros
Initialize generator.blocks.3.convs1.1.1.bias to zeros
Initialize generator.blocks.3.convs1.2.1.bias to zeros
Initialize generator.blocks.3.convs2.0.1.bias to zeros
Initialize generator.blocks.3.convs2.1.1.bias to zeros
Initialize generator.blocks.3.convs2.2.1.bias to zeros
Initialize generator.blocks.4.convs1.0.1.bias to zeros
Initialize generator.blocks.4.convs1.1.1.bias to zeros
Initialize generator.blocks.4.convs1.2.1.bias to zeros
Initialize generator.blocks.4.convs2.0.1.bias to zeros
Initialize generator.blocks.4.convs2.1.1.bias to zeros
Initialize generator.blocks.4.convs2.2.1.bias to zeros
Initialize generator.blocks.5.convs1.0.1.bias to zeros
Initialize generator.blocks.5.convs1.1.1.bias to zeros
Initialize generator.blocks.5.convs1.2.1.bias to zeros
Initialize generator.blocks.5.convs2.0.1.bias to zeros
Initialize generator.blocks.5.convs2.1.1.bias to zeros
Initialize generator.blocks.5.convs2.2.1.bias to zeros
Initialize generator.blocks.6.convs1.0.1.bias to zeros
Initialize generator.blocks.6.convs1.1.1.bias to zeros
Initialize generator.blocks.6.convs1.2.1.bias to zeros
Initialize generator.blocks.6.convs2.0.1.bias to zeros
Initialize generator.blocks.6.convs2.1.1.bias to zeros
Initialize generator.blocks.6.convs2.2.1.bias to zeros
Initialize generator.blocks.7.convs1.0.1.bias to zeros
Initialize generator.blocks.7.convs1.1.1.bias to zeros
Initialize generator.blocks.7.convs1.2.1.bias to zeros
Initialize generator.blocks.7.convs2.0.1.bias to zeros
Initialize generator.blocks.7.convs2.1.1.bias to zeros
Initialize generator.blocks.7.convs2.2.1.bias to zeros
Initialize generator.blocks.8.convs1.0.1.bias to zeros
Initialize generator.blocks.8.convs1.1.1.bias to zeros
Initialize generator.blocks.8.convs1.2.1.bias to zeros
Initialize generator.blocks.8.convs2.0.1.bias to zeros
Initialize generator.blocks.8.convs2.1.1.bias to zeros
Initialize generator.blocks.8.convs2.2.1.bias to zeros
Initialize generator.blocks.9.convs1.0.1.bias to zeros
Initialize generator.blocks.9.convs1.1.1.bias to zeros
Initialize generator.blocks.9.convs1.2.1.bias to zeros
Initialize generator.blocks.9.convs2.0.1.bias to zeros
Initialize generator.blocks.9.convs2.1.1.bias to zeros
Initialize generator.blocks.9.convs2.2.1.bias to zeros
Initialize generator.blocks.10.convs1.0.1.bias to zeros
Initialize generator.blocks.10.convs1.1.1.bias to zeros
Initialize generator.blocks.10.convs1.2.1.bias to zeros
Initialize generator.blocks.10.convs2.0.1.bias to zeros
Initialize generator.blocks.10.convs2.1.1.bias to zeros
Initialize generator.blocks.10.convs2.2.1.bias to zeros
Initialize generator.blocks.11.convs1.0.1.bias to zeros
Initialize generator.blocks.11.convs1.1.1.bias to zeros
Initialize generator.blocks.11.convs1.2.1.bias to zeros
Initialize generator.blocks.11.convs2.0.1.bias to zeros
Initialize generator.blocks.11.convs2.1.1.bias to zeros
Initialize generator.blocks.11.convs2.2.1.bias to zeros
Initialize generator.output_conv.1.bias to zeros
Traceback (most recent call last):
  File "/home/uesugi/miniconda3/envs/espnet_custom/lib/python3.9/runpy.py", line 197, in _run_module_as_main
    return _run_code(code, main_globals, None,
  File "/home/uesugi/miniconda3/envs/espnet_custom/lib/python3.9/runpy.py", line 87, in _run_code
    exec(code, run_globals)
  File "/home/uesugi/espnet-for-customize-jets/espnet2/bin/gan_tts_train.py", line 22, in <module>
    main()
  File "/home/uesugi/espnet-for-customize-jets/espnet2/bin/gan_tts_train.py", line 18, in main
    GANTTSTask.main(cmd=cmd)
  File "/home/uesugi/espnet-for-customize-jets/espnet2/tasks/abs_task.py", line 1225, in main
    cls.main_worker(args)
  File "/home/uesugi/espnet-for-customize-jets/espnet2/tasks/abs_task.py", line 1357, in main_worker
    model = cls.build_model(args=args)
  File "/home/uesugi/espnet-for-customize-jets/espnet2/tasks/gan_tts.py", line 386, in build_model
    d0_extract = d0_extract_class(
TypeError: __init__() got an unexpected keyword argument 'fmin'
# Accounting: time=78 threads=1
# Ended (code 1) at Tue Jul  1 10:36:28 JST 2025, elapsed time 78 seconds
# python3 -m espnet2.bin.gan_tts_train --collect_stats true --write_collected_feats true --use_preprocessor true --token_type phn --token_list dump/22.05k/token_list/phn_jaconv_pyopenjtalk_prosody/tokens.txt --non_linguistic_symbols none --cleaner jaconv --g2p pyopenjtalk_prosody --normalize none --pitch_normalize none --energy_normalize none --d0_normalize none --train_data_path_and_name_and_type dump/22.05k/raw/tr_no_dev/text,text,text --train_data_path_and_name_and_type dump/22.05k/raw/tr_no_dev/wav.scp,speech,sound --valid_data_path_and_name_and_type dump/22.05k/raw/dev/text,text,text --valid_data_path_and_name_and_type dump/22.05k/raw/dev/wav.scp,speech,sound --train_shape_file exp/22.05k/tts_stats_raw_phn_jaconv_pyopenjtalk_prosody/logdir/train.19.scp --valid_shape_file exp/22.05k/tts_stats_raw_phn_jaconv_pyopenjtalk_prosody/logdir/valid.19.scp --output_dir exp/22.05k/tts_stats_raw_phn_jaconv_pyopenjtalk_prosody/logdir/stats.19 --config conf/tuning/train_jets_22.05k.yaml --feats_extract fbank --feats_extract_conf n_fft=1024 --feats_extract_conf hop_length=256 --feats_extract_conf win_length=null --feats_extract_conf fs=22050 --feats_extract_conf fmin=80 --feats_extract_conf fmax=7600 --feats_extract_conf n_mels=80 --pitch_extract_conf fs=22050 --pitch_extract_conf n_fft=1024 --pitch_extract_conf hop_length=256 --pitch_extract_conf f0max=400 --pitch_extract_conf f0min=80 --energy_extract_conf fs=22050 --energy_extract_conf n_fft=1024 --energy_extract_conf hop_length=256 --energy_extract_conf win_length=null --d0_extract_conf fs=22050 --d0_extract_conf n_fft=1024 --d0_extract_conf hop_length=256 --d0_extract_conf win_length=null --d0_extract_conf fmin=80 --d0_extract_conf fmax=7600 --d0_extract_conf n_mels=80 
# Started at Tue Jul  1 10:35:09 JST 2025
#
/home/uesugi/miniconda3/envs/espnet_custom/bin/python3 /home/uesugi/espnet-for-customize-jets/espnet2/bin/gan_tts_train.py --collect_stats true --write_collected_feats true --use_preprocessor true --token_type phn --token_list dump/22.05k/token_list/phn_jaconv_pyopenjtalk_prosody/tokens.txt --non_linguistic_symbols none --cleaner jaconv --g2p pyopenjtalk_prosody --normalize none --pitch_normalize none --energy_normalize none --d0_normalize none --train_data_path_and_name_and_type dump/22.05k/raw/tr_no_dev/text,text,text --train_data_path_and_name_and_type dump/22.05k/raw/tr_no_dev/wav.scp,speech,sound --valid_data_path_and_name_and_type dump/22.05k/raw/dev/text,text,text --valid_data_path_and_name_and_type dump/22.05k/raw/dev/wav.scp,speech,sound --train_shape_file exp/22.05k/tts_stats_raw_phn_jaconv_pyopenjtalk_prosody/logdir/train.19.scp --valid_shape_file exp/22.05k/tts_stats_raw_phn_jaconv_pyopenjtalk_prosody/logdir/valid.19.scp --output_dir exp/22.05k/tts_stats_raw_phn_jaconv_pyopenjtalk_prosody/logdir/stats.19 --config conf/tuning/train_jets_22.05k.yaml --feats_extract fbank --feats_extract_conf n_fft=1024 --feats_extract_conf hop_length=256 --feats_extract_conf win_length=null --feats_extract_conf fs=22050 --feats_extract_conf fmin=80 --feats_extract_conf fmax=7600 --feats_extract_conf n_mels=80 --pitch_extract_conf fs=22050 --pitch_extract_conf n_fft=1024 --pitch_extract_conf hop_length=256 --pitch_extract_conf f0max=400 --pitch_extract_conf f0min=80 --energy_extract_conf fs=22050 --energy_extract_conf n_fft=1024 --energy_extract_conf hop_length=256 --energy_extract_conf win_length=null --d0_extract_conf fs=22050 --d0_extract_conf n_fft=1024 --d0_extract_conf hop_length=256 --d0_extract_conf win_length=null --d0_extract_conf fmin=80 --d0_extract_conf fmax=7600 --d0_extract_conf n_mels=80
Failed to import Flash Attention, using ESPnet default: libcudart.so.12: cannot open shared object file: No such file or directory
Vocabulary size: 47
encoder self-attention layer type = self-attention
encoder self-attention layer type = self-attention
/home/uesugi/miniconda3/envs/espnet_custom/lib/python3.9/site-packages/torch/nn/utils/weight_norm.py:143: FutureWarning: `torch.nn.utils.weight_norm` is deprecated in favor of `torch.nn.utils.parametrizations.weight_norm`.
  WeightNorm.apply(module, name, dim)
Initialize encoder.encoders.0.self_attn.linear_q.bias to zeros
Initialize encoder.encoders.0.self_attn.linear_k.bias to zeros
Initialize encoder.encoders.0.self_attn.linear_v.bias to zeros
Initialize encoder.encoders.0.self_attn.linear_out.bias to zeros
Initialize encoder.encoders.0.feed_forward.w_1.bias to zeros
Initialize encoder.encoders.0.feed_forward.w_2.bias to zeros
Initialize encoder.encoders.0.norm1.bias to zeros
Initialize encoder.encoders.0.norm2.bias to zeros
Initialize encoder.encoders.1.self_attn.linear_q.bias to zeros
Initialize encoder.encoders.1.self_attn.linear_k.bias to zeros
Initialize encoder.encoders.1.self_attn.linear_v.bias to zeros
Initialize encoder.encoders.1.self_attn.linear_out.bias to zeros
Initialize encoder.encoders.1.feed_forward.w_1.bias to zeros
Initialize encoder.encoders.1.feed_forward.w_2.bias to zeros
Initialize encoder.encoders.1.norm1.bias to zeros
Initialize encoder.encoders.1.norm2.bias to zeros
Initialize encoder.encoders.2.self_attn.linear_q.bias to zeros
Initialize encoder.encoders.2.self_attn.linear_k.bias to zeros
Initialize encoder.encoders.2.self_attn.linear_v.bias to zeros
Initialize encoder.encoders.2.self_attn.linear_out.bias to zeros
Initialize encoder.encoders.2.feed_forward.w_1.bias to zeros
Initialize encoder.encoders.2.feed_forward.w_2.bias to zeros
Initialize encoder.encoders.2.norm1.bias to zeros
Initialize encoder.encoders.2.norm2.bias to zeros
Initialize encoder.encoders.3.self_attn.linear_q.bias to zeros
Initialize encoder.encoders.3.self_attn.linear_k.bias to zeros
Initialize encoder.encoders.3.self_attn.linear_v.bias to zeros
Initialize encoder.encoders.3.self_attn.linear_out.bias to zeros
Initialize encoder.encoders.3.feed_forward.w_1.bias to zeros
Initialize encoder.encoders.3.feed_forward.w_2.bias to zeros
Initialize encoder.encoders.3.norm1.bias to zeros
Initialize encoder.encoders.3.norm2.bias to zeros
Initialize encoder.after_norm.bias to zeros
Initialize duration_predictor.conv.0.0.bias to zeros
Initialize duration_predictor.conv.0.2.bias to zeros
Initialize duration_predictor.conv.1.0.bias to zeros
Initialize duration_predictor.conv.1.2.bias to zeros
Initialize duration_predictor.linear.bias to zeros
Initialize pitch_predictor.conv.0.0.bias to zeros
Initialize pitch_predictor.conv.0.2.bias to zeros
Initialize pitch_predictor.conv.1.0.bias to zeros
Initialize pitch_predictor.conv.1.2.bias to zeros
Initialize pitch_predictor.conv.2.0.bias to zeros
Initialize pitch_predictor.conv.2.2.bias to zeros
Initialize pitch_predictor.conv.3.0.bias to zeros
Initialize pitch_predictor.conv.3.2.bias to zeros
Initialize pitch_predictor.conv.4.0.bias to zeros
Initialize pitch_predictor.conv.4.2.bias to zeros
Initialize pitch_predictor.linear.bias to zeros
Initialize pitch_embed.0.bias to zeros
Initialize energy_predictor.conv.0.0.bias to zeros
Initialize energy_predictor.conv.0.2.bias to zeros
Initialize energy_predictor.conv.1.0.bias to zeros
Initialize energy_predictor.conv.1.2.bias to zeros
Initialize energy_predictor.linear.bias to zeros
Initialize energy_embed.0.bias to zeros
Initialize d0_predictor.conv.0.0.bias to zeros
Initialize d0_predictor.conv.0.2.bias to zeros
Initialize d0_predictor.conv.1.0.bias to zeros
Initialize d0_predictor.conv.1.2.bias to zeros
Initialize d0_predictor.linear.bias to zeros
Initialize d0_embed.0.bias to zeros
Initialize alignment_module.t_conv1.bias to zeros
Initialize alignment_module.t_conv2.bias to zeros
Initialize alignment_module.f_conv1.bias to zeros
Initialize alignment_module.f_conv2.bias to zeros
Initialize alignment_module.f_conv3.bias to zeros
Initialize decoder.encoders.0.self_attn.linear_q.bias to zeros
Initialize decoder.encoders.0.self_attn.linear_k.bias to zeros
Initialize decoder.encoders.0.self_attn.linear_v.bias to zeros
Initialize decoder.encoders.0.self_attn.linear_out.bias to zeros
Initialize decoder.encoders.0.feed_forward.w_1.bias to zeros
Initialize decoder.encoders.0.feed_forward.w_2.bias to zeros
Initialize decoder.encoders.0.norm1.bias to zeros
Initialize decoder.encoders.0.norm2.bias to zeros
Initialize decoder.encoders.1.self_attn.linear_q.bias to zeros
Initialize decoder.encoders.1.self_attn.linear_k.bias to zeros
Initialize decoder.encoders.1.self_attn.linear_v.bias to zeros
Initialize decoder.encoders.1.self_attn.linear_out.bias to zeros
Initialize decoder.encoders.1.feed_forward.w_1.bias to zeros
Initialize decoder.encoders.1.feed_forward.w_2.bias to zeros
Initialize decoder.encoders.1.norm1.bias to zeros
Initialize decoder.encoders.1.norm2.bias to zeros
Initialize decoder.encoders.2.self_attn.linear_q.bias to zeros
Initialize decoder.encoders.2.self_attn.linear_k.bias to zeros
Initialize decoder.encoders.2.self_attn.linear_v.bias to zeros
Initialize decoder.encoders.2.self_attn.linear_out.bias to zeros
Initialize decoder.encoders.2.feed_forward.w_1.bias to zeros
Initialize decoder.encoders.2.feed_forward.w_2.bias to zeros
Initialize decoder.encoders.2.norm1.bias to zeros
Initialize decoder.encoders.2.norm2.bias to zeros
Initialize decoder.encoders.3.self_attn.linear_q.bias to zeros
Initialize decoder.encoders.3.self_attn.linear_k.bias to zeros
Initialize decoder.encoders.3.self_attn.linear_v.bias to zeros
Initialize decoder.encoders.3.self_attn.linear_out.bias to zeros
Initialize decoder.encoders.3.feed_forward.w_1.bias to zeros
Initialize decoder.encoders.3.feed_forward.w_2.bias to zeros
Initialize decoder.encoders.3.norm1.bias to zeros
Initialize decoder.encoders.3.norm2.bias to zeros
Initialize decoder.after_norm.bias to zeros
Initialize generator.input_conv.bias to zeros
Initialize generator.upsamples.0.1.bias to zeros
Initialize generator.upsamples.1.1.bias to zeros
Initialize generator.upsamples.2.1.bias to zeros
Initialize generator.upsamples.3.1.bias to zeros
Initialize generator.blocks.0.convs1.0.1.bias to zeros
Initialize generator.blocks.0.convs1.1.1.bias to zeros
Initialize generator.blocks.0.convs1.2.1.bias to zeros
Initialize generator.blocks.0.convs2.0.1.bias to zeros
Initialize generator.blocks.0.convs2.1.1.bias to zeros
Initialize generator.blocks.0.convs2.2.1.bias to zeros
Initialize generator.blocks.1.convs1.0.1.bias to zeros
Initialize generator.blocks.1.convs1.1.1.bias to zeros
Initialize generator.blocks.1.convs1.2.1.bias to zeros
Initialize generator.blocks.1.convs2.0.1.bias to zeros
Initialize generator.blocks.1.convs2.1.1.bias to zeros
Initialize generator.blocks.1.convs2.2.1.bias to zeros
Initialize generator.blocks.2.convs1.0.1.bias to zeros
Initialize generator.blocks.2.convs1.1.1.bias to zeros
Initialize generator.blocks.2.convs1.2.1.bias to zeros
Initialize generator.blocks.2.convs2.0.1.bias to zeros
Initialize generator.blocks.2.convs2.1.1.bias to zeros
Initialize generator.blocks.2.convs2.2.1.bias to zeros
Initialize generator.blocks.3.convs1.0.1.bias to zeros
Initialize generator.blocks.3.convs1.1.1.bias to zeros
Initialize generator.blocks.3.convs1.2.1.bias to zeros
Initialize generator.blocks.3.convs2.0.1.bias to zeros
Initialize generator.blocks.3.convs2.1.1.bias to zeros
Initialize generator.blocks.3.convs2.2.1.bias to zeros
Initialize generator.blocks.4.convs1.0.1.bias to zeros
Initialize generator.blocks.4.convs1.1.1.bias to zeros
Initialize generator.blocks.4.convs1.2.1.bias to zeros
Initialize generator.blocks.4.convs2.0.1.bias to zeros
Initialize generator.blocks.4.convs2.1.1.bias to zeros
Initialize generator.blocks.4.convs2.2.1.bias to zeros
Initialize generator.blocks.5.convs1.0.1.bias to zeros
Initialize generator.blocks.5.convs1.1.1.bias to zeros
Initialize generator.blocks.5.convs1.2.1.bias to zeros
Initialize generator.blocks.5.convs2.0.1.bias to zeros
Initialize generator.blocks.5.convs2.1.1.bias to zeros
Initialize generator.blocks.5.convs2.2.1.bias to zeros
Initialize generator.blocks.6.convs1.0.1.bias to zeros
Initialize generator.blocks.6.convs1.1.1.bias to zeros
Initialize generator.blocks.6.convs1.2.1.bias to zeros
Initialize generator.blocks.6.convs2.0.1.bias to zeros
Initialize generator.blocks.6.convs2.1.1.bias to zeros
Initialize generator.blocks.6.convs2.2.1.bias to zeros
Initialize generator.blocks.7.convs1.0.1.bias to zeros
Initialize generator.blocks.7.convs1.1.1.bias to zeros
Initialize generator.blocks.7.convs1.2.1.bias to zeros
Initialize generator.blocks.7.convs2.0.1.bias to zeros
Initialize generator.blocks.7.convs2.1.1.bias to zeros
Initialize generator.blocks.7.convs2.2.1.bias to zeros
Initialize generator.blocks.8.convs1.0.1.bias to zeros
Initialize generator.blocks.8.convs1.1.1.bias to zeros
Initialize generator.blocks.8.convs1.2.1.bias to zeros
Initialize generator.blocks.8.convs2.0.1.bias to zeros
Initialize generator.blocks.8.convs2.1.1.bias to zeros
Initialize generator.blocks.8.convs2.2.1.bias to zeros
Initialize generator.blocks.9.convs1.0.1.bias to zeros
Initialize generator.blocks.9.convs1.1.1.bias to zeros
Initialize generator.blocks.9.convs1.2.1.bias to zeros
Initialize generator.blocks.9.convs2.0.1.bias to zeros
Initialize generator.blocks.9.convs2.1.1.bias to zeros
Initialize generator.blocks.9.convs2.2.1.bias to zeros
Initialize generator.blocks.10.convs1.0.1.bias to zeros
Initialize generator.blocks.10.convs1.1.1.bias to zeros
Initialize generator.blocks.10.convs1.2.1.bias to zeros
Initialize generator.blocks.10.convs2.0.1.bias to zeros
Initialize generator.blocks.10.convs2.1.1.bias to zeros
Initialize generator.blocks.10.convs2.2.1.bias to zeros
Initialize generator.blocks.11.convs1.0.1.bias to zeros
Initialize generator.blocks.11.convs1.1.1.bias to zeros
Initialize generator.blocks.11.convs1.2.1.bias to zeros
Initialize generator.blocks.11.convs2.0.1.bias to zeros
Initialize generator.blocks.11.convs2.1.1.bias to zeros
Initialize generator.blocks.11.convs2.2.1.bias to zeros
Initialize generator.output_conv.1.bias to zeros
Traceback (most recent call last):
  File "/home/uesugi/miniconda3/envs/espnet_custom/lib/python3.9/runpy.py", line 197, in _run_module_as_main
    return _run_code(code, main_globals, None,
  File "/home/uesugi/miniconda3/envs/espnet_custom/lib/python3.9/runpy.py", line 87, in _run_code
    exec(code, run_globals)
  File "/home/uesugi/espnet-for-customize-jets/espnet2/bin/gan_tts_train.py", line 22, in <module>
    main()
  File "/home/uesugi/espnet-for-customize-jets/espnet2/bin/gan_tts_train.py", line 18, in main
    GANTTSTask.main(cmd=cmd)
  File "/home/uesugi/espnet-for-customize-jets/espnet2/tasks/abs_task.py", line 1225, in main
    cls.main_worker(args)
  File "/home/uesugi/espnet-for-customize-jets/espnet2/tasks/abs_task.py", line 1357, in main_worker
    model = cls.build_model(args=args)
  File "/home/uesugi/espnet-for-customize-jets/espnet2/tasks/gan_tts.py", line 386, in build_model
    d0_extract = d0_extract_class(
TypeError: __init__() got an unexpected keyword argument 'fmin'
# Accounting: time=75 threads=1
# Ended (code 1) at Tue Jul  1 10:36:25 JST 2025, elapsed time 75 seconds
# python3 -m espnet2.bin.gan_tts_train --collect_stats true --write_collected_feats true --use_preprocessor true --token_type phn --token_list dump/22.05k/token_list/phn_jaconv_pyopenjtalk_prosody/tokens.txt --non_linguistic_symbols none --cleaner jaconv --g2p pyopenjtalk_prosody --normalize none --pitch_normalize none --energy_normalize none --d0_normalize none --train_data_path_and_name_and_type dump/22.05k/raw/tr_no_dev/text,text,text --train_data_path_and_name_and_type dump/22.05k/raw/tr_no_dev/wav.scp,speech,sound --valid_data_path_and_name_and_type dump/22.05k/raw/dev/text,text,text --valid_data_path_and_name_and_type dump/22.05k/raw/dev/wav.scp,speech,sound --train_shape_file exp/22.05k/tts_stats_raw_phn_jaconv_pyopenjtalk_prosody/logdir/train.2.scp --valid_shape_file exp/22.05k/tts_stats_raw_phn_jaconv_pyopenjtalk_prosody/logdir/valid.2.scp --output_dir exp/22.05k/tts_stats_raw_phn_jaconv_pyopenjtalk_prosody/logdir/stats.2 --config conf/tuning/train_jets_22.05k.yaml --feats_extract fbank --feats_extract_conf n_fft=1024 --feats_extract_conf hop_length=256 --feats_extract_conf win_length=null --feats_extract_conf fs=22050 --feats_extract_conf fmin=80 --feats_extract_conf fmax=7600 --feats_extract_conf n_mels=80 --pitch_extract_conf fs=22050 --pitch_extract_conf n_fft=1024 --pitch_extract_conf hop_length=256 --pitch_extract_conf f0max=400 --pitch_extract_conf f0min=80 --energy_extract_conf fs=22050 --energy_extract_conf n_fft=1024 --energy_extract_conf hop_length=256 --energy_extract_conf win_length=null --d0_extract_conf fs=22050 --d0_extract_conf n_fft=1024 --d0_extract_conf hop_length=256 --d0_extract_conf win_length=null --d0_extract_conf fmin=80 --d0_extract_conf fmax=7600 --d0_extract_conf n_mels=80 
# Started at Tue Jul  1 10:35:09 JST 2025
#
/home/uesugi/miniconda3/envs/espnet_custom/bin/python3 /home/uesugi/espnet-for-customize-jets/espnet2/bin/gan_tts_train.py --collect_stats true --write_collected_feats true --use_preprocessor true --token_type phn --token_list dump/22.05k/token_list/phn_jaconv_pyopenjtalk_prosody/tokens.txt --non_linguistic_symbols none --cleaner jaconv --g2p pyopenjtalk_prosody --normalize none --pitch_normalize none --energy_normalize none --d0_normalize none --train_data_path_and_name_and_type dump/22.05k/raw/tr_no_dev/text,text,text --train_data_path_and_name_and_type dump/22.05k/raw/tr_no_dev/wav.scp,speech,sound --valid_data_path_and_name_and_type dump/22.05k/raw/dev/text,text,text --valid_data_path_and_name_and_type dump/22.05k/raw/dev/wav.scp,speech,sound --train_shape_file exp/22.05k/tts_stats_raw_phn_jaconv_pyopenjtalk_prosody/logdir/train.2.scp --valid_shape_file exp/22.05k/tts_stats_raw_phn_jaconv_pyopenjtalk_prosody/logdir/valid.2.scp --output_dir exp/22.05k/tts_stats_raw_phn_jaconv_pyopenjtalk_prosody/logdir/stats.2 --config conf/tuning/train_jets_22.05k.yaml --feats_extract fbank --feats_extract_conf n_fft=1024 --feats_extract_conf hop_length=256 --feats_extract_conf win_length=null --feats_extract_conf fs=22050 --feats_extract_conf fmin=80 --feats_extract_conf fmax=7600 --feats_extract_conf n_mels=80 --pitch_extract_conf fs=22050 --pitch_extract_conf n_fft=1024 --pitch_extract_conf hop_length=256 --pitch_extract_conf f0max=400 --pitch_extract_conf f0min=80 --energy_extract_conf fs=22050 --energy_extract_conf n_fft=1024 --energy_extract_conf hop_length=256 --energy_extract_conf win_length=null --d0_extract_conf fs=22050 --d0_extract_conf n_fft=1024 --d0_extract_conf hop_length=256 --d0_extract_conf win_length=null --d0_extract_conf fmin=80 --d0_extract_conf fmax=7600 --d0_extract_conf n_mels=80
Failed to import Flash Attention, using ESPnet default: libcudart.so.12: cannot open shared object file: No such file or directory
Vocabulary size: 47
encoder self-attention layer type = self-attention
encoder self-attention layer type = self-attention
/home/uesugi/miniconda3/envs/espnet_custom/lib/python3.9/site-packages/torch/nn/utils/weight_norm.py:143: FutureWarning: `torch.nn.utils.weight_norm` is deprecated in favor of `torch.nn.utils.parametrizations.weight_norm`.
  WeightNorm.apply(module, name, dim)
Initialize encoder.encoders.0.self_attn.linear_q.bias to zeros
Initialize encoder.encoders.0.self_attn.linear_k.bias to zeros
Initialize encoder.encoders.0.self_attn.linear_v.bias to zeros
Initialize encoder.encoders.0.self_attn.linear_out.bias to zeros
Initialize encoder.encoders.0.feed_forward.w_1.bias to zeros
Initialize encoder.encoders.0.feed_forward.w_2.bias to zeros
Initialize encoder.encoders.0.norm1.bias to zeros
Initialize encoder.encoders.0.norm2.bias to zeros
Initialize encoder.encoders.1.self_attn.linear_q.bias to zeros
Initialize encoder.encoders.1.self_attn.linear_k.bias to zeros
Initialize encoder.encoders.1.self_attn.linear_v.bias to zeros
Initialize encoder.encoders.1.self_attn.linear_out.bias to zeros
Initialize encoder.encoders.1.feed_forward.w_1.bias to zeros
Initialize encoder.encoders.1.feed_forward.w_2.bias to zeros
Initialize encoder.encoders.1.norm1.bias to zeros
Initialize encoder.encoders.1.norm2.bias to zeros
Initialize encoder.encoders.2.self_attn.linear_q.bias to zeros
Initialize encoder.encoders.2.self_attn.linear_k.bias to zeros
Initialize encoder.encoders.2.self_attn.linear_v.bias to zeros
Initialize encoder.encoders.2.self_attn.linear_out.bias to zeros
Initialize encoder.encoders.2.feed_forward.w_1.bias to zeros
Initialize encoder.encoders.2.feed_forward.w_2.bias to zeros
Initialize encoder.encoders.2.norm1.bias to zeros
Initialize encoder.encoders.2.norm2.bias to zeros
Initialize encoder.encoders.3.self_attn.linear_q.bias to zeros
Initialize encoder.encoders.3.self_attn.linear_k.bias to zeros
Initialize encoder.encoders.3.self_attn.linear_v.bias to zeros
Initialize encoder.encoders.3.self_attn.linear_out.bias to zeros
Initialize encoder.encoders.3.feed_forward.w_1.bias to zeros
Initialize encoder.encoders.3.feed_forward.w_2.bias to zeros
Initialize encoder.encoders.3.norm1.bias to zeros
Initialize encoder.encoders.3.norm2.bias to zeros
Initialize encoder.after_norm.bias to zeros
Initialize duration_predictor.conv.0.0.bias to zeros
Initialize duration_predictor.conv.0.2.bias to zeros
Initialize duration_predictor.conv.1.0.bias to zeros
Initialize duration_predictor.conv.1.2.bias to zeros
Initialize duration_predictor.linear.bias to zeros
Initialize pitch_predictor.conv.0.0.bias to zeros
Initialize pitch_predictor.conv.0.2.bias to zeros
Initialize pitch_predictor.conv.1.0.bias to zeros
Initialize pitch_predictor.conv.1.2.bias to zeros
Initialize pitch_predictor.conv.2.0.bias to zeros
Initialize pitch_predictor.conv.2.2.bias to zeros
Initialize pitch_predictor.conv.3.0.bias to zeros
Initialize pitch_predictor.conv.3.2.bias to zeros
Initialize pitch_predictor.conv.4.0.bias to zeros
Initialize pitch_predictor.conv.4.2.bias to zeros
Initialize pitch_predictor.linear.bias to zeros
Initialize pitch_embed.0.bias to zeros
Initialize energy_predictor.conv.0.0.bias to zeros
Initialize energy_predictor.conv.0.2.bias to zeros
Initialize energy_predictor.conv.1.0.bias to zeros
Initialize energy_predictor.conv.1.2.bias to zeros
Initialize energy_predictor.linear.bias to zeros
Initialize energy_embed.0.bias to zeros
Initialize d0_predictor.conv.0.0.bias to zeros
Initialize d0_predictor.conv.0.2.bias to zeros
Initialize d0_predictor.conv.1.0.bias to zeros
Initialize d0_predictor.conv.1.2.bias to zeros
Initialize d0_predictor.linear.bias to zeros
Initialize d0_embed.0.bias to zeros
Initialize alignment_module.t_conv1.bias to zeros
Initialize alignment_module.t_conv2.bias to zeros
Initialize alignment_module.f_conv1.bias to zeros
Initialize alignment_module.f_conv2.bias to zeros
Initialize alignment_module.f_conv3.bias to zeros
Initialize decoder.encoders.0.self_attn.linear_q.bias to zeros
Initialize decoder.encoders.0.self_attn.linear_k.bias to zeros
Initialize decoder.encoders.0.self_attn.linear_v.bias to zeros
Initialize decoder.encoders.0.self_attn.linear_out.bias to zeros
Initialize decoder.encoders.0.feed_forward.w_1.bias to zeros
Initialize decoder.encoders.0.feed_forward.w_2.bias to zeros
Initialize decoder.encoders.0.norm1.bias to zeros
Initialize decoder.encoders.0.norm2.bias to zeros
Initialize decoder.encoders.1.self_attn.linear_q.bias to zeros
Initialize decoder.encoders.1.self_attn.linear_k.bias to zeros
Initialize decoder.encoders.1.self_attn.linear_v.bias to zeros
Initialize decoder.encoders.1.self_attn.linear_out.bias to zeros
Initialize decoder.encoders.1.feed_forward.w_1.bias to zeros
Initialize decoder.encoders.1.feed_forward.w_2.bias to zeros
Initialize decoder.encoders.1.norm1.bias to zeros
Initialize decoder.encoders.1.norm2.bias to zeros
Initialize decoder.encoders.2.self_attn.linear_q.bias to zeros
Initialize decoder.encoders.2.self_attn.linear_k.bias to zeros
Initialize decoder.encoders.2.self_attn.linear_v.bias to zeros
Initialize decoder.encoders.2.self_attn.linear_out.bias to zeros
Initialize decoder.encoders.2.feed_forward.w_1.bias to zeros
Initialize decoder.encoders.2.feed_forward.w_2.bias to zeros
Initialize decoder.encoders.2.norm1.bias to zeros
Initialize decoder.encoders.2.norm2.bias to zeros
Initialize decoder.encoders.3.self_attn.linear_q.bias to zeros
Initialize decoder.encoders.3.self_attn.linear_k.bias to zeros
Initialize decoder.encoders.3.self_attn.linear_v.bias to zeros
Initialize decoder.encoders.3.self_attn.linear_out.bias to zeros
Initialize decoder.encoders.3.feed_forward.w_1.bias to zeros
Initialize decoder.encoders.3.feed_forward.w_2.bias to zeros
Initialize decoder.encoders.3.norm1.bias to zeros
Initialize decoder.encoders.3.norm2.bias to zeros
Initialize decoder.after_norm.bias to zeros
Initialize generator.input_conv.bias to zeros
Initialize generator.upsamples.0.1.bias to zeros
Initialize generator.upsamples.1.1.bias to zeros
Initialize generator.upsamples.2.1.bias to zeros
Initialize generator.upsamples.3.1.bias to zeros
Initialize generator.blocks.0.convs1.0.1.bias to zeros
Initialize generator.blocks.0.convs1.1.1.bias to zeros
Initialize generator.blocks.0.convs1.2.1.bias to zeros
Initialize generator.blocks.0.convs2.0.1.bias to zeros
Initialize generator.blocks.0.convs2.1.1.bias to zeros
Initialize generator.blocks.0.convs2.2.1.bias to zeros
Initialize generator.blocks.1.convs1.0.1.bias to zeros
Initialize generator.blocks.1.convs1.1.1.bias to zeros
Initialize generator.blocks.1.convs1.2.1.bias to zeros
Initialize generator.blocks.1.convs2.0.1.bias to zeros
Initialize generator.blocks.1.convs2.1.1.bias to zeros
Initialize generator.blocks.1.convs2.2.1.bias to zeros
Initialize generator.blocks.2.convs1.0.1.bias to zeros
Initialize generator.blocks.2.convs1.1.1.bias to zeros
Initialize generator.blocks.2.convs1.2.1.bias to zeros
Initialize generator.blocks.2.convs2.0.1.bias to zeros
Initialize generator.blocks.2.convs2.1.1.bias to zeros
Initialize generator.blocks.2.convs2.2.1.bias to zeros
Initialize generator.blocks.3.convs1.0.1.bias to zeros
Initialize generator.blocks.3.convs1.1.1.bias to zeros
Initialize generator.blocks.3.convs1.2.1.bias to zeros
Initialize generator.blocks.3.convs2.0.1.bias to zeros
Initialize generator.blocks.3.convs2.1.1.bias to zeros
Initialize generator.blocks.3.convs2.2.1.bias to zeros
Initialize generator.blocks.4.convs1.0.1.bias to zeros
Initialize generator.blocks.4.convs1.1.1.bias to zeros
Initialize generator.blocks.4.convs1.2.1.bias to zeros
Initialize generator.blocks.4.convs2.0.1.bias to zeros
Initialize generator.blocks.4.convs2.1.1.bias to zeros
Initialize generator.blocks.4.convs2.2.1.bias to zeros
Initialize generator.blocks.5.convs1.0.1.bias to zeros
Initialize generator.blocks.5.convs1.1.1.bias to zeros
Initialize generator.blocks.5.convs1.2.1.bias to zeros
Initialize generator.blocks.5.convs2.0.1.bias to zeros
Initialize generator.blocks.5.convs2.1.1.bias to zeros
Initialize generator.blocks.5.convs2.2.1.bias to zeros
Initialize generator.blocks.6.convs1.0.1.bias to zeros
Initialize generator.blocks.6.convs1.1.1.bias to zeros
Initialize generator.blocks.6.convs1.2.1.bias to zeros
Initialize generator.blocks.6.convs2.0.1.bias to zeros
Initialize generator.blocks.6.convs2.1.1.bias to zeros
Initialize generator.blocks.6.convs2.2.1.bias to zeros
Initialize generator.blocks.7.convs1.0.1.bias to zeros
Initialize generator.blocks.7.convs1.1.1.bias to zeros
Initialize generator.blocks.7.convs1.2.1.bias to zeros
Initialize generator.blocks.7.convs2.0.1.bias to zeros
Initialize generator.blocks.7.convs2.1.1.bias to zeros
Initialize generator.blocks.7.convs2.2.1.bias to zeros
Initialize generator.blocks.8.convs1.0.1.bias to zeros
Initialize generator.blocks.8.convs1.1.1.bias to zeros
Initialize generator.blocks.8.convs1.2.1.bias to zeros
Initialize generator.blocks.8.convs2.0.1.bias to zeros
Initialize generator.blocks.8.convs2.1.1.bias to zeros
Initialize generator.blocks.8.convs2.2.1.bias to zeros
Initialize generator.blocks.9.convs1.0.1.bias to zeros
Initialize generator.blocks.9.convs1.1.1.bias to zeros
Initialize generator.blocks.9.convs1.2.1.bias to zeros
Initialize generator.blocks.9.convs2.0.1.bias to zeros
Initialize generator.blocks.9.convs2.1.1.bias to zeros
Initialize generator.blocks.9.convs2.2.1.bias to zeros
Initialize generator.blocks.10.convs1.0.1.bias to zeros
Initialize generator.blocks.10.convs1.1.1.bias to zeros
Initialize generator.blocks.10.convs1.2.1.bias to zeros
Initialize generator.blocks.10.convs2.0.1.bias to zeros
Initialize generator.blocks.10.convs2.1.1.bias to zeros
Initialize generator.blocks.10.convs2.2.1.bias to zeros
Initialize generator.blocks.11.convs1.0.1.bias to zeros
Initialize generator.blocks.11.convs1.1.1.bias to zeros
Initialize generator.blocks.11.convs1.2.1.bias to zeros
Initialize generator.blocks.11.convs2.0.1.bias to zeros
Initialize generator.blocks.11.convs2.1.1.bias to zeros
Initialize generator.blocks.11.convs2.2.1.bias to zeros
Initialize generator.output_conv.1.bias to zeros
Traceback (most recent call last):
  File "/home/uesugi/miniconda3/envs/espnet_custom/lib/python3.9/runpy.py", line 197, in _run_module_as_main
    return _run_code(code, main_globals, None,
  File "/home/uesugi/miniconda3/envs/espnet_custom/lib/python3.9/runpy.py", line 87, in _run_code
    exec(code, run_globals)
  File "/home/uesugi/espnet-for-customize-jets/espnet2/bin/gan_tts_train.py", line 22, in <module>
    main()
  File "/home/uesugi/espnet-for-customize-jets/espnet2/bin/gan_tts_train.py", line 18, in main
    GANTTSTask.main(cmd=cmd)
  File "/home/uesugi/espnet-for-customize-jets/espnet2/tasks/abs_task.py", line 1225, in main
    cls.main_worker(args)
  File "/home/uesugi/espnet-for-customize-jets/espnet2/tasks/abs_task.py", line 1357, in main_worker
    model = cls.build_model(args=args)
  File "/home/uesugi/espnet-for-customize-jets/espnet2/tasks/gan_tts.py", line 386, in build_model
    d0_extract = d0_extract_class(
TypeError: __init__() got an unexpected keyword argument 'fmin'
# Accounting: time=82 threads=1
# Ended (code 1) at Tue Jul  1 10:36:32 JST 2025, elapsed time 82 seconds
# python3 -m espnet2.bin.gan_tts_train --collect_stats true --write_collected_feats true --use_preprocessor true --token_type phn --token_list dump/22.05k/token_list/phn_jaconv_pyopenjtalk_prosody/tokens.txt --non_linguistic_symbols none --cleaner jaconv --g2p pyopenjtalk_prosody --normalize none --pitch_normalize none --energy_normalize none --d0_normalize none --train_data_path_and_name_and_type dump/22.05k/raw/tr_no_dev/text,text,text --train_data_path_and_name_and_type dump/22.05k/raw/tr_no_dev/wav.scp,speech,sound --valid_data_path_and_name_and_type dump/22.05k/raw/dev/text,text,text --valid_data_path_and_name_and_type dump/22.05k/raw/dev/wav.scp,speech,sound --train_shape_file exp/22.05k/tts_stats_raw_phn_jaconv_pyopenjtalk_prosody/logdir/train.20.scp --valid_shape_file exp/22.05k/tts_stats_raw_phn_jaconv_pyopenjtalk_prosody/logdir/valid.20.scp --output_dir exp/22.05k/tts_stats_raw_phn_jaconv_pyopenjtalk_prosody/logdir/stats.20 --config conf/tuning/train_jets_22.05k.yaml --feats_extract fbank --feats_extract_conf n_fft=1024 --feats_extract_conf hop_length=256 --feats_extract_conf win_length=null --feats_extract_conf fs=22050 --feats_extract_conf fmin=80 --feats_extract_conf fmax=7600 --feats_extract_conf n_mels=80 --pitch_extract_conf fs=22050 --pitch_extract_conf n_fft=1024 --pitch_extract_conf hop_length=256 --pitch_extract_conf f0max=400 --pitch_extract_conf f0min=80 --energy_extract_conf fs=22050 --energy_extract_conf n_fft=1024 --energy_extract_conf hop_length=256 --energy_extract_conf win_length=null --d0_extract_conf fs=22050 --d0_extract_conf n_fft=1024 --d0_extract_conf hop_length=256 --d0_extract_conf win_length=null --d0_extract_conf fmin=80 --d0_extract_conf fmax=7600 --d0_extract_conf n_mels=80 
# Started at Tue Jul  1 10:35:10 JST 2025
#
/home/uesugi/miniconda3/envs/espnet_custom/bin/python3 /home/uesugi/espnet-for-customize-jets/espnet2/bin/gan_tts_train.py --collect_stats true --write_collected_feats true --use_preprocessor true --token_type phn --token_list dump/22.05k/token_list/phn_jaconv_pyopenjtalk_prosody/tokens.txt --non_linguistic_symbols none --cleaner jaconv --g2p pyopenjtalk_prosody --normalize none --pitch_normalize none --energy_normalize none --d0_normalize none --train_data_path_and_name_and_type dump/22.05k/raw/tr_no_dev/text,text,text --train_data_path_and_name_and_type dump/22.05k/raw/tr_no_dev/wav.scp,speech,sound --valid_data_path_and_name_and_type dump/22.05k/raw/dev/text,text,text --valid_data_path_and_name_and_type dump/22.05k/raw/dev/wav.scp,speech,sound --train_shape_file exp/22.05k/tts_stats_raw_phn_jaconv_pyopenjtalk_prosody/logdir/train.20.scp --valid_shape_file exp/22.05k/tts_stats_raw_phn_jaconv_pyopenjtalk_prosody/logdir/valid.20.scp --output_dir exp/22.05k/tts_stats_raw_phn_jaconv_pyopenjtalk_prosody/logdir/stats.20 --config conf/tuning/train_jets_22.05k.yaml --feats_extract fbank --feats_extract_conf n_fft=1024 --feats_extract_conf hop_length=256 --feats_extract_conf win_length=null --feats_extract_conf fs=22050 --feats_extract_conf fmin=80 --feats_extract_conf fmax=7600 --feats_extract_conf n_mels=80 --pitch_extract_conf fs=22050 --pitch_extract_conf n_fft=1024 --pitch_extract_conf hop_length=256 --pitch_extract_conf f0max=400 --pitch_extract_conf f0min=80 --energy_extract_conf fs=22050 --energy_extract_conf n_fft=1024 --energy_extract_conf hop_length=256 --energy_extract_conf win_length=null --d0_extract_conf fs=22050 --d0_extract_conf n_fft=1024 --d0_extract_conf hop_length=256 --d0_extract_conf win_length=null --d0_extract_conf fmin=80 --d0_extract_conf fmax=7600 --d0_extract_conf n_mels=80
Failed to import Flash Attention, using ESPnet default: libcudart.so.12: cannot open shared object file: No such file or directory
Vocabulary size: 47
encoder self-attention layer type = self-attention
encoder self-attention layer type = self-attention
/home/uesugi/miniconda3/envs/espnet_custom/lib/python3.9/site-packages/torch/nn/utils/weight_norm.py:143: FutureWarning: `torch.nn.utils.weight_norm` is deprecated in favor of `torch.nn.utils.parametrizations.weight_norm`.
  WeightNorm.apply(module, name, dim)
Initialize encoder.encoders.0.self_attn.linear_q.bias to zeros
Initialize encoder.encoders.0.self_attn.linear_k.bias to zeros
Initialize encoder.encoders.0.self_attn.linear_v.bias to zeros
Initialize encoder.encoders.0.self_attn.linear_out.bias to zeros
Initialize encoder.encoders.0.feed_forward.w_1.bias to zeros
Initialize encoder.encoders.0.feed_forward.w_2.bias to zeros
Initialize encoder.encoders.0.norm1.bias to zeros
Initialize encoder.encoders.0.norm2.bias to zeros
Initialize encoder.encoders.1.self_attn.linear_q.bias to zeros
Initialize encoder.encoders.1.self_attn.linear_k.bias to zeros
Initialize encoder.encoders.1.self_attn.linear_v.bias to zeros
Initialize encoder.encoders.1.self_attn.linear_out.bias to zeros
Initialize encoder.encoders.1.feed_forward.w_1.bias to zeros
Initialize encoder.encoders.1.feed_forward.w_2.bias to zeros
Initialize encoder.encoders.1.norm1.bias to zeros
Initialize encoder.encoders.1.norm2.bias to zeros
Initialize encoder.encoders.2.self_attn.linear_q.bias to zeros
Initialize encoder.encoders.2.self_attn.linear_k.bias to zeros
Initialize encoder.encoders.2.self_attn.linear_v.bias to zeros
Initialize encoder.encoders.2.self_attn.linear_out.bias to zeros
Initialize encoder.encoders.2.feed_forward.w_1.bias to zeros
Initialize encoder.encoders.2.feed_forward.w_2.bias to zeros
Initialize encoder.encoders.2.norm1.bias to zeros
Initialize encoder.encoders.2.norm2.bias to zeros
Initialize encoder.encoders.3.self_attn.linear_q.bias to zeros
Initialize encoder.encoders.3.self_attn.linear_k.bias to zeros
Initialize encoder.encoders.3.self_attn.linear_v.bias to zeros
Initialize encoder.encoders.3.self_attn.linear_out.bias to zeros
Initialize encoder.encoders.3.feed_forward.w_1.bias to zeros
Initialize encoder.encoders.3.feed_forward.w_2.bias to zeros
Initialize encoder.encoders.3.norm1.bias to zeros
Initialize encoder.encoders.3.norm2.bias to zeros
Initialize encoder.after_norm.bias to zeros
Initialize duration_predictor.conv.0.0.bias to zeros
Initialize duration_predictor.conv.0.2.bias to zeros
Initialize duration_predictor.conv.1.0.bias to zeros
Initialize duration_predictor.conv.1.2.bias to zeros
Initialize duration_predictor.linear.bias to zeros
Initialize pitch_predictor.conv.0.0.bias to zeros
Initialize pitch_predictor.conv.0.2.bias to zeros
Initialize pitch_predictor.conv.1.0.bias to zeros
Initialize pitch_predictor.conv.1.2.bias to zeros
Initialize pitch_predictor.conv.2.0.bias to zeros
Initialize pitch_predictor.conv.2.2.bias to zeros
Initialize pitch_predictor.conv.3.0.bias to zeros
Initialize pitch_predictor.conv.3.2.bias to zeros
Initialize pitch_predictor.conv.4.0.bias to zeros
Initialize pitch_predictor.conv.4.2.bias to zeros
Initialize pitch_predictor.linear.bias to zeros
Initialize pitch_embed.0.bias to zeros
Initialize energy_predictor.conv.0.0.bias to zeros
Initialize energy_predictor.conv.0.2.bias to zeros
Initialize energy_predictor.conv.1.0.bias to zeros
Initialize energy_predictor.conv.1.2.bias to zeros
Initialize energy_predictor.linear.bias to zeros
Initialize energy_embed.0.bias to zeros
Initialize d0_predictor.conv.0.0.bias to zeros
Initialize d0_predictor.conv.0.2.bias to zeros
Initialize d0_predictor.conv.1.0.bias to zeros
Initialize d0_predictor.conv.1.2.bias to zeros
Initialize d0_predictor.linear.bias to zeros
Initialize d0_embed.0.bias to zeros
Initialize alignment_module.t_conv1.bias to zeros
Initialize alignment_module.t_conv2.bias to zeros
Initialize alignment_module.f_conv1.bias to zeros
Initialize alignment_module.f_conv2.bias to zeros
Initialize alignment_module.f_conv3.bias to zeros
Initialize decoder.encoders.0.self_attn.linear_q.bias to zeros
Initialize decoder.encoders.0.self_attn.linear_k.bias to zeros
Initialize decoder.encoders.0.self_attn.linear_v.bias to zeros
Initialize decoder.encoders.0.self_attn.linear_out.bias to zeros
Initialize decoder.encoders.0.feed_forward.w_1.bias to zeros
Initialize decoder.encoders.0.feed_forward.w_2.bias to zeros
Initialize decoder.encoders.0.norm1.bias to zeros
Initialize decoder.encoders.0.norm2.bias to zeros
Initialize decoder.encoders.1.self_attn.linear_q.bias to zeros
Initialize decoder.encoders.1.self_attn.linear_k.bias to zeros
Initialize decoder.encoders.1.self_attn.linear_v.bias to zeros
Initialize decoder.encoders.1.self_attn.linear_out.bias to zeros
Initialize decoder.encoders.1.feed_forward.w_1.bias to zeros
Initialize decoder.encoders.1.feed_forward.w_2.bias to zeros
Initialize decoder.encoders.1.norm1.bias to zeros
Initialize decoder.encoders.1.norm2.bias to zeros
Initialize decoder.encoders.2.self_attn.linear_q.bias to zeros
Initialize decoder.encoders.2.self_attn.linear_k.bias to zeros
Initialize decoder.encoders.2.self_attn.linear_v.bias to zeros
Initialize decoder.encoders.2.self_attn.linear_out.bias to zeros
Initialize decoder.encoders.2.feed_forward.w_1.bias to zeros
Initialize decoder.encoders.2.feed_forward.w_2.bias to zeros
Initialize decoder.encoders.2.norm1.bias to zeros
Initialize decoder.encoders.2.norm2.bias to zeros
Initialize decoder.encoders.3.self_attn.linear_q.bias to zeros
Initialize decoder.encoders.3.self_attn.linear_k.bias to zeros
Initialize decoder.encoders.3.self_attn.linear_v.bias to zeros
Initialize decoder.encoders.3.self_attn.linear_out.bias to zeros
Initialize decoder.encoders.3.feed_forward.w_1.bias to zeros
Initialize decoder.encoders.3.feed_forward.w_2.bias to zeros
Initialize decoder.encoders.3.norm1.bias to zeros
Initialize decoder.encoders.3.norm2.bias to zeros
Initialize decoder.after_norm.bias to zeros
Initialize generator.input_conv.bias to zeros
Initialize generator.upsamples.0.1.bias to zeros
Initialize generator.upsamples.1.1.bias to zeros
Initialize generator.upsamples.2.1.bias to zeros
Initialize generator.upsamples.3.1.bias to zeros
Initialize generator.blocks.0.convs1.0.1.bias to zeros
Initialize generator.blocks.0.convs1.1.1.bias to zeros
Initialize generator.blocks.0.convs1.2.1.bias to zeros
Initialize generator.blocks.0.convs2.0.1.bias to zeros
Initialize generator.blocks.0.convs2.1.1.bias to zeros
Initialize generator.blocks.0.convs2.2.1.bias to zeros
Initialize generator.blocks.1.convs1.0.1.bias to zeros
Initialize generator.blocks.1.convs1.1.1.bias to zeros
Initialize generator.blocks.1.convs1.2.1.bias to zeros
Initialize generator.blocks.1.convs2.0.1.bias to zeros
Initialize generator.blocks.1.convs2.1.1.bias to zeros
Initialize generator.blocks.1.convs2.2.1.bias to zeros
Initialize generator.blocks.2.convs1.0.1.bias to zeros
Initialize generator.blocks.2.convs1.1.1.bias to zeros
Initialize generator.blocks.2.convs1.2.1.bias to zeros
Initialize generator.blocks.2.convs2.0.1.bias to zeros
Initialize generator.blocks.2.convs2.1.1.bias to zeros
Initialize generator.blocks.2.convs2.2.1.bias to zeros
Initialize generator.blocks.3.convs1.0.1.bias to zeros
Initialize generator.blocks.3.convs1.1.1.bias to zeros
Initialize generator.blocks.3.convs1.2.1.bias to zeros
Initialize generator.blocks.3.convs2.0.1.bias to zeros
Initialize generator.blocks.3.convs2.1.1.bias to zeros
Initialize generator.blocks.3.convs2.2.1.bias to zeros
Initialize generator.blocks.4.convs1.0.1.bias to zeros
Initialize generator.blocks.4.convs1.1.1.bias to zeros
Initialize generator.blocks.4.convs1.2.1.bias to zeros
Initialize generator.blocks.4.convs2.0.1.bias to zeros
Initialize generator.blocks.4.convs2.1.1.bias to zeros
Initialize generator.blocks.4.convs2.2.1.bias to zeros
Initialize generator.blocks.5.convs1.0.1.bias to zeros
Initialize generator.blocks.5.convs1.1.1.bias to zeros
Initialize generator.blocks.5.convs1.2.1.bias to zeros
Initialize generator.blocks.5.convs2.0.1.bias to zeros
Initialize generator.blocks.5.convs2.1.1.bias to zeros
Initialize generator.blocks.5.convs2.2.1.bias to zeros
Initialize generator.blocks.6.convs1.0.1.bias to zeros
Initialize generator.blocks.6.convs1.1.1.bias to zeros
Initialize generator.blocks.6.convs1.2.1.bias to zeros
Initialize generator.blocks.6.convs2.0.1.bias to zeros
Initialize generator.blocks.6.convs2.1.1.bias to zeros
Initialize generator.blocks.6.convs2.2.1.bias to zeros
Initialize generator.blocks.7.convs1.0.1.bias to zeros
Initialize generator.blocks.7.convs1.1.1.bias to zeros
Initialize generator.blocks.7.convs1.2.1.bias to zeros
Initialize generator.blocks.7.convs2.0.1.bias to zeros
Initialize generator.blocks.7.convs2.1.1.bias to zeros
Initialize generator.blocks.7.convs2.2.1.bias to zeros
Initialize generator.blocks.8.convs1.0.1.bias to zeros
Initialize generator.blocks.8.convs1.1.1.bias to zeros
Initialize generator.blocks.8.convs1.2.1.bias to zeros
Initialize generator.blocks.8.convs2.0.1.bias to zeros
Initialize generator.blocks.8.convs2.1.1.bias to zeros
Initialize generator.blocks.8.convs2.2.1.bias to zeros
Initialize generator.blocks.9.convs1.0.1.bias to zeros
Initialize generator.blocks.9.convs1.1.1.bias to zeros
Initialize generator.blocks.9.convs1.2.1.bias to zeros
Initialize generator.blocks.9.convs2.0.1.bias to zeros
Initialize generator.blocks.9.convs2.1.1.bias to zeros
Initialize generator.blocks.9.convs2.2.1.bias to zeros
Initialize generator.blocks.10.convs1.0.1.bias to zeros
Initialize generator.blocks.10.convs1.1.1.bias to zeros
Initialize generator.blocks.10.convs1.2.1.bias to zeros
Initialize generator.blocks.10.convs2.0.1.bias to zeros
Initialize generator.blocks.10.convs2.1.1.bias to zeros
Initialize generator.blocks.10.convs2.2.1.bias to zeros
Initialize generator.blocks.11.convs1.0.1.bias to zeros
Initialize generator.blocks.11.convs1.1.1.bias to zeros
Initialize generator.blocks.11.convs1.2.1.bias to zeros
Initialize generator.blocks.11.convs2.0.1.bias to zeros
Initialize generator.blocks.11.convs2.1.1.bias to zeros
Initialize generator.blocks.11.convs2.2.1.bias to zeros
Initialize generator.output_conv.1.bias to zeros
Traceback (most recent call last):
  File "/home/uesugi/miniconda3/envs/espnet_custom/lib/python3.9/runpy.py", line 197, in _run_module_as_main
    return _run_code(code, main_globals, None,
  File "/home/uesugi/miniconda3/envs/espnet_custom/lib/python3.9/runpy.py", line 87, in _run_code
    exec(code, run_globals)
  File "/home/uesugi/espnet-for-customize-jets/espnet2/bin/gan_tts_train.py", line 22, in <module>
    main()
  File "/home/uesugi/espnet-for-customize-jets/espnet2/bin/gan_tts_train.py", line 18, in main
    GANTTSTask.main(cmd=cmd)
  File "/home/uesugi/espnet-for-customize-jets/espnet2/tasks/abs_task.py", line 1225, in main
    cls.main_worker(args)
  File "/home/uesugi/espnet-for-customize-jets/espnet2/tasks/abs_task.py", line 1357, in main_worker
    model = cls.build_model(args=args)
  File "/home/uesugi/espnet-for-customize-jets/espnet2/tasks/gan_tts.py", line 386, in build_model
    d0_extract = d0_extract_class(
TypeError: __init__() got an unexpected keyword argument 'fmin'
# Accounting: time=81 threads=1
# Ended (code 1) at Tue Jul  1 10:36:31 JST 2025, elapsed time 81 seconds
# python3 -m espnet2.bin.gan_tts_train --collect_stats true --write_collected_feats true --use_preprocessor true --token_type phn --token_list dump/22.05k/token_list/phn_jaconv_pyopenjtalk_prosody/tokens.txt --non_linguistic_symbols none --cleaner jaconv --g2p pyopenjtalk_prosody --normalize none --pitch_normalize none --energy_normalize none --d0_normalize none --train_data_path_and_name_and_type dump/22.05k/raw/tr_no_dev/text,text,text --train_data_path_and_name_and_type dump/22.05k/raw/tr_no_dev/wav.scp,speech,sound --valid_data_path_and_name_and_type dump/22.05k/raw/dev/text,text,text --valid_data_path_and_name_and_type dump/22.05k/raw/dev/wav.scp,speech,sound --train_shape_file exp/22.05k/tts_stats_raw_phn_jaconv_pyopenjtalk_prosody/logdir/train.21.scp --valid_shape_file exp/22.05k/tts_stats_raw_phn_jaconv_pyopenjtalk_prosody/logdir/valid.21.scp --output_dir exp/22.05k/tts_stats_raw_phn_jaconv_pyopenjtalk_prosody/logdir/stats.21 --config conf/tuning/train_jets_22.05k.yaml --feats_extract fbank --feats_extract_conf n_fft=1024 --feats_extract_conf hop_length=256 --feats_extract_conf win_length=null --feats_extract_conf fs=22050 --feats_extract_conf fmin=80 --feats_extract_conf fmax=7600 --feats_extract_conf n_mels=80 --pitch_extract_conf fs=22050 --pitch_extract_conf n_fft=1024 --pitch_extract_conf hop_length=256 --pitch_extract_conf f0max=400 --pitch_extract_conf f0min=80 --energy_extract_conf fs=22050 --energy_extract_conf n_fft=1024 --energy_extract_conf hop_length=256 --energy_extract_conf win_length=null --d0_extract_conf fs=22050 --d0_extract_conf n_fft=1024 --d0_extract_conf hop_length=256 --d0_extract_conf win_length=null --d0_extract_conf fmin=80 --d0_extract_conf fmax=7600 --d0_extract_conf n_mels=80 
# Started at Tue Jul  1 10:35:09 JST 2025
#
/home/uesugi/miniconda3/envs/espnet_custom/bin/python3 /home/uesugi/espnet-for-customize-jets/espnet2/bin/gan_tts_train.py --collect_stats true --write_collected_feats true --use_preprocessor true --token_type phn --token_list dump/22.05k/token_list/phn_jaconv_pyopenjtalk_prosody/tokens.txt --non_linguistic_symbols none --cleaner jaconv --g2p pyopenjtalk_prosody --normalize none --pitch_normalize none --energy_normalize none --d0_normalize none --train_data_path_and_name_and_type dump/22.05k/raw/tr_no_dev/text,text,text --train_data_path_and_name_and_type dump/22.05k/raw/tr_no_dev/wav.scp,speech,sound --valid_data_path_and_name_and_type dump/22.05k/raw/dev/text,text,text --valid_data_path_and_name_and_type dump/22.05k/raw/dev/wav.scp,speech,sound --train_shape_file exp/22.05k/tts_stats_raw_phn_jaconv_pyopenjtalk_prosody/logdir/train.21.scp --valid_shape_file exp/22.05k/tts_stats_raw_phn_jaconv_pyopenjtalk_prosody/logdir/valid.21.scp --output_dir exp/22.05k/tts_stats_raw_phn_jaconv_pyopenjtalk_prosody/logdir/stats.21 --config conf/tuning/train_jets_22.05k.yaml --feats_extract fbank --feats_extract_conf n_fft=1024 --feats_extract_conf hop_length=256 --feats_extract_conf win_length=null --feats_extract_conf fs=22050 --feats_extract_conf fmin=80 --feats_extract_conf fmax=7600 --feats_extract_conf n_mels=80 --pitch_extract_conf fs=22050 --pitch_extract_conf n_fft=1024 --pitch_extract_conf hop_length=256 --pitch_extract_conf f0max=400 --pitch_extract_conf f0min=80 --energy_extract_conf fs=22050 --energy_extract_conf n_fft=1024 --energy_extract_conf hop_length=256 --energy_extract_conf win_length=null --d0_extract_conf fs=22050 --d0_extract_conf n_fft=1024 --d0_extract_conf hop_length=256 --d0_extract_conf win_length=null --d0_extract_conf fmin=80 --d0_extract_conf fmax=7600 --d0_extract_conf n_mels=80
Failed to import Flash Attention, using ESPnet default: libcudart.so.12: cannot open shared object file: No such file or directory
Vocabulary size: 47
encoder self-attention layer type = self-attention
encoder self-attention layer type = self-attention
/home/uesugi/miniconda3/envs/espnet_custom/lib/python3.9/site-packages/torch/nn/utils/weight_norm.py:143: FutureWarning: `torch.nn.utils.weight_norm` is deprecated in favor of `torch.nn.utils.parametrizations.weight_norm`.
  WeightNorm.apply(module, name, dim)
Initialize encoder.encoders.0.self_attn.linear_q.bias to zeros
Initialize encoder.encoders.0.self_attn.linear_k.bias to zeros
Initialize encoder.encoders.0.self_attn.linear_v.bias to zeros
Initialize encoder.encoders.0.self_attn.linear_out.bias to zeros
Initialize encoder.encoders.0.feed_forward.w_1.bias to zeros
Initialize encoder.encoders.0.feed_forward.w_2.bias to zeros
Initialize encoder.encoders.0.norm1.bias to zeros
Initialize encoder.encoders.0.norm2.bias to zeros
Initialize encoder.encoders.1.self_attn.linear_q.bias to zeros
Initialize encoder.encoders.1.self_attn.linear_k.bias to zeros
Initialize encoder.encoders.1.self_attn.linear_v.bias to zeros
Initialize encoder.encoders.1.self_attn.linear_out.bias to zeros
Initialize encoder.encoders.1.feed_forward.w_1.bias to zeros
Initialize encoder.encoders.1.feed_forward.w_2.bias to zeros
Initialize encoder.encoders.1.norm1.bias to zeros
Initialize encoder.encoders.1.norm2.bias to zeros
Initialize encoder.encoders.2.self_attn.linear_q.bias to zeros
Initialize encoder.encoders.2.self_attn.linear_k.bias to zeros
Initialize encoder.encoders.2.self_attn.linear_v.bias to zeros
Initialize encoder.encoders.2.self_attn.linear_out.bias to zeros
Initialize encoder.encoders.2.feed_forward.w_1.bias to zeros
Initialize encoder.encoders.2.feed_forward.w_2.bias to zeros
Initialize encoder.encoders.2.norm1.bias to zeros
Initialize encoder.encoders.2.norm2.bias to zeros
Initialize encoder.encoders.3.self_attn.linear_q.bias to zeros
Initialize encoder.encoders.3.self_attn.linear_k.bias to zeros
Initialize encoder.encoders.3.self_attn.linear_v.bias to zeros
Initialize encoder.encoders.3.self_attn.linear_out.bias to zeros
Initialize encoder.encoders.3.feed_forward.w_1.bias to zeros
Initialize encoder.encoders.3.feed_forward.w_2.bias to zeros
Initialize encoder.encoders.3.norm1.bias to zeros
Initialize encoder.encoders.3.norm2.bias to zeros
Initialize encoder.after_norm.bias to zeros
Initialize duration_predictor.conv.0.0.bias to zeros
Initialize duration_predictor.conv.0.2.bias to zeros
Initialize duration_predictor.conv.1.0.bias to zeros
Initialize duration_predictor.conv.1.2.bias to zeros
Initialize duration_predictor.linear.bias to zeros
Initialize pitch_predictor.conv.0.0.bias to zeros
Initialize pitch_predictor.conv.0.2.bias to zeros
Initialize pitch_predictor.conv.1.0.bias to zeros
Initialize pitch_predictor.conv.1.2.bias to zeros
Initialize pitch_predictor.conv.2.0.bias to zeros
Initialize pitch_predictor.conv.2.2.bias to zeros
Initialize pitch_predictor.conv.3.0.bias to zeros
Initialize pitch_predictor.conv.3.2.bias to zeros
Initialize pitch_predictor.conv.4.0.bias to zeros
Initialize pitch_predictor.conv.4.2.bias to zeros
Initialize pitch_predictor.linear.bias to zeros
Initialize pitch_embed.0.bias to zeros
Initialize energy_predictor.conv.0.0.bias to zeros
Initialize energy_predictor.conv.0.2.bias to zeros
Initialize energy_predictor.conv.1.0.bias to zeros
Initialize energy_predictor.conv.1.2.bias to zeros
Initialize energy_predictor.linear.bias to zeros
Initialize energy_embed.0.bias to zeros
Initialize d0_predictor.conv.0.0.bias to zeros
Initialize d0_predictor.conv.0.2.bias to zeros
Initialize d0_predictor.conv.1.0.bias to zeros
Initialize d0_predictor.conv.1.2.bias to zeros
Initialize d0_predictor.linear.bias to zeros
Initialize d0_embed.0.bias to zeros
Initialize alignment_module.t_conv1.bias to zeros
Initialize alignment_module.t_conv2.bias to zeros
Initialize alignment_module.f_conv1.bias to zeros
Initialize alignment_module.f_conv2.bias to zeros
Initialize alignment_module.f_conv3.bias to zeros
Initialize decoder.encoders.0.self_attn.linear_q.bias to zeros
Initialize decoder.encoders.0.self_attn.linear_k.bias to zeros
Initialize decoder.encoders.0.self_attn.linear_v.bias to zeros
Initialize decoder.encoders.0.self_attn.linear_out.bias to zeros
Initialize decoder.encoders.0.feed_forward.w_1.bias to zeros
Initialize decoder.encoders.0.feed_forward.w_2.bias to zeros
Initialize decoder.encoders.0.norm1.bias to zeros
Initialize decoder.encoders.0.norm2.bias to zeros
Initialize decoder.encoders.1.self_attn.linear_q.bias to zeros
Initialize decoder.encoders.1.self_attn.linear_k.bias to zeros
Initialize decoder.encoders.1.self_attn.linear_v.bias to zeros
Initialize decoder.encoders.1.self_attn.linear_out.bias to zeros
Initialize decoder.encoders.1.feed_forward.w_1.bias to zeros
Initialize decoder.encoders.1.feed_forward.w_2.bias to zeros
Initialize decoder.encoders.1.norm1.bias to zeros
Initialize decoder.encoders.1.norm2.bias to zeros
Initialize decoder.encoders.2.self_attn.linear_q.bias to zeros
Initialize decoder.encoders.2.self_attn.linear_k.bias to zeros
Initialize decoder.encoders.2.self_attn.linear_v.bias to zeros
Initialize decoder.encoders.2.self_attn.linear_out.bias to zeros
Initialize decoder.encoders.2.feed_forward.w_1.bias to zeros
Initialize decoder.encoders.2.feed_forward.w_2.bias to zeros
Initialize decoder.encoders.2.norm1.bias to zeros
Initialize decoder.encoders.2.norm2.bias to zeros
Initialize decoder.encoders.3.self_attn.linear_q.bias to zeros
Initialize decoder.encoders.3.self_attn.linear_k.bias to zeros
Initialize decoder.encoders.3.self_attn.linear_v.bias to zeros
Initialize decoder.encoders.3.self_attn.linear_out.bias to zeros
Initialize decoder.encoders.3.feed_forward.w_1.bias to zeros
Initialize decoder.encoders.3.feed_forward.w_2.bias to zeros
Initialize decoder.encoders.3.norm1.bias to zeros
Initialize decoder.encoders.3.norm2.bias to zeros
Initialize decoder.after_norm.bias to zeros
Initialize generator.input_conv.bias to zeros
Initialize generator.upsamples.0.1.bias to zeros
Initialize generator.upsamples.1.1.bias to zeros
Initialize generator.upsamples.2.1.bias to zeros
Initialize generator.upsamples.3.1.bias to zeros
Initialize generator.blocks.0.convs1.0.1.bias to zeros
Initialize generator.blocks.0.convs1.1.1.bias to zeros
Initialize generator.blocks.0.convs1.2.1.bias to zeros
Initialize generator.blocks.0.convs2.0.1.bias to zeros
Initialize generator.blocks.0.convs2.1.1.bias to zeros
Initialize generator.blocks.0.convs2.2.1.bias to zeros
Initialize generator.blocks.1.convs1.0.1.bias to zeros
Initialize generator.blocks.1.convs1.1.1.bias to zeros
Initialize generator.blocks.1.convs1.2.1.bias to zeros
Initialize generator.blocks.1.convs2.0.1.bias to zeros
Initialize generator.blocks.1.convs2.1.1.bias to zeros
Initialize generator.blocks.1.convs2.2.1.bias to zeros
Initialize generator.blocks.2.convs1.0.1.bias to zeros
Initialize generator.blocks.2.convs1.1.1.bias to zeros
Initialize generator.blocks.2.convs1.2.1.bias to zeros
Initialize generator.blocks.2.convs2.0.1.bias to zeros
Initialize generator.blocks.2.convs2.1.1.bias to zeros
Initialize generator.blocks.2.convs2.2.1.bias to zeros
Initialize generator.blocks.3.convs1.0.1.bias to zeros
Initialize generator.blocks.3.convs1.1.1.bias to zeros
Initialize generator.blocks.3.convs1.2.1.bias to zeros
Initialize generator.blocks.3.convs2.0.1.bias to zeros
Initialize generator.blocks.3.convs2.1.1.bias to zeros
Initialize generator.blocks.3.convs2.2.1.bias to zeros
Initialize generator.blocks.4.convs1.0.1.bias to zeros
Initialize generator.blocks.4.convs1.1.1.bias to zeros
Initialize generator.blocks.4.convs1.2.1.bias to zeros
Initialize generator.blocks.4.convs2.0.1.bias to zeros
Initialize generator.blocks.4.convs2.1.1.bias to zeros
Initialize generator.blocks.4.convs2.2.1.bias to zeros
Initialize generator.blocks.5.convs1.0.1.bias to zeros
Initialize generator.blocks.5.convs1.1.1.bias to zeros
Initialize generator.blocks.5.convs1.2.1.bias to zeros
Initialize generator.blocks.5.convs2.0.1.bias to zeros
Initialize generator.blocks.5.convs2.1.1.bias to zeros
Initialize generator.blocks.5.convs2.2.1.bias to zeros
Initialize generator.blocks.6.convs1.0.1.bias to zeros
Initialize generator.blocks.6.convs1.1.1.bias to zeros
Initialize generator.blocks.6.convs1.2.1.bias to zeros
Initialize generator.blocks.6.convs2.0.1.bias to zeros
Initialize generator.blocks.6.convs2.1.1.bias to zeros
Initialize generator.blocks.6.convs2.2.1.bias to zeros
Initialize generator.blocks.7.convs1.0.1.bias to zeros
Initialize generator.blocks.7.convs1.1.1.bias to zeros
Initialize generator.blocks.7.convs1.2.1.bias to zeros
Initialize generator.blocks.7.convs2.0.1.bias to zeros
Initialize generator.blocks.7.convs2.1.1.bias to zeros
Initialize generator.blocks.7.convs2.2.1.bias to zeros
Initialize generator.blocks.8.convs1.0.1.bias to zeros
Initialize generator.blocks.8.convs1.1.1.bias to zeros
Initialize generator.blocks.8.convs1.2.1.bias to zeros
Initialize generator.blocks.8.convs2.0.1.bias to zeros
Initialize generator.blocks.8.convs2.1.1.bias to zeros
Initialize generator.blocks.8.convs2.2.1.bias to zeros
Initialize generator.blocks.9.convs1.0.1.bias to zeros
Initialize generator.blocks.9.convs1.1.1.bias to zeros
Initialize generator.blocks.9.convs1.2.1.bias to zeros
Initialize generator.blocks.9.convs2.0.1.bias to zeros
Initialize generator.blocks.9.convs2.1.1.bias to zeros
Initialize generator.blocks.9.convs2.2.1.bias to zeros
Initialize generator.blocks.10.convs1.0.1.bias to zeros
Initialize generator.blocks.10.convs1.1.1.bias to zeros
Initialize generator.blocks.10.convs1.2.1.bias to zeros
Initialize generator.blocks.10.convs2.0.1.bias to zeros
Initialize generator.blocks.10.convs2.1.1.bias to zeros
Initialize generator.blocks.10.convs2.2.1.bias to zeros
Initialize generator.blocks.11.convs1.0.1.bias to zeros
Initialize generator.blocks.11.convs1.1.1.bias to zeros
Initialize generator.blocks.11.convs1.2.1.bias to zeros
Initialize generator.blocks.11.convs2.0.1.bias to zeros
Initialize generator.blocks.11.convs2.1.1.bias to zeros
Initialize generator.blocks.11.convs2.2.1.bias to zeros
Initialize generator.output_conv.1.bias to zeros
Traceback (most recent call last):
  File "/home/uesugi/miniconda3/envs/espnet_custom/lib/python3.9/runpy.py", line 197, in _run_module_as_main
    return _run_code(code, main_globals, None,
  File "/home/uesugi/miniconda3/envs/espnet_custom/lib/python3.9/runpy.py", line 87, in _run_code
    exec(code, run_globals)
  File "/home/uesugi/espnet-for-customize-jets/espnet2/bin/gan_tts_train.py", line 22, in <module>
    main()
  File "/home/uesugi/espnet-for-customize-jets/espnet2/bin/gan_tts_train.py", line 18, in main
    GANTTSTask.main(cmd=cmd)
  File "/home/uesugi/espnet-for-customize-jets/espnet2/tasks/abs_task.py", line 1225, in main
    cls.main_worker(args)
  File "/home/uesugi/espnet-for-customize-jets/espnet2/tasks/abs_task.py", line 1357, in main_worker
    model = cls.build_model(args=args)
  File "/home/uesugi/espnet-for-customize-jets/espnet2/tasks/gan_tts.py", line 386, in build_model
    d0_extract = d0_extract_class(
TypeError: __init__() got an unexpected keyword argument 'fmin'
# Accounting: time=81 threads=1
# Ended (code 1) at Tue Jul  1 10:36:31 JST 2025, elapsed time 81 seconds
# python3 -m espnet2.bin.gan_tts_train --collect_stats true --write_collected_feats true --use_preprocessor true --token_type phn --token_list dump/22.05k/token_list/phn_jaconv_pyopenjtalk_prosody/tokens.txt --non_linguistic_symbols none --cleaner jaconv --g2p pyopenjtalk_prosody --normalize none --pitch_normalize none --energy_normalize none --d0_normalize none --train_data_path_and_name_and_type dump/22.05k/raw/tr_no_dev/text,text,text --train_data_path_and_name_and_type dump/22.05k/raw/tr_no_dev/wav.scp,speech,sound --valid_data_path_and_name_and_type dump/22.05k/raw/dev/text,text,text --valid_data_path_and_name_and_type dump/22.05k/raw/dev/wav.scp,speech,sound --train_shape_file exp/22.05k/tts_stats_raw_phn_jaconv_pyopenjtalk_prosody/logdir/train.22.scp --valid_shape_file exp/22.05k/tts_stats_raw_phn_jaconv_pyopenjtalk_prosody/logdir/valid.22.scp --output_dir exp/22.05k/tts_stats_raw_phn_jaconv_pyopenjtalk_prosody/logdir/stats.22 --config conf/tuning/train_jets_22.05k.yaml --feats_extract fbank --feats_extract_conf n_fft=1024 --feats_extract_conf hop_length=256 --feats_extract_conf win_length=null --feats_extract_conf fs=22050 --feats_extract_conf fmin=80 --feats_extract_conf fmax=7600 --feats_extract_conf n_mels=80 --pitch_extract_conf fs=22050 --pitch_extract_conf n_fft=1024 --pitch_extract_conf hop_length=256 --pitch_extract_conf f0max=400 --pitch_extract_conf f0min=80 --energy_extract_conf fs=22050 --energy_extract_conf n_fft=1024 --energy_extract_conf hop_length=256 --energy_extract_conf win_length=null --d0_extract_conf fs=22050 --d0_extract_conf n_fft=1024 --d0_extract_conf hop_length=256 --d0_extract_conf win_length=null --d0_extract_conf fmin=80 --d0_extract_conf fmax=7600 --d0_extract_conf n_mels=80 
# Started at Tue Jul  1 10:35:11 JST 2025
#
/home/uesugi/miniconda3/envs/espnet_custom/bin/python3 /home/uesugi/espnet-for-customize-jets/espnet2/bin/gan_tts_train.py --collect_stats true --write_collected_feats true --use_preprocessor true --token_type phn --token_list dump/22.05k/token_list/phn_jaconv_pyopenjtalk_prosody/tokens.txt --non_linguistic_symbols none --cleaner jaconv --g2p pyopenjtalk_prosody --normalize none --pitch_normalize none --energy_normalize none --d0_normalize none --train_data_path_and_name_and_type dump/22.05k/raw/tr_no_dev/text,text,text --train_data_path_and_name_and_type dump/22.05k/raw/tr_no_dev/wav.scp,speech,sound --valid_data_path_and_name_and_type dump/22.05k/raw/dev/text,text,text --valid_data_path_and_name_and_type dump/22.05k/raw/dev/wav.scp,speech,sound --train_shape_file exp/22.05k/tts_stats_raw_phn_jaconv_pyopenjtalk_prosody/logdir/train.22.scp --valid_shape_file exp/22.05k/tts_stats_raw_phn_jaconv_pyopenjtalk_prosody/logdir/valid.22.scp --output_dir exp/22.05k/tts_stats_raw_phn_jaconv_pyopenjtalk_prosody/logdir/stats.22 --config conf/tuning/train_jets_22.05k.yaml --feats_extract fbank --feats_extract_conf n_fft=1024 --feats_extract_conf hop_length=256 --feats_extract_conf win_length=null --feats_extract_conf fs=22050 --feats_extract_conf fmin=80 --feats_extract_conf fmax=7600 --feats_extract_conf n_mels=80 --pitch_extract_conf fs=22050 --pitch_extract_conf n_fft=1024 --pitch_extract_conf hop_length=256 --pitch_extract_conf f0max=400 --pitch_extract_conf f0min=80 --energy_extract_conf fs=22050 --energy_extract_conf n_fft=1024 --energy_extract_conf hop_length=256 --energy_extract_conf win_length=null --d0_extract_conf fs=22050 --d0_extract_conf n_fft=1024 --d0_extract_conf hop_length=256 --d0_extract_conf win_length=null --d0_extract_conf fmin=80 --d0_extract_conf fmax=7600 --d0_extract_conf n_mels=80
Failed to import Flash Attention, using ESPnet default: libcudart.so.12: cannot open shared object file: No such file or directory
Vocabulary size: 47
encoder self-attention layer type = self-attention
encoder self-attention layer type = self-attention
/home/uesugi/miniconda3/envs/espnet_custom/lib/python3.9/site-packages/torch/nn/utils/weight_norm.py:143: FutureWarning: `torch.nn.utils.weight_norm` is deprecated in favor of `torch.nn.utils.parametrizations.weight_norm`.
  WeightNorm.apply(module, name, dim)
Initialize encoder.encoders.0.self_attn.linear_q.bias to zeros
Initialize encoder.encoders.0.self_attn.linear_k.bias to zeros
Initialize encoder.encoders.0.self_attn.linear_v.bias to zeros
Initialize encoder.encoders.0.self_attn.linear_out.bias to zeros
Initialize encoder.encoders.0.feed_forward.w_1.bias to zeros
Initialize encoder.encoders.0.feed_forward.w_2.bias to zeros
Initialize encoder.encoders.0.norm1.bias to zeros
Initialize encoder.encoders.0.norm2.bias to zeros
Initialize encoder.encoders.1.self_attn.linear_q.bias to zeros
Initialize encoder.encoders.1.self_attn.linear_k.bias to zeros
Initialize encoder.encoders.1.self_attn.linear_v.bias to zeros
Initialize encoder.encoders.1.self_attn.linear_out.bias to zeros
Initialize encoder.encoders.1.feed_forward.w_1.bias to zeros
Initialize encoder.encoders.1.feed_forward.w_2.bias to zeros
Initialize encoder.encoders.1.norm1.bias to zeros
Initialize encoder.encoders.1.norm2.bias to zeros
Initialize encoder.encoders.2.self_attn.linear_q.bias to zeros
Initialize encoder.encoders.2.self_attn.linear_k.bias to zeros
Initialize encoder.encoders.2.self_attn.linear_v.bias to zeros
Initialize encoder.encoders.2.self_attn.linear_out.bias to zeros
Initialize encoder.encoders.2.feed_forward.w_1.bias to zeros
Initialize encoder.encoders.2.feed_forward.w_2.bias to zeros
Initialize encoder.encoders.2.norm1.bias to zeros
Initialize encoder.encoders.2.norm2.bias to zeros
Initialize encoder.encoders.3.self_attn.linear_q.bias to zeros
Initialize encoder.encoders.3.self_attn.linear_k.bias to zeros
Initialize encoder.encoders.3.self_attn.linear_v.bias to zeros
Initialize encoder.encoders.3.self_attn.linear_out.bias to zeros
Initialize encoder.encoders.3.feed_forward.w_1.bias to zeros
Initialize encoder.encoders.3.feed_forward.w_2.bias to zeros
Initialize encoder.encoders.3.norm1.bias to zeros
Initialize encoder.encoders.3.norm2.bias to zeros
Initialize encoder.after_norm.bias to zeros
Initialize duration_predictor.conv.0.0.bias to zeros
Initialize duration_predictor.conv.0.2.bias to zeros
Initialize duration_predictor.conv.1.0.bias to zeros
Initialize duration_predictor.conv.1.2.bias to zeros
Initialize duration_predictor.linear.bias to zeros
Initialize pitch_predictor.conv.0.0.bias to zeros
Initialize pitch_predictor.conv.0.2.bias to zeros
Initialize pitch_predictor.conv.1.0.bias to zeros
Initialize pitch_predictor.conv.1.2.bias to zeros
Initialize pitch_predictor.conv.2.0.bias to zeros
Initialize pitch_predictor.conv.2.2.bias to zeros
Initialize pitch_predictor.conv.3.0.bias to zeros
Initialize pitch_predictor.conv.3.2.bias to zeros
Initialize pitch_predictor.conv.4.0.bias to zeros
Initialize pitch_predictor.conv.4.2.bias to zeros
Initialize pitch_predictor.linear.bias to zeros
Initialize pitch_embed.0.bias to zeros
Initialize energy_predictor.conv.0.0.bias to zeros
Initialize energy_predictor.conv.0.2.bias to zeros
Initialize energy_predictor.conv.1.0.bias to zeros
Initialize energy_predictor.conv.1.2.bias to zeros
Initialize energy_predictor.linear.bias to zeros
Initialize energy_embed.0.bias to zeros
Initialize d0_predictor.conv.0.0.bias to zeros
Initialize d0_predictor.conv.0.2.bias to zeros
Initialize d0_predictor.conv.1.0.bias to zeros
Initialize d0_predictor.conv.1.2.bias to zeros
Initialize d0_predictor.linear.bias to zeros
Initialize d0_embed.0.bias to zeros
Initialize alignment_module.t_conv1.bias to zeros
Initialize alignment_module.t_conv2.bias to zeros
Initialize alignment_module.f_conv1.bias to zeros
Initialize alignment_module.f_conv2.bias to zeros
Initialize alignment_module.f_conv3.bias to zeros
Initialize decoder.encoders.0.self_attn.linear_q.bias to zeros
Initialize decoder.encoders.0.self_attn.linear_k.bias to zeros
Initialize decoder.encoders.0.self_attn.linear_v.bias to zeros
Initialize decoder.encoders.0.self_attn.linear_out.bias to zeros
Initialize decoder.encoders.0.feed_forward.w_1.bias to zeros
Initialize decoder.encoders.0.feed_forward.w_2.bias to zeros
Initialize decoder.encoders.0.norm1.bias to zeros
Initialize decoder.encoders.0.norm2.bias to zeros
Initialize decoder.encoders.1.self_attn.linear_q.bias to zeros
Initialize decoder.encoders.1.self_attn.linear_k.bias to zeros
Initialize decoder.encoders.1.self_attn.linear_v.bias to zeros
Initialize decoder.encoders.1.self_attn.linear_out.bias to zeros
Initialize decoder.encoders.1.feed_forward.w_1.bias to zeros
Initialize decoder.encoders.1.feed_forward.w_2.bias to zeros
Initialize decoder.encoders.1.norm1.bias to zeros
Initialize decoder.encoders.1.norm2.bias to zeros
Initialize decoder.encoders.2.self_attn.linear_q.bias to zeros
Initialize decoder.encoders.2.self_attn.linear_k.bias to zeros
Initialize decoder.encoders.2.self_attn.linear_v.bias to zeros
Initialize decoder.encoders.2.self_attn.linear_out.bias to zeros
Initialize decoder.encoders.2.feed_forward.w_1.bias to zeros
Initialize decoder.encoders.2.feed_forward.w_2.bias to zeros
Initialize decoder.encoders.2.norm1.bias to zeros
Initialize decoder.encoders.2.norm2.bias to zeros
Initialize decoder.encoders.3.self_attn.linear_q.bias to zeros
Initialize decoder.encoders.3.self_attn.linear_k.bias to zeros
Initialize decoder.encoders.3.self_attn.linear_v.bias to zeros
Initialize decoder.encoders.3.self_attn.linear_out.bias to zeros
Initialize decoder.encoders.3.feed_forward.w_1.bias to zeros
Initialize decoder.encoders.3.feed_forward.w_2.bias to zeros
Initialize decoder.encoders.3.norm1.bias to zeros
Initialize decoder.encoders.3.norm2.bias to zeros
Initialize decoder.after_norm.bias to zeros
Initialize generator.input_conv.bias to zeros
Initialize generator.upsamples.0.1.bias to zeros
Initialize generator.upsamples.1.1.bias to zeros
Initialize generator.upsamples.2.1.bias to zeros
Initialize generator.upsamples.3.1.bias to zeros
Initialize generator.blocks.0.convs1.0.1.bias to zeros
Initialize generator.blocks.0.convs1.1.1.bias to zeros
Initialize generator.blocks.0.convs1.2.1.bias to zeros
Initialize generator.blocks.0.convs2.0.1.bias to zeros
Initialize generator.blocks.0.convs2.1.1.bias to zeros
Initialize generator.blocks.0.convs2.2.1.bias to zeros
Initialize generator.blocks.1.convs1.0.1.bias to zeros
Initialize generator.blocks.1.convs1.1.1.bias to zeros
Initialize generator.blocks.1.convs1.2.1.bias to zeros
Initialize generator.blocks.1.convs2.0.1.bias to zeros
Initialize generator.blocks.1.convs2.1.1.bias to zeros
Initialize generator.blocks.1.convs2.2.1.bias to zeros
Initialize generator.blocks.2.convs1.0.1.bias to zeros
Initialize generator.blocks.2.convs1.1.1.bias to zeros
Initialize generator.blocks.2.convs1.2.1.bias to zeros
Initialize generator.blocks.2.convs2.0.1.bias to zeros
Initialize generator.blocks.2.convs2.1.1.bias to zeros
Initialize generator.blocks.2.convs2.2.1.bias to zeros
Initialize generator.blocks.3.convs1.0.1.bias to zeros
Initialize generator.blocks.3.convs1.1.1.bias to zeros
Initialize generator.blocks.3.convs1.2.1.bias to zeros
Initialize generator.blocks.3.convs2.0.1.bias to zeros
Initialize generator.blocks.3.convs2.1.1.bias to zeros
Initialize generator.blocks.3.convs2.2.1.bias to zeros
Initialize generator.blocks.4.convs1.0.1.bias to zeros
Initialize generator.blocks.4.convs1.1.1.bias to zeros
Initialize generator.blocks.4.convs1.2.1.bias to zeros
Initialize generator.blocks.4.convs2.0.1.bias to zeros
Initialize generator.blocks.4.convs2.1.1.bias to zeros
Initialize generator.blocks.4.convs2.2.1.bias to zeros
Initialize generator.blocks.5.convs1.0.1.bias to zeros
Initialize generator.blocks.5.convs1.1.1.bias to zeros
Initialize generator.blocks.5.convs1.2.1.bias to zeros
Initialize generator.blocks.5.convs2.0.1.bias to zeros
Initialize generator.blocks.5.convs2.1.1.bias to zeros
Initialize generator.blocks.5.convs2.2.1.bias to zeros
Initialize generator.blocks.6.convs1.0.1.bias to zeros
Initialize generator.blocks.6.convs1.1.1.bias to zeros
Initialize generator.blocks.6.convs1.2.1.bias to zeros
Initialize generator.blocks.6.convs2.0.1.bias to zeros
Initialize generator.blocks.6.convs2.1.1.bias to zeros
Initialize generator.blocks.6.convs2.2.1.bias to zeros
Initialize generator.blocks.7.convs1.0.1.bias to zeros
Initialize generator.blocks.7.convs1.1.1.bias to zeros
Initialize generator.blocks.7.convs1.2.1.bias to zeros
Initialize generator.blocks.7.convs2.0.1.bias to zeros
Initialize generator.blocks.7.convs2.1.1.bias to zeros
Initialize generator.blocks.7.convs2.2.1.bias to zeros
Initialize generator.blocks.8.convs1.0.1.bias to zeros
Initialize generator.blocks.8.convs1.1.1.bias to zeros
Initialize generator.blocks.8.convs1.2.1.bias to zeros
Initialize generator.blocks.8.convs2.0.1.bias to zeros
Initialize generator.blocks.8.convs2.1.1.bias to zeros
Initialize generator.blocks.8.convs2.2.1.bias to zeros
Initialize generator.blocks.9.convs1.0.1.bias to zeros
Initialize generator.blocks.9.convs1.1.1.bias to zeros
Initialize generator.blocks.9.convs1.2.1.bias to zeros
Initialize generator.blocks.9.convs2.0.1.bias to zeros
Initialize generator.blocks.9.convs2.1.1.bias to zeros
Initialize generator.blocks.9.convs2.2.1.bias to zeros
Initialize generator.blocks.10.convs1.0.1.bias to zeros
Initialize generator.blocks.10.convs1.1.1.bias to zeros
Initialize generator.blocks.10.convs1.2.1.bias to zeros
Initialize generator.blocks.10.convs2.0.1.bias to zeros
Initialize generator.blocks.10.convs2.1.1.bias to zeros
Initialize generator.blocks.10.convs2.2.1.bias to zeros
Initialize generator.blocks.11.convs1.0.1.bias to zeros
Initialize generator.blocks.11.convs1.1.1.bias to zeros
Initialize generator.blocks.11.convs1.2.1.bias to zeros
Initialize generator.blocks.11.convs2.0.1.bias to zeros
Initialize generator.blocks.11.convs2.1.1.bias to zeros
Initialize generator.blocks.11.convs2.2.1.bias to zeros
Initialize generator.output_conv.1.bias to zeros
Traceback (most recent call last):
  File "/home/uesugi/miniconda3/envs/espnet_custom/lib/python3.9/runpy.py", line 197, in _run_module_as_main
    return _run_code(code, main_globals, None,
  File "/home/uesugi/miniconda3/envs/espnet_custom/lib/python3.9/runpy.py", line 87, in _run_code
    exec(code, run_globals)
  File "/home/uesugi/espnet-for-customize-jets/espnet2/bin/gan_tts_train.py", line 22, in <module>
    main()
  File "/home/uesugi/espnet-for-customize-jets/espnet2/bin/gan_tts_train.py", line 18, in main
    GANTTSTask.main(cmd=cmd)
  File "/home/uesugi/espnet-for-customize-jets/espnet2/tasks/abs_task.py", line 1225, in main
    cls.main_worker(args)
  File "/home/uesugi/espnet-for-customize-jets/espnet2/tasks/abs_task.py", line 1357, in main_worker
    model = cls.build_model(args=args)
  File "/home/uesugi/espnet-for-customize-jets/espnet2/tasks/gan_tts.py", line 386, in build_model
    d0_extract = d0_extract_class(
TypeError: __init__() got an unexpected keyword argument 'fmin'
# Accounting: time=78 threads=1
# Ended (code 1) at Tue Jul  1 10:36:29 JST 2025, elapsed time 78 seconds
# python3 -m espnet2.bin.gan_tts_train --collect_stats true --write_collected_feats true --use_preprocessor true --token_type phn --token_list dump/22.05k/token_list/phn_jaconv_pyopenjtalk_prosody/tokens.txt --non_linguistic_symbols none --cleaner jaconv --g2p pyopenjtalk_prosody --normalize none --pitch_normalize none --energy_normalize none --d0_normalize none --train_data_path_and_name_and_type dump/22.05k/raw/tr_no_dev/text,text,text --train_data_path_and_name_and_type dump/22.05k/raw/tr_no_dev/wav.scp,speech,sound --valid_data_path_and_name_and_type dump/22.05k/raw/dev/text,text,text --valid_data_path_and_name_and_type dump/22.05k/raw/dev/wav.scp,speech,sound --train_shape_file exp/22.05k/tts_stats_raw_phn_jaconv_pyopenjtalk_prosody/logdir/train.23.scp --valid_shape_file exp/22.05k/tts_stats_raw_phn_jaconv_pyopenjtalk_prosody/logdir/valid.23.scp --output_dir exp/22.05k/tts_stats_raw_phn_jaconv_pyopenjtalk_prosody/logdir/stats.23 --config conf/tuning/train_jets_22.05k.yaml --feats_extract fbank --feats_extract_conf n_fft=1024 --feats_extract_conf hop_length=256 --feats_extract_conf win_length=null --feats_extract_conf fs=22050 --feats_extract_conf fmin=80 --feats_extract_conf fmax=7600 --feats_extract_conf n_mels=80 --pitch_extract_conf fs=22050 --pitch_extract_conf n_fft=1024 --pitch_extract_conf hop_length=256 --pitch_extract_conf f0max=400 --pitch_extract_conf f0min=80 --energy_extract_conf fs=22050 --energy_extract_conf n_fft=1024 --energy_extract_conf hop_length=256 --energy_extract_conf win_length=null --d0_extract_conf fs=22050 --d0_extract_conf n_fft=1024 --d0_extract_conf hop_length=256 --d0_extract_conf win_length=null --d0_extract_conf fmin=80 --d0_extract_conf fmax=7600 --d0_extract_conf n_mels=80 
# Started at Tue Jul  1 10:35:10 JST 2025
#
/home/uesugi/miniconda3/envs/espnet_custom/bin/python3 /home/uesugi/espnet-for-customize-jets/espnet2/bin/gan_tts_train.py --collect_stats true --write_collected_feats true --use_preprocessor true --token_type phn --token_list dump/22.05k/token_list/phn_jaconv_pyopenjtalk_prosody/tokens.txt --non_linguistic_symbols none --cleaner jaconv --g2p pyopenjtalk_prosody --normalize none --pitch_normalize none --energy_normalize none --d0_normalize none --train_data_path_and_name_and_type dump/22.05k/raw/tr_no_dev/text,text,text --train_data_path_and_name_and_type dump/22.05k/raw/tr_no_dev/wav.scp,speech,sound --valid_data_path_and_name_and_type dump/22.05k/raw/dev/text,text,text --valid_data_path_and_name_and_type dump/22.05k/raw/dev/wav.scp,speech,sound --train_shape_file exp/22.05k/tts_stats_raw_phn_jaconv_pyopenjtalk_prosody/logdir/train.23.scp --valid_shape_file exp/22.05k/tts_stats_raw_phn_jaconv_pyopenjtalk_prosody/logdir/valid.23.scp --output_dir exp/22.05k/tts_stats_raw_phn_jaconv_pyopenjtalk_prosody/logdir/stats.23 --config conf/tuning/train_jets_22.05k.yaml --feats_extract fbank --feats_extract_conf n_fft=1024 --feats_extract_conf hop_length=256 --feats_extract_conf win_length=null --feats_extract_conf fs=22050 --feats_extract_conf fmin=80 --feats_extract_conf fmax=7600 --feats_extract_conf n_mels=80 --pitch_extract_conf fs=22050 --pitch_extract_conf n_fft=1024 --pitch_extract_conf hop_length=256 --pitch_extract_conf f0max=400 --pitch_extract_conf f0min=80 --energy_extract_conf fs=22050 --energy_extract_conf n_fft=1024 --energy_extract_conf hop_length=256 --energy_extract_conf win_length=null --d0_extract_conf fs=22050 --d0_extract_conf n_fft=1024 --d0_extract_conf hop_length=256 --d0_extract_conf win_length=null --d0_extract_conf fmin=80 --d0_extract_conf fmax=7600 --d0_extract_conf n_mels=80
Failed to import Flash Attention, using ESPnet default: libcudart.so.12: cannot open shared object file: No such file or directory
Vocabulary size: 47
encoder self-attention layer type = self-attention
encoder self-attention layer type = self-attention
/home/uesugi/miniconda3/envs/espnet_custom/lib/python3.9/site-packages/torch/nn/utils/weight_norm.py:143: FutureWarning: `torch.nn.utils.weight_norm` is deprecated in favor of `torch.nn.utils.parametrizations.weight_norm`.
  WeightNorm.apply(module, name, dim)
Initialize encoder.encoders.0.self_attn.linear_q.bias to zeros
Initialize encoder.encoders.0.self_attn.linear_k.bias to zeros
Initialize encoder.encoders.0.self_attn.linear_v.bias to zeros
Initialize encoder.encoders.0.self_attn.linear_out.bias to zeros
Initialize encoder.encoders.0.feed_forward.w_1.bias to zeros
Initialize encoder.encoders.0.feed_forward.w_2.bias to zeros
Initialize encoder.encoders.0.norm1.bias to zeros
Initialize encoder.encoders.0.norm2.bias to zeros
Initialize encoder.encoders.1.self_attn.linear_q.bias to zeros
Initialize encoder.encoders.1.self_attn.linear_k.bias to zeros
Initialize encoder.encoders.1.self_attn.linear_v.bias to zeros
Initialize encoder.encoders.1.self_attn.linear_out.bias to zeros
Initialize encoder.encoders.1.feed_forward.w_1.bias to zeros
Initialize encoder.encoders.1.feed_forward.w_2.bias to zeros
Initialize encoder.encoders.1.norm1.bias to zeros
Initialize encoder.encoders.1.norm2.bias to zeros
Initialize encoder.encoders.2.self_attn.linear_q.bias to zeros
Initialize encoder.encoders.2.self_attn.linear_k.bias to zeros
Initialize encoder.encoders.2.self_attn.linear_v.bias to zeros
Initialize encoder.encoders.2.self_attn.linear_out.bias to zeros
Initialize encoder.encoders.2.feed_forward.w_1.bias to zeros
Initialize encoder.encoders.2.feed_forward.w_2.bias to zeros
Initialize encoder.encoders.2.norm1.bias to zeros
Initialize encoder.encoders.2.norm2.bias to zeros
Initialize encoder.encoders.3.self_attn.linear_q.bias to zeros
Initialize encoder.encoders.3.self_attn.linear_k.bias to zeros
Initialize encoder.encoders.3.self_attn.linear_v.bias to zeros
Initialize encoder.encoders.3.self_attn.linear_out.bias to zeros
Initialize encoder.encoders.3.feed_forward.w_1.bias to zeros
Initialize encoder.encoders.3.feed_forward.w_2.bias to zeros
Initialize encoder.encoders.3.norm1.bias to zeros
Initialize encoder.encoders.3.norm2.bias to zeros
Initialize encoder.after_norm.bias to zeros
Initialize duration_predictor.conv.0.0.bias to zeros
Initialize duration_predictor.conv.0.2.bias to zeros
Initialize duration_predictor.conv.1.0.bias to zeros
Initialize duration_predictor.conv.1.2.bias to zeros
Initialize duration_predictor.linear.bias to zeros
Initialize pitch_predictor.conv.0.0.bias to zeros
Initialize pitch_predictor.conv.0.2.bias to zeros
Initialize pitch_predictor.conv.1.0.bias to zeros
Initialize pitch_predictor.conv.1.2.bias to zeros
Initialize pitch_predictor.conv.2.0.bias to zeros
Initialize pitch_predictor.conv.2.2.bias to zeros
Initialize pitch_predictor.conv.3.0.bias to zeros
Initialize pitch_predictor.conv.3.2.bias to zeros
Initialize pitch_predictor.conv.4.0.bias to zeros
Initialize pitch_predictor.conv.4.2.bias to zeros
Initialize pitch_predictor.linear.bias to zeros
Initialize pitch_embed.0.bias to zeros
Initialize energy_predictor.conv.0.0.bias to zeros
Initialize energy_predictor.conv.0.2.bias to zeros
Initialize energy_predictor.conv.1.0.bias to zeros
Initialize energy_predictor.conv.1.2.bias to zeros
Initialize energy_predictor.linear.bias to zeros
Initialize energy_embed.0.bias to zeros
Initialize d0_predictor.conv.0.0.bias to zeros
Initialize d0_predictor.conv.0.2.bias to zeros
Initialize d0_predictor.conv.1.0.bias to zeros
Initialize d0_predictor.conv.1.2.bias to zeros
Initialize d0_predictor.linear.bias to zeros
Initialize d0_embed.0.bias to zeros
Initialize alignment_module.t_conv1.bias to zeros
Initialize alignment_module.t_conv2.bias to zeros
Initialize alignment_module.f_conv1.bias to zeros
Initialize alignment_module.f_conv2.bias to zeros
Initialize alignment_module.f_conv3.bias to zeros
Initialize decoder.encoders.0.self_attn.linear_q.bias to zeros
Initialize decoder.encoders.0.self_attn.linear_k.bias to zeros
Initialize decoder.encoders.0.self_attn.linear_v.bias to zeros
Initialize decoder.encoders.0.self_attn.linear_out.bias to zeros
Initialize decoder.encoders.0.feed_forward.w_1.bias to zeros
Initialize decoder.encoders.0.feed_forward.w_2.bias to zeros
Initialize decoder.encoders.0.norm1.bias to zeros
Initialize decoder.encoders.0.norm2.bias to zeros
Initialize decoder.encoders.1.self_attn.linear_q.bias to zeros
Initialize decoder.encoders.1.self_attn.linear_k.bias to zeros
Initialize decoder.encoders.1.self_attn.linear_v.bias to zeros
Initialize decoder.encoders.1.self_attn.linear_out.bias to zeros
Initialize decoder.encoders.1.feed_forward.w_1.bias to zeros
Initialize decoder.encoders.1.feed_forward.w_2.bias to zeros
Initialize decoder.encoders.1.norm1.bias to zeros
Initialize decoder.encoders.1.norm2.bias to zeros
Initialize decoder.encoders.2.self_attn.linear_q.bias to zeros
Initialize decoder.encoders.2.self_attn.linear_k.bias to zeros
Initialize decoder.encoders.2.self_attn.linear_v.bias to zeros
Initialize decoder.encoders.2.self_attn.linear_out.bias to zeros
Initialize decoder.encoders.2.feed_forward.w_1.bias to zeros
Initialize decoder.encoders.2.feed_forward.w_2.bias to zeros
Initialize decoder.encoders.2.norm1.bias to zeros
Initialize decoder.encoders.2.norm2.bias to zeros
Initialize decoder.encoders.3.self_attn.linear_q.bias to zeros
Initialize decoder.encoders.3.self_attn.linear_k.bias to zeros
Initialize decoder.encoders.3.self_attn.linear_v.bias to zeros
Initialize decoder.encoders.3.self_attn.linear_out.bias to zeros
Initialize decoder.encoders.3.feed_forward.w_1.bias to zeros
Initialize decoder.encoders.3.feed_forward.w_2.bias to zeros
Initialize decoder.encoders.3.norm1.bias to zeros
Initialize decoder.encoders.3.norm2.bias to zeros
Initialize decoder.after_norm.bias to zeros
Initialize generator.input_conv.bias to zeros
Initialize generator.upsamples.0.1.bias to zeros
Initialize generator.upsamples.1.1.bias to zeros
Initialize generator.upsamples.2.1.bias to zeros
Initialize generator.upsamples.3.1.bias to zeros
Initialize generator.blocks.0.convs1.0.1.bias to zeros
Initialize generator.blocks.0.convs1.1.1.bias to zeros
Initialize generator.blocks.0.convs1.2.1.bias to zeros
Initialize generator.blocks.0.convs2.0.1.bias to zeros
Initialize generator.blocks.0.convs2.1.1.bias to zeros
Initialize generator.blocks.0.convs2.2.1.bias to zeros
Initialize generator.blocks.1.convs1.0.1.bias to zeros
Initialize generator.blocks.1.convs1.1.1.bias to zeros
Initialize generator.blocks.1.convs1.2.1.bias to zeros
Initialize generator.blocks.1.convs2.0.1.bias to zeros
Initialize generator.blocks.1.convs2.1.1.bias to zeros
Initialize generator.blocks.1.convs2.2.1.bias to zeros
Initialize generator.blocks.2.convs1.0.1.bias to zeros
Initialize generator.blocks.2.convs1.1.1.bias to zeros
Initialize generator.blocks.2.convs1.2.1.bias to zeros
Initialize generator.blocks.2.convs2.0.1.bias to zeros
Initialize generator.blocks.2.convs2.1.1.bias to zeros
Initialize generator.blocks.2.convs2.2.1.bias to zeros
Initialize generator.blocks.3.convs1.0.1.bias to zeros
Initialize generator.blocks.3.convs1.1.1.bias to zeros
Initialize generator.blocks.3.convs1.2.1.bias to zeros
Initialize generator.blocks.3.convs2.0.1.bias to zeros
Initialize generator.blocks.3.convs2.1.1.bias to zeros
Initialize generator.blocks.3.convs2.2.1.bias to zeros
Initialize generator.blocks.4.convs1.0.1.bias to zeros
Initialize generator.blocks.4.convs1.1.1.bias to zeros
Initialize generator.blocks.4.convs1.2.1.bias to zeros
Initialize generator.blocks.4.convs2.0.1.bias to zeros
Initialize generator.blocks.4.convs2.1.1.bias to zeros
Initialize generator.blocks.4.convs2.2.1.bias to zeros
Initialize generator.blocks.5.convs1.0.1.bias to zeros
Initialize generator.blocks.5.convs1.1.1.bias to zeros
Initialize generator.blocks.5.convs1.2.1.bias to zeros
Initialize generator.blocks.5.convs2.0.1.bias to zeros
Initialize generator.blocks.5.convs2.1.1.bias to zeros
Initialize generator.blocks.5.convs2.2.1.bias to zeros
Initialize generator.blocks.6.convs1.0.1.bias to zeros
Initialize generator.blocks.6.convs1.1.1.bias to zeros
Initialize generator.blocks.6.convs1.2.1.bias to zeros
Initialize generator.blocks.6.convs2.0.1.bias to zeros
Initialize generator.blocks.6.convs2.1.1.bias to zeros
Initialize generator.blocks.6.convs2.2.1.bias to zeros
Initialize generator.blocks.7.convs1.0.1.bias to zeros
Initialize generator.blocks.7.convs1.1.1.bias to zeros
Initialize generator.blocks.7.convs1.2.1.bias to zeros
Initialize generator.blocks.7.convs2.0.1.bias to zeros
Initialize generator.blocks.7.convs2.1.1.bias to zeros
Initialize generator.blocks.7.convs2.2.1.bias to zeros
Initialize generator.blocks.8.convs1.0.1.bias to zeros
Initialize generator.blocks.8.convs1.1.1.bias to zeros
Initialize generator.blocks.8.convs1.2.1.bias to zeros
Initialize generator.blocks.8.convs2.0.1.bias to zeros
Initialize generator.blocks.8.convs2.1.1.bias to zeros
Initialize generator.blocks.8.convs2.2.1.bias to zeros
Initialize generator.blocks.9.convs1.0.1.bias to zeros
Initialize generator.blocks.9.convs1.1.1.bias to zeros
Initialize generator.blocks.9.convs1.2.1.bias to zeros
Initialize generator.blocks.9.convs2.0.1.bias to zeros
Initialize generator.blocks.9.convs2.1.1.bias to zeros
Initialize generator.blocks.9.convs2.2.1.bias to zeros
Initialize generator.blocks.10.convs1.0.1.bias to zeros
Initialize generator.blocks.10.convs1.1.1.bias to zeros
Initialize generator.blocks.10.convs1.2.1.bias to zeros
Initialize generator.blocks.10.convs2.0.1.bias to zeros
Initialize generator.blocks.10.convs2.1.1.bias to zeros
Initialize generator.blocks.10.convs2.2.1.bias to zeros
Initialize generator.blocks.11.convs1.0.1.bias to zeros
Initialize generator.blocks.11.convs1.1.1.bias to zeros
Initialize generator.blocks.11.convs1.2.1.bias to zeros
Initialize generator.blocks.11.convs2.0.1.bias to zeros
Initialize generator.blocks.11.convs2.1.1.bias to zeros
Initialize generator.blocks.11.convs2.2.1.bias to zeros
Initialize generator.output_conv.1.bias to zeros
Traceback (most recent call last):
  File "/home/uesugi/miniconda3/envs/espnet_custom/lib/python3.9/runpy.py", line 197, in _run_module_as_main
    return _run_code(code, main_globals, None,
  File "/home/uesugi/miniconda3/envs/espnet_custom/lib/python3.9/runpy.py", line 87, in _run_code
    exec(code, run_globals)
  File "/home/uesugi/espnet-for-customize-jets/espnet2/bin/gan_tts_train.py", line 22, in <module>
    main()
  File "/home/uesugi/espnet-for-customize-jets/espnet2/bin/gan_tts_train.py", line 18, in main
    GANTTSTask.main(cmd=cmd)
  File "/home/uesugi/espnet-for-customize-jets/espnet2/tasks/abs_task.py", line 1225, in main
    cls.main_worker(args)
  File "/home/uesugi/espnet-for-customize-jets/espnet2/tasks/abs_task.py", line 1357, in main_worker
    model = cls.build_model(args=args)
  File "/home/uesugi/espnet-for-customize-jets/espnet2/tasks/gan_tts.py", line 386, in build_model
    d0_extract = d0_extract_class(
TypeError: __init__() got an unexpected keyword argument 'fmin'
# Accounting: time=64 threads=1
# Ended (code 1) at Tue Jul  1 10:36:14 JST 2025, elapsed time 64 seconds
# python3 -m espnet2.bin.gan_tts_train --collect_stats true --write_collected_feats true --use_preprocessor true --token_type phn --token_list dump/22.05k/token_list/phn_jaconv_pyopenjtalk_prosody/tokens.txt --non_linguistic_symbols none --cleaner jaconv --g2p pyopenjtalk_prosody --normalize none --pitch_normalize none --energy_normalize none --d0_normalize none --train_data_path_and_name_and_type dump/22.05k/raw/tr_no_dev/text,text,text --train_data_path_and_name_and_type dump/22.05k/raw/tr_no_dev/wav.scp,speech,sound --valid_data_path_and_name_and_type dump/22.05k/raw/dev/text,text,text --valid_data_path_and_name_and_type dump/22.05k/raw/dev/wav.scp,speech,sound --train_shape_file exp/22.05k/tts_stats_raw_phn_jaconv_pyopenjtalk_prosody/logdir/train.24.scp --valid_shape_file exp/22.05k/tts_stats_raw_phn_jaconv_pyopenjtalk_prosody/logdir/valid.24.scp --output_dir exp/22.05k/tts_stats_raw_phn_jaconv_pyopenjtalk_prosody/logdir/stats.24 --config conf/tuning/train_jets_22.05k.yaml --feats_extract fbank --feats_extract_conf n_fft=1024 --feats_extract_conf hop_length=256 --feats_extract_conf win_length=null --feats_extract_conf fs=22050 --feats_extract_conf fmin=80 --feats_extract_conf fmax=7600 --feats_extract_conf n_mels=80 --pitch_extract_conf fs=22050 --pitch_extract_conf n_fft=1024 --pitch_extract_conf hop_length=256 --pitch_extract_conf f0max=400 --pitch_extract_conf f0min=80 --energy_extract_conf fs=22050 --energy_extract_conf n_fft=1024 --energy_extract_conf hop_length=256 --energy_extract_conf win_length=null --d0_extract_conf fs=22050 --d0_extract_conf n_fft=1024 --d0_extract_conf hop_length=256 --d0_extract_conf win_length=null --d0_extract_conf fmin=80 --d0_extract_conf fmax=7600 --d0_extract_conf n_mels=80 
# Started at Tue Jul  1 10:35:09 JST 2025
#
/home/uesugi/miniconda3/envs/espnet_custom/bin/python3 /home/uesugi/espnet-for-customize-jets/espnet2/bin/gan_tts_train.py --collect_stats true --write_collected_feats true --use_preprocessor true --token_type phn --token_list dump/22.05k/token_list/phn_jaconv_pyopenjtalk_prosody/tokens.txt --non_linguistic_symbols none --cleaner jaconv --g2p pyopenjtalk_prosody --normalize none --pitch_normalize none --energy_normalize none --d0_normalize none --train_data_path_and_name_and_type dump/22.05k/raw/tr_no_dev/text,text,text --train_data_path_and_name_and_type dump/22.05k/raw/tr_no_dev/wav.scp,speech,sound --valid_data_path_and_name_and_type dump/22.05k/raw/dev/text,text,text --valid_data_path_and_name_and_type dump/22.05k/raw/dev/wav.scp,speech,sound --train_shape_file exp/22.05k/tts_stats_raw_phn_jaconv_pyopenjtalk_prosody/logdir/train.24.scp --valid_shape_file exp/22.05k/tts_stats_raw_phn_jaconv_pyopenjtalk_prosody/logdir/valid.24.scp --output_dir exp/22.05k/tts_stats_raw_phn_jaconv_pyopenjtalk_prosody/logdir/stats.24 --config conf/tuning/train_jets_22.05k.yaml --feats_extract fbank --feats_extract_conf n_fft=1024 --feats_extract_conf hop_length=256 --feats_extract_conf win_length=null --feats_extract_conf fs=22050 --feats_extract_conf fmin=80 --feats_extract_conf fmax=7600 --feats_extract_conf n_mels=80 --pitch_extract_conf fs=22050 --pitch_extract_conf n_fft=1024 --pitch_extract_conf hop_length=256 --pitch_extract_conf f0max=400 --pitch_extract_conf f0min=80 --energy_extract_conf fs=22050 --energy_extract_conf n_fft=1024 --energy_extract_conf hop_length=256 --energy_extract_conf win_length=null --d0_extract_conf fs=22050 --d0_extract_conf n_fft=1024 --d0_extract_conf hop_length=256 --d0_extract_conf win_length=null --d0_extract_conf fmin=80 --d0_extract_conf fmax=7600 --d0_extract_conf n_mels=80
Failed to import Flash Attention, using ESPnet default: libcudart.so.12: cannot open shared object file: No such file or directory
Vocabulary size: 47
encoder self-attention layer type = self-attention
encoder self-attention layer type = self-attention
/home/uesugi/miniconda3/envs/espnet_custom/lib/python3.9/site-packages/torch/nn/utils/weight_norm.py:143: FutureWarning: `torch.nn.utils.weight_norm` is deprecated in favor of `torch.nn.utils.parametrizations.weight_norm`.
  WeightNorm.apply(module, name, dim)
Initialize encoder.encoders.0.self_attn.linear_q.bias to zeros
Initialize encoder.encoders.0.self_attn.linear_k.bias to zeros
Initialize encoder.encoders.0.self_attn.linear_v.bias to zeros
Initialize encoder.encoders.0.self_attn.linear_out.bias to zeros
Initialize encoder.encoders.0.feed_forward.w_1.bias to zeros
Initialize encoder.encoders.0.feed_forward.w_2.bias to zeros
Initialize encoder.encoders.0.norm1.bias to zeros
Initialize encoder.encoders.0.norm2.bias to zeros
Initialize encoder.encoders.1.self_attn.linear_q.bias to zeros
Initialize encoder.encoders.1.self_attn.linear_k.bias to zeros
Initialize encoder.encoders.1.self_attn.linear_v.bias to zeros
Initialize encoder.encoders.1.self_attn.linear_out.bias to zeros
Initialize encoder.encoders.1.feed_forward.w_1.bias to zeros
Initialize encoder.encoders.1.feed_forward.w_2.bias to zeros
Initialize encoder.encoders.1.norm1.bias to zeros
Initialize encoder.encoders.1.norm2.bias to zeros
Initialize encoder.encoders.2.self_attn.linear_q.bias to zeros
Initialize encoder.encoders.2.self_attn.linear_k.bias to zeros
Initialize encoder.encoders.2.self_attn.linear_v.bias to zeros
Initialize encoder.encoders.2.self_attn.linear_out.bias to zeros
Initialize encoder.encoders.2.feed_forward.w_1.bias to zeros
Initialize encoder.encoders.2.feed_forward.w_2.bias to zeros
Initialize encoder.encoders.2.norm1.bias to zeros
Initialize encoder.encoders.2.norm2.bias to zeros
Initialize encoder.encoders.3.self_attn.linear_q.bias to zeros
Initialize encoder.encoders.3.self_attn.linear_k.bias to zeros
Initialize encoder.encoders.3.self_attn.linear_v.bias to zeros
Initialize encoder.encoders.3.self_attn.linear_out.bias to zeros
Initialize encoder.encoders.3.feed_forward.w_1.bias to zeros
Initialize encoder.encoders.3.feed_forward.w_2.bias to zeros
Initialize encoder.encoders.3.norm1.bias to zeros
Initialize encoder.encoders.3.norm2.bias to zeros
Initialize encoder.after_norm.bias to zeros
Initialize duration_predictor.conv.0.0.bias to zeros
Initialize duration_predictor.conv.0.2.bias to zeros
Initialize duration_predictor.conv.1.0.bias to zeros
Initialize duration_predictor.conv.1.2.bias to zeros
Initialize duration_predictor.linear.bias to zeros
Initialize pitch_predictor.conv.0.0.bias to zeros
Initialize pitch_predictor.conv.0.2.bias to zeros
Initialize pitch_predictor.conv.1.0.bias to zeros
Initialize pitch_predictor.conv.1.2.bias to zeros
Initialize pitch_predictor.conv.2.0.bias to zeros
Initialize pitch_predictor.conv.2.2.bias to zeros
Initialize pitch_predictor.conv.3.0.bias to zeros
Initialize pitch_predictor.conv.3.2.bias to zeros
Initialize pitch_predictor.conv.4.0.bias to zeros
Initialize pitch_predictor.conv.4.2.bias to zeros
Initialize pitch_predictor.linear.bias to zeros
Initialize pitch_embed.0.bias to zeros
Initialize energy_predictor.conv.0.0.bias to zeros
Initialize energy_predictor.conv.0.2.bias to zeros
Initialize energy_predictor.conv.1.0.bias to zeros
Initialize energy_predictor.conv.1.2.bias to zeros
Initialize energy_predictor.linear.bias to zeros
Initialize energy_embed.0.bias to zeros
Initialize d0_predictor.conv.0.0.bias to zeros
Initialize d0_predictor.conv.0.2.bias to zeros
Initialize d0_predictor.conv.1.0.bias to zeros
Initialize d0_predictor.conv.1.2.bias to zeros
Initialize d0_predictor.linear.bias to zeros
Initialize d0_embed.0.bias to zeros
Initialize alignment_module.t_conv1.bias to zeros
Initialize alignment_module.t_conv2.bias to zeros
Initialize alignment_module.f_conv1.bias to zeros
Initialize alignment_module.f_conv2.bias to zeros
Initialize alignment_module.f_conv3.bias to zeros
Initialize decoder.encoders.0.self_attn.linear_q.bias to zeros
Initialize decoder.encoders.0.self_attn.linear_k.bias to zeros
Initialize decoder.encoders.0.self_attn.linear_v.bias to zeros
Initialize decoder.encoders.0.self_attn.linear_out.bias to zeros
Initialize decoder.encoders.0.feed_forward.w_1.bias to zeros
Initialize decoder.encoders.0.feed_forward.w_2.bias to zeros
Initialize decoder.encoders.0.norm1.bias to zeros
Initialize decoder.encoders.0.norm2.bias to zeros
Initialize decoder.encoders.1.self_attn.linear_q.bias to zeros
Initialize decoder.encoders.1.self_attn.linear_k.bias to zeros
Initialize decoder.encoders.1.self_attn.linear_v.bias to zeros
Initialize decoder.encoders.1.self_attn.linear_out.bias to zeros
Initialize decoder.encoders.1.feed_forward.w_1.bias to zeros
Initialize decoder.encoders.1.feed_forward.w_2.bias to zeros
Initialize decoder.encoders.1.norm1.bias to zeros
Initialize decoder.encoders.1.norm2.bias to zeros
Initialize decoder.encoders.2.self_attn.linear_q.bias to zeros
Initialize decoder.encoders.2.self_attn.linear_k.bias to zeros
Initialize decoder.encoders.2.self_attn.linear_v.bias to zeros
Initialize decoder.encoders.2.self_attn.linear_out.bias to zeros
Initialize decoder.encoders.2.feed_forward.w_1.bias to zeros
Initialize decoder.encoders.2.feed_forward.w_2.bias to zeros
Initialize decoder.encoders.2.norm1.bias to zeros
Initialize decoder.encoders.2.norm2.bias to zeros
Initialize decoder.encoders.3.self_attn.linear_q.bias to zeros
Initialize decoder.encoders.3.self_attn.linear_k.bias to zeros
Initialize decoder.encoders.3.self_attn.linear_v.bias to zeros
Initialize decoder.encoders.3.self_attn.linear_out.bias to zeros
Initialize decoder.encoders.3.feed_forward.w_1.bias to zeros
Initialize decoder.encoders.3.feed_forward.w_2.bias to zeros
Initialize decoder.encoders.3.norm1.bias to zeros
Initialize decoder.encoders.3.norm2.bias to zeros
Initialize decoder.after_norm.bias to zeros
Initialize generator.input_conv.bias to zeros
Initialize generator.upsamples.0.1.bias to zeros
Initialize generator.upsamples.1.1.bias to zeros
Initialize generator.upsamples.2.1.bias to zeros
Initialize generator.upsamples.3.1.bias to zeros
Initialize generator.blocks.0.convs1.0.1.bias to zeros
Initialize generator.blocks.0.convs1.1.1.bias to zeros
Initialize generator.blocks.0.convs1.2.1.bias to zeros
Initialize generator.blocks.0.convs2.0.1.bias to zeros
Initialize generator.blocks.0.convs2.1.1.bias to zeros
Initialize generator.blocks.0.convs2.2.1.bias to zeros
Initialize generator.blocks.1.convs1.0.1.bias to zeros
Initialize generator.blocks.1.convs1.1.1.bias to zeros
Initialize generator.blocks.1.convs1.2.1.bias to zeros
Initialize generator.blocks.1.convs2.0.1.bias to zeros
Initialize generator.blocks.1.convs2.1.1.bias to zeros
Initialize generator.blocks.1.convs2.2.1.bias to zeros
Initialize generator.blocks.2.convs1.0.1.bias to zeros
Initialize generator.blocks.2.convs1.1.1.bias to zeros
Initialize generator.blocks.2.convs1.2.1.bias to zeros
Initialize generator.blocks.2.convs2.0.1.bias to zeros
Initialize generator.blocks.2.convs2.1.1.bias to zeros
Initialize generator.blocks.2.convs2.2.1.bias to zeros
Initialize generator.blocks.3.convs1.0.1.bias to zeros
Initialize generator.blocks.3.convs1.1.1.bias to zeros
Initialize generator.blocks.3.convs1.2.1.bias to zeros
Initialize generator.blocks.3.convs2.0.1.bias to zeros
Initialize generator.blocks.3.convs2.1.1.bias to zeros
Initialize generator.blocks.3.convs2.2.1.bias to zeros
Initialize generator.blocks.4.convs1.0.1.bias to zeros
Initialize generator.blocks.4.convs1.1.1.bias to zeros
Initialize generator.blocks.4.convs1.2.1.bias to zeros
Initialize generator.blocks.4.convs2.0.1.bias to zeros
Initialize generator.blocks.4.convs2.1.1.bias to zeros
Initialize generator.blocks.4.convs2.2.1.bias to zeros
Initialize generator.blocks.5.convs1.0.1.bias to zeros
Initialize generator.blocks.5.convs1.1.1.bias to zeros
Initialize generator.blocks.5.convs1.2.1.bias to zeros
Initialize generator.blocks.5.convs2.0.1.bias to zeros
Initialize generator.blocks.5.convs2.1.1.bias to zeros
Initialize generator.blocks.5.convs2.2.1.bias to zeros
Initialize generator.blocks.6.convs1.0.1.bias to zeros
Initialize generator.blocks.6.convs1.1.1.bias to zeros
Initialize generator.blocks.6.convs1.2.1.bias to zeros
Initialize generator.blocks.6.convs2.0.1.bias to zeros
Initialize generator.blocks.6.convs2.1.1.bias to zeros
Initialize generator.blocks.6.convs2.2.1.bias to zeros
Initialize generator.blocks.7.convs1.0.1.bias to zeros
Initialize generator.blocks.7.convs1.1.1.bias to zeros
Initialize generator.blocks.7.convs1.2.1.bias to zeros
Initialize generator.blocks.7.convs2.0.1.bias to zeros
Initialize generator.blocks.7.convs2.1.1.bias to zeros
Initialize generator.blocks.7.convs2.2.1.bias to zeros
Initialize generator.blocks.8.convs1.0.1.bias to zeros
Initialize generator.blocks.8.convs1.1.1.bias to zeros
Initialize generator.blocks.8.convs1.2.1.bias to zeros
Initialize generator.blocks.8.convs2.0.1.bias to zeros
Initialize generator.blocks.8.convs2.1.1.bias to zeros
Initialize generator.blocks.8.convs2.2.1.bias to zeros
Initialize generator.blocks.9.convs1.0.1.bias to zeros
Initialize generator.blocks.9.convs1.1.1.bias to zeros
Initialize generator.blocks.9.convs1.2.1.bias to zeros
Initialize generator.blocks.9.convs2.0.1.bias to zeros
Initialize generator.blocks.9.convs2.1.1.bias to zeros
Initialize generator.blocks.9.convs2.2.1.bias to zeros
Initialize generator.blocks.10.convs1.0.1.bias to zeros
Initialize generator.blocks.10.convs1.1.1.bias to zeros
Initialize generator.blocks.10.convs1.2.1.bias to zeros
Initialize generator.blocks.10.convs2.0.1.bias to zeros
Initialize generator.blocks.10.convs2.1.1.bias to zeros
Initialize generator.blocks.10.convs2.2.1.bias to zeros
Initialize generator.blocks.11.convs1.0.1.bias to zeros
Initialize generator.blocks.11.convs1.1.1.bias to zeros
Initialize generator.blocks.11.convs1.2.1.bias to zeros
Initialize generator.blocks.11.convs2.0.1.bias to zeros
Initialize generator.blocks.11.convs2.1.1.bias to zeros
Initialize generator.blocks.11.convs2.2.1.bias to zeros
Initialize generator.output_conv.1.bias to zeros
Traceback (most recent call last):
  File "/home/uesugi/miniconda3/envs/espnet_custom/lib/python3.9/runpy.py", line 197, in _run_module_as_main
    return _run_code(code, main_globals, None,
  File "/home/uesugi/miniconda3/envs/espnet_custom/lib/python3.9/runpy.py", line 87, in _run_code
    exec(code, run_globals)
  File "/home/uesugi/espnet-for-customize-jets/espnet2/bin/gan_tts_train.py", line 22, in <module>
    main()
  File "/home/uesugi/espnet-for-customize-jets/espnet2/bin/gan_tts_train.py", line 18, in main
    GANTTSTask.main(cmd=cmd)
  File "/home/uesugi/espnet-for-customize-jets/espnet2/tasks/abs_task.py", line 1225, in main
    cls.main_worker(args)
  File "/home/uesugi/espnet-for-customize-jets/espnet2/tasks/abs_task.py", line 1357, in main_worker
    model = cls.build_model(args=args)
  File "/home/uesugi/espnet-for-customize-jets/espnet2/tasks/gan_tts.py", line 386, in build_model
    d0_extract = d0_extract_class(
TypeError: __init__() got an unexpected keyword argument 'fmin'
# Accounting: time=68 threads=1
# Ended (code 1) at Tue Jul  1 10:36:18 JST 2025, elapsed time 68 seconds
# python3 -m espnet2.bin.gan_tts_train --collect_stats true --write_collected_feats true --use_preprocessor true --token_type phn --token_list dump/22.05k/token_list/phn_jaconv_pyopenjtalk_prosody/tokens.txt --non_linguistic_symbols none --cleaner jaconv --g2p pyopenjtalk_prosody --normalize none --pitch_normalize none --energy_normalize none --d0_normalize none --train_data_path_and_name_and_type dump/22.05k/raw/tr_no_dev/text,text,text --train_data_path_and_name_and_type dump/22.05k/raw/tr_no_dev/wav.scp,speech,sound --valid_data_path_and_name_and_type dump/22.05k/raw/dev/text,text,text --valid_data_path_and_name_and_type dump/22.05k/raw/dev/wav.scp,speech,sound --train_shape_file exp/22.05k/tts_stats_raw_phn_jaconv_pyopenjtalk_prosody/logdir/train.25.scp --valid_shape_file exp/22.05k/tts_stats_raw_phn_jaconv_pyopenjtalk_prosody/logdir/valid.25.scp --output_dir exp/22.05k/tts_stats_raw_phn_jaconv_pyopenjtalk_prosody/logdir/stats.25 --config conf/tuning/train_jets_22.05k.yaml --feats_extract fbank --feats_extract_conf n_fft=1024 --feats_extract_conf hop_length=256 --feats_extract_conf win_length=null --feats_extract_conf fs=22050 --feats_extract_conf fmin=80 --feats_extract_conf fmax=7600 --feats_extract_conf n_mels=80 --pitch_extract_conf fs=22050 --pitch_extract_conf n_fft=1024 --pitch_extract_conf hop_length=256 --pitch_extract_conf f0max=400 --pitch_extract_conf f0min=80 --energy_extract_conf fs=22050 --energy_extract_conf n_fft=1024 --energy_extract_conf hop_length=256 --energy_extract_conf win_length=null --d0_extract_conf fs=22050 --d0_extract_conf n_fft=1024 --d0_extract_conf hop_length=256 --d0_extract_conf win_length=null --d0_extract_conf fmin=80 --d0_extract_conf fmax=7600 --d0_extract_conf n_mels=80 
# Started at Tue Jul  1 10:35:10 JST 2025
#
/home/uesugi/miniconda3/envs/espnet_custom/bin/python3 /home/uesugi/espnet-for-customize-jets/espnet2/bin/gan_tts_train.py --collect_stats true --write_collected_feats true --use_preprocessor true --token_type phn --token_list dump/22.05k/token_list/phn_jaconv_pyopenjtalk_prosody/tokens.txt --non_linguistic_symbols none --cleaner jaconv --g2p pyopenjtalk_prosody --normalize none --pitch_normalize none --energy_normalize none --d0_normalize none --train_data_path_and_name_and_type dump/22.05k/raw/tr_no_dev/text,text,text --train_data_path_and_name_and_type dump/22.05k/raw/tr_no_dev/wav.scp,speech,sound --valid_data_path_and_name_and_type dump/22.05k/raw/dev/text,text,text --valid_data_path_and_name_and_type dump/22.05k/raw/dev/wav.scp,speech,sound --train_shape_file exp/22.05k/tts_stats_raw_phn_jaconv_pyopenjtalk_prosody/logdir/train.25.scp --valid_shape_file exp/22.05k/tts_stats_raw_phn_jaconv_pyopenjtalk_prosody/logdir/valid.25.scp --output_dir exp/22.05k/tts_stats_raw_phn_jaconv_pyopenjtalk_prosody/logdir/stats.25 --config conf/tuning/train_jets_22.05k.yaml --feats_extract fbank --feats_extract_conf n_fft=1024 --feats_extract_conf hop_length=256 --feats_extract_conf win_length=null --feats_extract_conf fs=22050 --feats_extract_conf fmin=80 --feats_extract_conf fmax=7600 --feats_extract_conf n_mels=80 --pitch_extract_conf fs=22050 --pitch_extract_conf n_fft=1024 --pitch_extract_conf hop_length=256 --pitch_extract_conf f0max=400 --pitch_extract_conf f0min=80 --energy_extract_conf fs=22050 --energy_extract_conf n_fft=1024 --energy_extract_conf hop_length=256 --energy_extract_conf win_length=null --d0_extract_conf fs=22050 --d0_extract_conf n_fft=1024 --d0_extract_conf hop_length=256 --d0_extract_conf win_length=null --d0_extract_conf fmin=80 --d0_extract_conf fmax=7600 --d0_extract_conf n_mels=80
Failed to import Flash Attention, using ESPnet default: libcudart.so.12: cannot open shared object file: No such file or directory
Vocabulary size: 47
encoder self-attention layer type = self-attention
encoder self-attention layer type = self-attention
/home/uesugi/miniconda3/envs/espnet_custom/lib/python3.9/site-packages/torch/nn/utils/weight_norm.py:143: FutureWarning: `torch.nn.utils.weight_norm` is deprecated in favor of `torch.nn.utils.parametrizations.weight_norm`.
  WeightNorm.apply(module, name, dim)
Initialize encoder.encoders.0.self_attn.linear_q.bias to zeros
Initialize encoder.encoders.0.self_attn.linear_k.bias to zeros
Initialize encoder.encoders.0.self_attn.linear_v.bias to zeros
Initialize encoder.encoders.0.self_attn.linear_out.bias to zeros
Initialize encoder.encoders.0.feed_forward.w_1.bias to zeros
Initialize encoder.encoders.0.feed_forward.w_2.bias to zeros
Initialize encoder.encoders.0.norm1.bias to zeros
Initialize encoder.encoders.0.norm2.bias to zeros
Initialize encoder.encoders.1.self_attn.linear_q.bias to zeros
Initialize encoder.encoders.1.self_attn.linear_k.bias to zeros
Initialize encoder.encoders.1.self_attn.linear_v.bias to zeros
Initialize encoder.encoders.1.self_attn.linear_out.bias to zeros
Initialize encoder.encoders.1.feed_forward.w_1.bias to zeros
Initialize encoder.encoders.1.feed_forward.w_2.bias to zeros
Initialize encoder.encoders.1.norm1.bias to zeros
Initialize encoder.encoders.1.norm2.bias to zeros
Initialize encoder.encoders.2.self_attn.linear_q.bias to zeros
Initialize encoder.encoders.2.self_attn.linear_k.bias to zeros
Initialize encoder.encoders.2.self_attn.linear_v.bias to zeros
Initialize encoder.encoders.2.self_attn.linear_out.bias to zeros
Initialize encoder.encoders.2.feed_forward.w_1.bias to zeros
Initialize encoder.encoders.2.feed_forward.w_2.bias to zeros
Initialize encoder.encoders.2.norm1.bias to zeros
Initialize encoder.encoders.2.norm2.bias to zeros
Initialize encoder.encoders.3.self_attn.linear_q.bias to zeros
Initialize encoder.encoders.3.self_attn.linear_k.bias to zeros
Initialize encoder.encoders.3.self_attn.linear_v.bias to zeros
Initialize encoder.encoders.3.self_attn.linear_out.bias to zeros
Initialize encoder.encoders.3.feed_forward.w_1.bias to zeros
Initialize encoder.encoders.3.feed_forward.w_2.bias to zeros
Initialize encoder.encoders.3.norm1.bias to zeros
Initialize encoder.encoders.3.norm2.bias to zeros
Initialize encoder.after_norm.bias to zeros
Initialize duration_predictor.conv.0.0.bias to zeros
Initialize duration_predictor.conv.0.2.bias to zeros
Initialize duration_predictor.conv.1.0.bias to zeros
Initialize duration_predictor.conv.1.2.bias to zeros
Initialize duration_predictor.linear.bias to zeros
Initialize pitch_predictor.conv.0.0.bias to zeros
Initialize pitch_predictor.conv.0.2.bias to zeros
Initialize pitch_predictor.conv.1.0.bias to zeros
Initialize pitch_predictor.conv.1.2.bias to zeros
Initialize pitch_predictor.conv.2.0.bias to zeros
Initialize pitch_predictor.conv.2.2.bias to zeros
Initialize pitch_predictor.conv.3.0.bias to zeros
Initialize pitch_predictor.conv.3.2.bias to zeros
Initialize pitch_predictor.conv.4.0.bias to zeros
Initialize pitch_predictor.conv.4.2.bias to zeros
Initialize pitch_predictor.linear.bias to zeros
Initialize pitch_embed.0.bias to zeros
Initialize energy_predictor.conv.0.0.bias to zeros
Initialize energy_predictor.conv.0.2.bias to zeros
Initialize energy_predictor.conv.1.0.bias to zeros
Initialize energy_predictor.conv.1.2.bias to zeros
Initialize energy_predictor.linear.bias to zeros
Initialize energy_embed.0.bias to zeros
Initialize d0_predictor.conv.0.0.bias to zeros
Initialize d0_predictor.conv.0.2.bias to zeros
Initialize d0_predictor.conv.1.0.bias to zeros
Initialize d0_predictor.conv.1.2.bias to zeros
Initialize d0_predictor.linear.bias to zeros
Initialize d0_embed.0.bias to zeros
Initialize alignment_module.t_conv1.bias to zeros
Initialize alignment_module.t_conv2.bias to zeros
Initialize alignment_module.f_conv1.bias to zeros
Initialize alignment_module.f_conv2.bias to zeros
Initialize alignment_module.f_conv3.bias to zeros
Initialize decoder.encoders.0.self_attn.linear_q.bias to zeros
Initialize decoder.encoders.0.self_attn.linear_k.bias to zeros
Initialize decoder.encoders.0.self_attn.linear_v.bias to zeros
Initialize decoder.encoders.0.self_attn.linear_out.bias to zeros
Initialize decoder.encoders.0.feed_forward.w_1.bias to zeros
Initialize decoder.encoders.0.feed_forward.w_2.bias to zeros
Initialize decoder.encoders.0.norm1.bias to zeros
Initialize decoder.encoders.0.norm2.bias to zeros
Initialize decoder.encoders.1.self_attn.linear_q.bias to zeros
Initialize decoder.encoders.1.self_attn.linear_k.bias to zeros
Initialize decoder.encoders.1.self_attn.linear_v.bias to zeros
Initialize decoder.encoders.1.self_attn.linear_out.bias to zeros
Initialize decoder.encoders.1.feed_forward.w_1.bias to zeros
Initialize decoder.encoders.1.feed_forward.w_2.bias to zeros
Initialize decoder.encoders.1.norm1.bias to zeros
Initialize decoder.encoders.1.norm2.bias to zeros
Initialize decoder.encoders.2.self_attn.linear_q.bias to zeros
Initialize decoder.encoders.2.self_attn.linear_k.bias to zeros
Initialize decoder.encoders.2.self_attn.linear_v.bias to zeros
Initialize decoder.encoders.2.self_attn.linear_out.bias to zeros
Initialize decoder.encoders.2.feed_forward.w_1.bias to zeros
Initialize decoder.encoders.2.feed_forward.w_2.bias to zeros
Initialize decoder.encoders.2.norm1.bias to zeros
Initialize decoder.encoders.2.norm2.bias to zeros
Initialize decoder.encoders.3.self_attn.linear_q.bias to zeros
Initialize decoder.encoders.3.self_attn.linear_k.bias to zeros
Initialize decoder.encoders.3.self_attn.linear_v.bias to zeros
Initialize decoder.encoders.3.self_attn.linear_out.bias to zeros
Initialize decoder.encoders.3.feed_forward.w_1.bias to zeros
Initialize decoder.encoders.3.feed_forward.w_2.bias to zeros
Initialize decoder.encoders.3.norm1.bias to zeros
Initialize decoder.encoders.3.norm2.bias to zeros
Initialize decoder.after_norm.bias to zeros
Initialize generator.input_conv.bias to zeros
Initialize generator.upsamples.0.1.bias to zeros
Initialize generator.upsamples.1.1.bias to zeros
Initialize generator.upsamples.2.1.bias to zeros
Initialize generator.upsamples.3.1.bias to zeros
Initialize generator.blocks.0.convs1.0.1.bias to zeros
Initialize generator.blocks.0.convs1.1.1.bias to zeros
Initialize generator.blocks.0.convs1.2.1.bias to zeros
Initialize generator.blocks.0.convs2.0.1.bias to zeros
Initialize generator.blocks.0.convs2.1.1.bias to zeros
Initialize generator.blocks.0.convs2.2.1.bias to zeros
Initialize generator.blocks.1.convs1.0.1.bias to zeros
Initialize generator.blocks.1.convs1.1.1.bias to zeros
Initialize generator.blocks.1.convs1.2.1.bias to zeros
Initialize generator.blocks.1.convs2.0.1.bias to zeros
Initialize generator.blocks.1.convs2.1.1.bias to zeros
Initialize generator.blocks.1.convs2.2.1.bias to zeros
Initialize generator.blocks.2.convs1.0.1.bias to zeros
Initialize generator.blocks.2.convs1.1.1.bias to zeros
Initialize generator.blocks.2.convs1.2.1.bias to zeros
Initialize generator.blocks.2.convs2.0.1.bias to zeros
Initialize generator.blocks.2.convs2.1.1.bias to zeros
Initialize generator.blocks.2.convs2.2.1.bias to zeros
Initialize generator.blocks.3.convs1.0.1.bias to zeros
Initialize generator.blocks.3.convs1.1.1.bias to zeros
Initialize generator.blocks.3.convs1.2.1.bias to zeros
Initialize generator.blocks.3.convs2.0.1.bias to zeros
Initialize generator.blocks.3.convs2.1.1.bias to zeros
Initialize generator.blocks.3.convs2.2.1.bias to zeros
Initialize generator.blocks.4.convs1.0.1.bias to zeros
Initialize generator.blocks.4.convs1.1.1.bias to zeros
Initialize generator.blocks.4.convs1.2.1.bias to zeros
Initialize generator.blocks.4.convs2.0.1.bias to zeros
Initialize generator.blocks.4.convs2.1.1.bias to zeros
Initialize generator.blocks.4.convs2.2.1.bias to zeros
Initialize generator.blocks.5.convs1.0.1.bias to zeros
Initialize generator.blocks.5.convs1.1.1.bias to zeros
Initialize generator.blocks.5.convs1.2.1.bias to zeros
Initialize generator.blocks.5.convs2.0.1.bias to zeros
Initialize generator.blocks.5.convs2.1.1.bias to zeros
Initialize generator.blocks.5.convs2.2.1.bias to zeros
Initialize generator.blocks.6.convs1.0.1.bias to zeros
Initialize generator.blocks.6.convs1.1.1.bias to zeros
Initialize generator.blocks.6.convs1.2.1.bias to zeros
Initialize generator.blocks.6.convs2.0.1.bias to zeros
Initialize generator.blocks.6.convs2.1.1.bias to zeros
Initialize generator.blocks.6.convs2.2.1.bias to zeros
Initialize generator.blocks.7.convs1.0.1.bias to zeros
Initialize generator.blocks.7.convs1.1.1.bias to zeros
Initialize generator.blocks.7.convs1.2.1.bias to zeros
Initialize generator.blocks.7.convs2.0.1.bias to zeros
Initialize generator.blocks.7.convs2.1.1.bias to zeros
Initialize generator.blocks.7.convs2.2.1.bias to zeros
Initialize generator.blocks.8.convs1.0.1.bias to zeros
Initialize generator.blocks.8.convs1.1.1.bias to zeros
Initialize generator.blocks.8.convs1.2.1.bias to zeros
Initialize generator.blocks.8.convs2.0.1.bias to zeros
Initialize generator.blocks.8.convs2.1.1.bias to zeros
Initialize generator.blocks.8.convs2.2.1.bias to zeros
Initialize generator.blocks.9.convs1.0.1.bias to zeros
Initialize generator.blocks.9.convs1.1.1.bias to zeros
Initialize generator.blocks.9.convs1.2.1.bias to zeros
Initialize generator.blocks.9.convs2.0.1.bias to zeros
Initialize generator.blocks.9.convs2.1.1.bias to zeros
Initialize generator.blocks.9.convs2.2.1.bias to zeros
Initialize generator.blocks.10.convs1.0.1.bias to zeros
Initialize generator.blocks.10.convs1.1.1.bias to zeros
Initialize generator.blocks.10.convs1.2.1.bias to zeros
Initialize generator.blocks.10.convs2.0.1.bias to zeros
Initialize generator.blocks.10.convs2.1.1.bias to zeros
Initialize generator.blocks.10.convs2.2.1.bias to zeros
Initialize generator.blocks.11.convs1.0.1.bias to zeros
Initialize generator.blocks.11.convs1.1.1.bias to zeros
Initialize generator.blocks.11.convs1.2.1.bias to zeros
Initialize generator.blocks.11.convs2.0.1.bias to zeros
Initialize generator.blocks.11.convs2.1.1.bias to zeros
Initialize generator.blocks.11.convs2.2.1.bias to zeros
Initialize generator.output_conv.1.bias to zeros
Traceback (most recent call last):
  File "/home/uesugi/miniconda3/envs/espnet_custom/lib/python3.9/runpy.py", line 197, in _run_module_as_main
    return _run_code(code, main_globals, None,
  File "/home/uesugi/miniconda3/envs/espnet_custom/lib/python3.9/runpy.py", line 87, in _run_code
    exec(code, run_globals)
  File "/home/uesugi/espnet-for-customize-jets/espnet2/bin/gan_tts_train.py", line 22, in <module>
    main()
  File "/home/uesugi/espnet-for-customize-jets/espnet2/bin/gan_tts_train.py", line 18, in main
    GANTTSTask.main(cmd=cmd)
  File "/home/uesugi/espnet-for-customize-jets/espnet2/tasks/abs_task.py", line 1225, in main
    cls.main_worker(args)
  File "/home/uesugi/espnet-for-customize-jets/espnet2/tasks/abs_task.py", line 1357, in main_worker
    model = cls.build_model(args=args)
  File "/home/uesugi/espnet-for-customize-jets/espnet2/tasks/gan_tts.py", line 386, in build_model
    d0_extract = d0_extract_class(
TypeError: __init__() got an unexpected keyword argument 'fmin'
# Accounting: time=82 threads=1
# Ended (code 1) at Tue Jul  1 10:36:32 JST 2025, elapsed time 82 seconds
# python3 -m espnet2.bin.gan_tts_train --collect_stats true --write_collected_feats true --use_preprocessor true --token_type phn --token_list dump/22.05k/token_list/phn_jaconv_pyopenjtalk_prosody/tokens.txt --non_linguistic_symbols none --cleaner jaconv --g2p pyopenjtalk_prosody --normalize none --pitch_normalize none --energy_normalize none --d0_normalize none --train_data_path_and_name_and_type dump/22.05k/raw/tr_no_dev/text,text,text --train_data_path_and_name_and_type dump/22.05k/raw/tr_no_dev/wav.scp,speech,sound --valid_data_path_and_name_and_type dump/22.05k/raw/dev/text,text,text --valid_data_path_and_name_and_type dump/22.05k/raw/dev/wav.scp,speech,sound --train_shape_file exp/22.05k/tts_stats_raw_phn_jaconv_pyopenjtalk_prosody/logdir/train.26.scp --valid_shape_file exp/22.05k/tts_stats_raw_phn_jaconv_pyopenjtalk_prosody/logdir/valid.26.scp --output_dir exp/22.05k/tts_stats_raw_phn_jaconv_pyopenjtalk_prosody/logdir/stats.26 --config conf/tuning/train_jets_22.05k.yaml --feats_extract fbank --feats_extract_conf n_fft=1024 --feats_extract_conf hop_length=256 --feats_extract_conf win_length=null --feats_extract_conf fs=22050 --feats_extract_conf fmin=80 --feats_extract_conf fmax=7600 --feats_extract_conf n_mels=80 --pitch_extract_conf fs=22050 --pitch_extract_conf n_fft=1024 --pitch_extract_conf hop_length=256 --pitch_extract_conf f0max=400 --pitch_extract_conf f0min=80 --energy_extract_conf fs=22050 --energy_extract_conf n_fft=1024 --energy_extract_conf hop_length=256 --energy_extract_conf win_length=null --d0_extract_conf fs=22050 --d0_extract_conf n_fft=1024 --d0_extract_conf hop_length=256 --d0_extract_conf win_length=null --d0_extract_conf fmin=80 --d0_extract_conf fmax=7600 --d0_extract_conf n_mels=80 
# Started at Tue Jul  1 10:35:10 JST 2025
#
/home/uesugi/miniconda3/envs/espnet_custom/bin/python3 /home/uesugi/espnet-for-customize-jets/espnet2/bin/gan_tts_train.py --collect_stats true --write_collected_feats true --use_preprocessor true --token_type phn --token_list dump/22.05k/token_list/phn_jaconv_pyopenjtalk_prosody/tokens.txt --non_linguistic_symbols none --cleaner jaconv --g2p pyopenjtalk_prosody --normalize none --pitch_normalize none --energy_normalize none --d0_normalize none --train_data_path_and_name_and_type dump/22.05k/raw/tr_no_dev/text,text,text --train_data_path_and_name_and_type dump/22.05k/raw/tr_no_dev/wav.scp,speech,sound --valid_data_path_and_name_and_type dump/22.05k/raw/dev/text,text,text --valid_data_path_and_name_and_type dump/22.05k/raw/dev/wav.scp,speech,sound --train_shape_file exp/22.05k/tts_stats_raw_phn_jaconv_pyopenjtalk_prosody/logdir/train.26.scp --valid_shape_file exp/22.05k/tts_stats_raw_phn_jaconv_pyopenjtalk_prosody/logdir/valid.26.scp --output_dir exp/22.05k/tts_stats_raw_phn_jaconv_pyopenjtalk_prosody/logdir/stats.26 --config conf/tuning/train_jets_22.05k.yaml --feats_extract fbank --feats_extract_conf n_fft=1024 --feats_extract_conf hop_length=256 --feats_extract_conf win_length=null --feats_extract_conf fs=22050 --feats_extract_conf fmin=80 --feats_extract_conf fmax=7600 --feats_extract_conf n_mels=80 --pitch_extract_conf fs=22050 --pitch_extract_conf n_fft=1024 --pitch_extract_conf hop_length=256 --pitch_extract_conf f0max=400 --pitch_extract_conf f0min=80 --energy_extract_conf fs=22050 --energy_extract_conf n_fft=1024 --energy_extract_conf hop_length=256 --energy_extract_conf win_length=null --d0_extract_conf fs=22050 --d0_extract_conf n_fft=1024 --d0_extract_conf hop_length=256 --d0_extract_conf win_length=null --d0_extract_conf fmin=80 --d0_extract_conf fmax=7600 --d0_extract_conf n_mels=80
Failed to import Flash Attention, using ESPnet default: libcudart.so.12: cannot open shared object file: No such file or directory
Vocabulary size: 47
encoder self-attention layer type = self-attention
encoder self-attention layer type = self-attention
/home/uesugi/miniconda3/envs/espnet_custom/lib/python3.9/site-packages/torch/nn/utils/weight_norm.py:143: FutureWarning: `torch.nn.utils.weight_norm` is deprecated in favor of `torch.nn.utils.parametrizations.weight_norm`.
  WeightNorm.apply(module, name, dim)
Initialize encoder.encoders.0.self_attn.linear_q.bias to zeros
Initialize encoder.encoders.0.self_attn.linear_k.bias to zeros
Initialize encoder.encoders.0.self_attn.linear_v.bias to zeros
Initialize encoder.encoders.0.self_attn.linear_out.bias to zeros
Initialize encoder.encoders.0.feed_forward.w_1.bias to zeros
Initialize encoder.encoders.0.feed_forward.w_2.bias to zeros
Initialize encoder.encoders.0.norm1.bias to zeros
Initialize encoder.encoders.0.norm2.bias to zeros
Initialize encoder.encoders.1.self_attn.linear_q.bias to zeros
Initialize encoder.encoders.1.self_attn.linear_k.bias to zeros
Initialize encoder.encoders.1.self_attn.linear_v.bias to zeros
Initialize encoder.encoders.1.self_attn.linear_out.bias to zeros
Initialize encoder.encoders.1.feed_forward.w_1.bias to zeros
Initialize encoder.encoders.1.feed_forward.w_2.bias to zeros
Initialize encoder.encoders.1.norm1.bias to zeros
Initialize encoder.encoders.1.norm2.bias to zeros
Initialize encoder.encoders.2.self_attn.linear_q.bias to zeros
Initialize encoder.encoders.2.self_attn.linear_k.bias to zeros
Initialize encoder.encoders.2.self_attn.linear_v.bias to zeros
Initialize encoder.encoders.2.self_attn.linear_out.bias to zeros
Initialize encoder.encoders.2.feed_forward.w_1.bias to zeros
Initialize encoder.encoders.2.feed_forward.w_2.bias to zeros
Initialize encoder.encoders.2.norm1.bias to zeros
Initialize encoder.encoders.2.norm2.bias to zeros
Initialize encoder.encoders.3.self_attn.linear_q.bias to zeros
Initialize encoder.encoders.3.self_attn.linear_k.bias to zeros
Initialize encoder.encoders.3.self_attn.linear_v.bias to zeros
Initialize encoder.encoders.3.self_attn.linear_out.bias to zeros
Initialize encoder.encoders.3.feed_forward.w_1.bias to zeros
Initialize encoder.encoders.3.feed_forward.w_2.bias to zeros
Initialize encoder.encoders.3.norm1.bias to zeros
Initialize encoder.encoders.3.norm2.bias to zeros
Initialize encoder.after_norm.bias to zeros
Initialize duration_predictor.conv.0.0.bias to zeros
Initialize duration_predictor.conv.0.2.bias to zeros
Initialize duration_predictor.conv.1.0.bias to zeros
Initialize duration_predictor.conv.1.2.bias to zeros
Initialize duration_predictor.linear.bias to zeros
Initialize pitch_predictor.conv.0.0.bias to zeros
Initialize pitch_predictor.conv.0.2.bias to zeros
Initialize pitch_predictor.conv.1.0.bias to zeros
Initialize pitch_predictor.conv.1.2.bias to zeros
Initialize pitch_predictor.conv.2.0.bias to zeros
Initialize pitch_predictor.conv.2.2.bias to zeros
Initialize pitch_predictor.conv.3.0.bias to zeros
Initialize pitch_predictor.conv.3.2.bias to zeros
Initialize pitch_predictor.conv.4.0.bias to zeros
Initialize pitch_predictor.conv.4.2.bias to zeros
Initialize pitch_predictor.linear.bias to zeros
Initialize pitch_embed.0.bias to zeros
Initialize energy_predictor.conv.0.0.bias to zeros
Initialize energy_predictor.conv.0.2.bias to zeros
Initialize energy_predictor.conv.1.0.bias to zeros
Initialize energy_predictor.conv.1.2.bias to zeros
Initialize energy_predictor.linear.bias to zeros
Initialize energy_embed.0.bias to zeros
Initialize d0_predictor.conv.0.0.bias to zeros
Initialize d0_predictor.conv.0.2.bias to zeros
Initialize d0_predictor.conv.1.0.bias to zeros
Initialize d0_predictor.conv.1.2.bias to zeros
Initialize d0_predictor.linear.bias to zeros
Initialize d0_embed.0.bias to zeros
Initialize alignment_module.t_conv1.bias to zeros
Initialize alignment_module.t_conv2.bias to zeros
Initialize alignment_module.f_conv1.bias to zeros
Initialize alignment_module.f_conv2.bias to zeros
Initialize alignment_module.f_conv3.bias to zeros
Initialize decoder.encoders.0.self_attn.linear_q.bias to zeros
Initialize decoder.encoders.0.self_attn.linear_k.bias to zeros
Initialize decoder.encoders.0.self_attn.linear_v.bias to zeros
Initialize decoder.encoders.0.self_attn.linear_out.bias to zeros
Initialize decoder.encoders.0.feed_forward.w_1.bias to zeros
Initialize decoder.encoders.0.feed_forward.w_2.bias to zeros
Initialize decoder.encoders.0.norm1.bias to zeros
Initialize decoder.encoders.0.norm2.bias to zeros
Initialize decoder.encoders.1.self_attn.linear_q.bias to zeros
Initialize decoder.encoders.1.self_attn.linear_k.bias to zeros
Initialize decoder.encoders.1.self_attn.linear_v.bias to zeros
Initialize decoder.encoders.1.self_attn.linear_out.bias to zeros
Initialize decoder.encoders.1.feed_forward.w_1.bias to zeros
Initialize decoder.encoders.1.feed_forward.w_2.bias to zeros
Initialize decoder.encoders.1.norm1.bias to zeros
Initialize decoder.encoders.1.norm2.bias to zeros
Initialize decoder.encoders.2.self_attn.linear_q.bias to zeros
Initialize decoder.encoders.2.self_attn.linear_k.bias to zeros
Initialize decoder.encoders.2.self_attn.linear_v.bias to zeros
Initialize decoder.encoders.2.self_attn.linear_out.bias to zeros
Initialize decoder.encoders.2.feed_forward.w_1.bias to zeros
Initialize decoder.encoders.2.feed_forward.w_2.bias to zeros
Initialize decoder.encoders.2.norm1.bias to zeros
Initialize decoder.encoders.2.norm2.bias to zeros
Initialize decoder.encoders.3.self_attn.linear_q.bias to zeros
Initialize decoder.encoders.3.self_attn.linear_k.bias to zeros
Initialize decoder.encoders.3.self_attn.linear_v.bias to zeros
Initialize decoder.encoders.3.self_attn.linear_out.bias to zeros
Initialize decoder.encoders.3.feed_forward.w_1.bias to zeros
Initialize decoder.encoders.3.feed_forward.w_2.bias to zeros
Initialize decoder.encoders.3.norm1.bias to zeros
Initialize decoder.encoders.3.norm2.bias to zeros
Initialize decoder.after_norm.bias to zeros
Initialize generator.input_conv.bias to zeros
Initialize generator.upsamples.0.1.bias to zeros
Initialize generator.upsamples.1.1.bias to zeros
Initialize generator.upsamples.2.1.bias to zeros
Initialize generator.upsamples.3.1.bias to zeros
Initialize generator.blocks.0.convs1.0.1.bias to zeros
Initialize generator.blocks.0.convs1.1.1.bias to zeros
Initialize generator.blocks.0.convs1.2.1.bias to zeros
Initialize generator.blocks.0.convs2.0.1.bias to zeros
Initialize generator.blocks.0.convs2.1.1.bias to zeros
Initialize generator.blocks.0.convs2.2.1.bias to zeros
Initialize generator.blocks.1.convs1.0.1.bias to zeros
Initialize generator.blocks.1.convs1.1.1.bias to zeros
Initialize generator.blocks.1.convs1.2.1.bias to zeros
Initialize generator.blocks.1.convs2.0.1.bias to zeros
Initialize generator.blocks.1.convs2.1.1.bias to zeros
Initialize generator.blocks.1.convs2.2.1.bias to zeros
Initialize generator.blocks.2.convs1.0.1.bias to zeros
Initialize generator.blocks.2.convs1.1.1.bias to zeros
Initialize generator.blocks.2.convs1.2.1.bias to zeros
Initialize generator.blocks.2.convs2.0.1.bias to zeros
Initialize generator.blocks.2.convs2.1.1.bias to zeros
Initialize generator.blocks.2.convs2.2.1.bias to zeros
Initialize generator.blocks.3.convs1.0.1.bias to zeros
Initialize generator.blocks.3.convs1.1.1.bias to zeros
Initialize generator.blocks.3.convs1.2.1.bias to zeros
Initialize generator.blocks.3.convs2.0.1.bias to zeros
Initialize generator.blocks.3.convs2.1.1.bias to zeros
Initialize generator.blocks.3.convs2.2.1.bias to zeros
Initialize generator.blocks.4.convs1.0.1.bias to zeros
Initialize generator.blocks.4.convs1.1.1.bias to zeros
Initialize generator.blocks.4.convs1.2.1.bias to zeros
Initialize generator.blocks.4.convs2.0.1.bias to zeros
Initialize generator.blocks.4.convs2.1.1.bias to zeros
Initialize generator.blocks.4.convs2.2.1.bias to zeros
Initialize generator.blocks.5.convs1.0.1.bias to zeros
Initialize generator.blocks.5.convs1.1.1.bias to zeros
Initialize generator.blocks.5.convs1.2.1.bias to zeros
Initialize generator.blocks.5.convs2.0.1.bias to zeros
Initialize generator.blocks.5.convs2.1.1.bias to zeros
Initialize generator.blocks.5.convs2.2.1.bias to zeros
Initialize generator.blocks.6.convs1.0.1.bias to zeros
Initialize generator.blocks.6.convs1.1.1.bias to zeros
Initialize generator.blocks.6.convs1.2.1.bias to zeros
Initialize generator.blocks.6.convs2.0.1.bias to zeros
Initialize generator.blocks.6.convs2.1.1.bias to zeros
Initialize generator.blocks.6.convs2.2.1.bias to zeros
Initialize generator.blocks.7.convs1.0.1.bias to zeros
Initialize generator.blocks.7.convs1.1.1.bias to zeros
Initialize generator.blocks.7.convs1.2.1.bias to zeros
Initialize generator.blocks.7.convs2.0.1.bias to zeros
Initialize generator.blocks.7.convs2.1.1.bias to zeros
Initialize generator.blocks.7.convs2.2.1.bias to zeros
Initialize generator.blocks.8.convs1.0.1.bias to zeros
Initialize generator.blocks.8.convs1.1.1.bias to zeros
Initialize generator.blocks.8.convs1.2.1.bias to zeros
Initialize generator.blocks.8.convs2.0.1.bias to zeros
Initialize generator.blocks.8.convs2.1.1.bias to zeros
Initialize generator.blocks.8.convs2.2.1.bias to zeros
Initialize generator.blocks.9.convs1.0.1.bias to zeros
Initialize generator.blocks.9.convs1.1.1.bias to zeros
Initialize generator.blocks.9.convs1.2.1.bias to zeros
Initialize generator.blocks.9.convs2.0.1.bias to zeros
Initialize generator.blocks.9.convs2.1.1.bias to zeros
Initialize generator.blocks.9.convs2.2.1.bias to zeros
Initialize generator.blocks.10.convs1.0.1.bias to zeros
Initialize generator.blocks.10.convs1.1.1.bias to zeros
Initialize generator.blocks.10.convs1.2.1.bias to zeros
Initialize generator.blocks.10.convs2.0.1.bias to zeros
Initialize generator.blocks.10.convs2.1.1.bias to zeros
Initialize generator.blocks.10.convs2.2.1.bias to zeros
Initialize generator.blocks.11.convs1.0.1.bias to zeros
Initialize generator.blocks.11.convs1.1.1.bias to zeros
Initialize generator.blocks.11.convs1.2.1.bias to zeros
Initialize generator.blocks.11.convs2.0.1.bias to zeros
Initialize generator.blocks.11.convs2.1.1.bias to zeros
Initialize generator.blocks.11.convs2.2.1.bias to zeros
Initialize generator.output_conv.1.bias to zeros
Traceback (most recent call last):
  File "/home/uesugi/miniconda3/envs/espnet_custom/lib/python3.9/runpy.py", line 197, in _run_module_as_main
    return _run_code(code, main_globals, None,
  File "/home/uesugi/miniconda3/envs/espnet_custom/lib/python3.9/runpy.py", line 87, in _run_code
    exec(code, run_globals)
  File "/home/uesugi/espnet-for-customize-jets/espnet2/bin/gan_tts_train.py", line 22, in <module>
    main()
  File "/home/uesugi/espnet-for-customize-jets/espnet2/bin/gan_tts_train.py", line 18, in main
    GANTTSTask.main(cmd=cmd)
  File "/home/uesugi/espnet-for-customize-jets/espnet2/tasks/abs_task.py", line 1225, in main
    cls.main_worker(args)
  File "/home/uesugi/espnet-for-customize-jets/espnet2/tasks/abs_task.py", line 1357, in main_worker
    model = cls.build_model(args=args)
  File "/home/uesugi/espnet-for-customize-jets/espnet2/tasks/gan_tts.py", line 386, in build_model
    d0_extract = d0_extract_class(
TypeError: __init__() got an unexpected keyword argument 'fmin'
# Accounting: time=82 threads=1
# Ended (code 1) at Tue Jul  1 10:36:32 JST 2025, elapsed time 82 seconds
# python3 -m espnet2.bin.gan_tts_train --collect_stats true --write_collected_feats true --use_preprocessor true --token_type phn --token_list dump/22.05k/token_list/phn_jaconv_pyopenjtalk_prosody/tokens.txt --non_linguistic_symbols none --cleaner jaconv --g2p pyopenjtalk_prosody --normalize none --pitch_normalize none --energy_normalize none --d0_normalize none --train_data_path_and_name_and_type dump/22.05k/raw/tr_no_dev/text,text,text --train_data_path_and_name_and_type dump/22.05k/raw/tr_no_dev/wav.scp,speech,sound --valid_data_path_and_name_and_type dump/22.05k/raw/dev/text,text,text --valid_data_path_and_name_and_type dump/22.05k/raw/dev/wav.scp,speech,sound --train_shape_file exp/22.05k/tts_stats_raw_phn_jaconv_pyopenjtalk_prosody/logdir/train.27.scp --valid_shape_file exp/22.05k/tts_stats_raw_phn_jaconv_pyopenjtalk_prosody/logdir/valid.27.scp --output_dir exp/22.05k/tts_stats_raw_phn_jaconv_pyopenjtalk_prosody/logdir/stats.27 --config conf/tuning/train_jets_22.05k.yaml --feats_extract fbank --feats_extract_conf n_fft=1024 --feats_extract_conf hop_length=256 --feats_extract_conf win_length=null --feats_extract_conf fs=22050 --feats_extract_conf fmin=80 --feats_extract_conf fmax=7600 --feats_extract_conf n_mels=80 --pitch_extract_conf fs=22050 --pitch_extract_conf n_fft=1024 --pitch_extract_conf hop_length=256 --pitch_extract_conf f0max=400 --pitch_extract_conf f0min=80 --energy_extract_conf fs=22050 --energy_extract_conf n_fft=1024 --energy_extract_conf hop_length=256 --energy_extract_conf win_length=null --d0_extract_conf fs=22050 --d0_extract_conf n_fft=1024 --d0_extract_conf hop_length=256 --d0_extract_conf win_length=null --d0_extract_conf fmin=80 --d0_extract_conf fmax=7600 --d0_extract_conf n_mels=80 
# Started at Tue Jul  1 10:35:10 JST 2025
#
/home/uesugi/miniconda3/envs/espnet_custom/bin/python3 /home/uesugi/espnet-for-customize-jets/espnet2/bin/gan_tts_train.py --collect_stats true --write_collected_feats true --use_preprocessor true --token_type phn --token_list dump/22.05k/token_list/phn_jaconv_pyopenjtalk_prosody/tokens.txt --non_linguistic_symbols none --cleaner jaconv --g2p pyopenjtalk_prosody --normalize none --pitch_normalize none --energy_normalize none --d0_normalize none --train_data_path_and_name_and_type dump/22.05k/raw/tr_no_dev/text,text,text --train_data_path_and_name_and_type dump/22.05k/raw/tr_no_dev/wav.scp,speech,sound --valid_data_path_and_name_and_type dump/22.05k/raw/dev/text,text,text --valid_data_path_and_name_and_type dump/22.05k/raw/dev/wav.scp,speech,sound --train_shape_file exp/22.05k/tts_stats_raw_phn_jaconv_pyopenjtalk_prosody/logdir/train.27.scp --valid_shape_file exp/22.05k/tts_stats_raw_phn_jaconv_pyopenjtalk_prosody/logdir/valid.27.scp --output_dir exp/22.05k/tts_stats_raw_phn_jaconv_pyopenjtalk_prosody/logdir/stats.27 --config conf/tuning/train_jets_22.05k.yaml --feats_extract fbank --feats_extract_conf n_fft=1024 --feats_extract_conf hop_length=256 --feats_extract_conf win_length=null --feats_extract_conf fs=22050 --feats_extract_conf fmin=80 --feats_extract_conf fmax=7600 --feats_extract_conf n_mels=80 --pitch_extract_conf fs=22050 --pitch_extract_conf n_fft=1024 --pitch_extract_conf hop_length=256 --pitch_extract_conf f0max=400 --pitch_extract_conf f0min=80 --energy_extract_conf fs=22050 --energy_extract_conf n_fft=1024 --energy_extract_conf hop_length=256 --energy_extract_conf win_length=null --d0_extract_conf fs=22050 --d0_extract_conf n_fft=1024 --d0_extract_conf hop_length=256 --d0_extract_conf win_length=null --d0_extract_conf fmin=80 --d0_extract_conf fmax=7600 --d0_extract_conf n_mels=80
Failed to import Flash Attention, using ESPnet default: libcudart.so.12: cannot open shared object file: No such file or directory
Vocabulary size: 47
encoder self-attention layer type = self-attention
encoder self-attention layer type = self-attention
/home/uesugi/miniconda3/envs/espnet_custom/lib/python3.9/site-packages/torch/nn/utils/weight_norm.py:143: FutureWarning: `torch.nn.utils.weight_norm` is deprecated in favor of `torch.nn.utils.parametrizations.weight_norm`.
  WeightNorm.apply(module, name, dim)
Initialize encoder.encoders.0.self_attn.linear_q.bias to zeros
Initialize encoder.encoders.0.self_attn.linear_k.bias to zeros
Initialize encoder.encoders.0.self_attn.linear_v.bias to zeros
Initialize encoder.encoders.0.self_attn.linear_out.bias to zeros
Initialize encoder.encoders.0.feed_forward.w_1.bias to zeros
Initialize encoder.encoders.0.feed_forward.w_2.bias to zeros
Initialize encoder.encoders.0.norm1.bias to zeros
Initialize encoder.encoders.0.norm2.bias to zeros
Initialize encoder.encoders.1.self_attn.linear_q.bias to zeros
Initialize encoder.encoders.1.self_attn.linear_k.bias to zeros
Initialize encoder.encoders.1.self_attn.linear_v.bias to zeros
Initialize encoder.encoders.1.self_attn.linear_out.bias to zeros
Initialize encoder.encoders.1.feed_forward.w_1.bias to zeros
Initialize encoder.encoders.1.feed_forward.w_2.bias to zeros
Initialize encoder.encoders.1.norm1.bias to zeros
Initialize encoder.encoders.1.norm2.bias to zeros
Initialize encoder.encoders.2.self_attn.linear_q.bias to zeros
Initialize encoder.encoders.2.self_attn.linear_k.bias to zeros
Initialize encoder.encoders.2.self_attn.linear_v.bias to zeros
Initialize encoder.encoders.2.self_attn.linear_out.bias to zeros
Initialize encoder.encoders.2.feed_forward.w_1.bias to zeros
Initialize encoder.encoders.2.feed_forward.w_2.bias to zeros
Initialize encoder.encoders.2.norm1.bias to zeros
Initialize encoder.encoders.2.norm2.bias to zeros
Initialize encoder.encoders.3.self_attn.linear_q.bias to zeros
Initialize encoder.encoders.3.self_attn.linear_k.bias to zeros
Initialize encoder.encoders.3.self_attn.linear_v.bias to zeros
Initialize encoder.encoders.3.self_attn.linear_out.bias to zeros
Initialize encoder.encoders.3.feed_forward.w_1.bias to zeros
Initialize encoder.encoders.3.feed_forward.w_2.bias to zeros
Initialize encoder.encoders.3.norm1.bias to zeros
Initialize encoder.encoders.3.norm2.bias to zeros
Initialize encoder.after_norm.bias to zeros
Initialize duration_predictor.conv.0.0.bias to zeros
Initialize duration_predictor.conv.0.2.bias to zeros
Initialize duration_predictor.conv.1.0.bias to zeros
Initialize duration_predictor.conv.1.2.bias to zeros
Initialize duration_predictor.linear.bias to zeros
Initialize pitch_predictor.conv.0.0.bias to zeros
Initialize pitch_predictor.conv.0.2.bias to zeros
Initialize pitch_predictor.conv.1.0.bias to zeros
Initialize pitch_predictor.conv.1.2.bias to zeros
Initialize pitch_predictor.conv.2.0.bias to zeros
Initialize pitch_predictor.conv.2.2.bias to zeros
Initialize pitch_predictor.conv.3.0.bias to zeros
Initialize pitch_predictor.conv.3.2.bias to zeros
Initialize pitch_predictor.conv.4.0.bias to zeros
Initialize pitch_predictor.conv.4.2.bias to zeros
Initialize pitch_predictor.linear.bias to zeros
Initialize pitch_embed.0.bias to zeros
Initialize energy_predictor.conv.0.0.bias to zeros
Initialize energy_predictor.conv.0.2.bias to zeros
Initialize energy_predictor.conv.1.0.bias to zeros
Initialize energy_predictor.conv.1.2.bias to zeros
Initialize energy_predictor.linear.bias to zeros
Initialize energy_embed.0.bias to zeros
Initialize d0_predictor.conv.0.0.bias to zeros
Initialize d0_predictor.conv.0.2.bias to zeros
Initialize d0_predictor.conv.1.0.bias to zeros
Initialize d0_predictor.conv.1.2.bias to zeros
Initialize d0_predictor.linear.bias to zeros
Initialize d0_embed.0.bias to zeros
Initialize alignment_module.t_conv1.bias to zeros
Initialize alignment_module.t_conv2.bias to zeros
Initialize alignment_module.f_conv1.bias to zeros
Initialize alignment_module.f_conv2.bias to zeros
Initialize alignment_module.f_conv3.bias to zeros
Initialize decoder.encoders.0.self_attn.linear_q.bias to zeros
Initialize decoder.encoders.0.self_attn.linear_k.bias to zeros
Initialize decoder.encoders.0.self_attn.linear_v.bias to zeros
Initialize decoder.encoders.0.self_attn.linear_out.bias to zeros
Initialize decoder.encoders.0.feed_forward.w_1.bias to zeros
Initialize decoder.encoders.0.feed_forward.w_2.bias to zeros
Initialize decoder.encoders.0.norm1.bias to zeros
Initialize decoder.encoders.0.norm2.bias to zeros
Initialize decoder.encoders.1.self_attn.linear_q.bias to zeros
Initialize decoder.encoders.1.self_attn.linear_k.bias to zeros
Initialize decoder.encoders.1.self_attn.linear_v.bias to zeros
Initialize decoder.encoders.1.self_attn.linear_out.bias to zeros
Initialize decoder.encoders.1.feed_forward.w_1.bias to zeros
Initialize decoder.encoders.1.feed_forward.w_2.bias to zeros
Initialize decoder.encoders.1.norm1.bias to zeros
Initialize decoder.encoders.1.norm2.bias to zeros
Initialize decoder.encoders.2.self_attn.linear_q.bias to zeros
Initialize decoder.encoders.2.self_attn.linear_k.bias to zeros
Initialize decoder.encoders.2.self_attn.linear_v.bias to zeros
Initialize decoder.encoders.2.self_attn.linear_out.bias to zeros
Initialize decoder.encoders.2.feed_forward.w_1.bias to zeros
Initialize decoder.encoders.2.feed_forward.w_2.bias to zeros
Initialize decoder.encoders.2.norm1.bias to zeros
Initialize decoder.encoders.2.norm2.bias to zeros
Initialize decoder.encoders.3.self_attn.linear_q.bias to zeros
Initialize decoder.encoders.3.self_attn.linear_k.bias to zeros
Initialize decoder.encoders.3.self_attn.linear_v.bias to zeros
Initialize decoder.encoders.3.self_attn.linear_out.bias to zeros
Initialize decoder.encoders.3.feed_forward.w_1.bias to zeros
Initialize decoder.encoders.3.feed_forward.w_2.bias to zeros
Initialize decoder.encoders.3.norm1.bias to zeros
Initialize decoder.encoders.3.norm2.bias to zeros
Initialize decoder.after_norm.bias to zeros
Initialize generator.input_conv.bias to zeros
Initialize generator.upsamples.0.1.bias to zeros
Initialize generator.upsamples.1.1.bias to zeros
Initialize generator.upsamples.2.1.bias to zeros
Initialize generator.upsamples.3.1.bias to zeros
Initialize generator.blocks.0.convs1.0.1.bias to zeros
Initialize generator.blocks.0.convs1.1.1.bias to zeros
Initialize generator.blocks.0.convs1.2.1.bias to zeros
Initialize generator.blocks.0.convs2.0.1.bias to zeros
Initialize generator.blocks.0.convs2.1.1.bias to zeros
Initialize generator.blocks.0.convs2.2.1.bias to zeros
Initialize generator.blocks.1.convs1.0.1.bias to zeros
Initialize generator.blocks.1.convs1.1.1.bias to zeros
Initialize generator.blocks.1.convs1.2.1.bias to zeros
Initialize generator.blocks.1.convs2.0.1.bias to zeros
Initialize generator.blocks.1.convs2.1.1.bias to zeros
Initialize generator.blocks.1.convs2.2.1.bias to zeros
Initialize generator.blocks.2.convs1.0.1.bias to zeros
Initialize generator.blocks.2.convs1.1.1.bias to zeros
Initialize generator.blocks.2.convs1.2.1.bias to zeros
Initialize generator.blocks.2.convs2.0.1.bias to zeros
Initialize generator.blocks.2.convs2.1.1.bias to zeros
Initialize generator.blocks.2.convs2.2.1.bias to zeros
Initialize generator.blocks.3.convs1.0.1.bias to zeros
Initialize generator.blocks.3.convs1.1.1.bias to zeros
Initialize generator.blocks.3.convs1.2.1.bias to zeros
Initialize generator.blocks.3.convs2.0.1.bias to zeros
Initialize generator.blocks.3.convs2.1.1.bias to zeros
Initialize generator.blocks.3.convs2.2.1.bias to zeros
Initialize generator.blocks.4.convs1.0.1.bias to zeros
Initialize generator.blocks.4.convs1.1.1.bias to zeros
Initialize generator.blocks.4.convs1.2.1.bias to zeros
Initialize generator.blocks.4.convs2.0.1.bias to zeros
Initialize generator.blocks.4.convs2.1.1.bias to zeros
Initialize generator.blocks.4.convs2.2.1.bias to zeros
Initialize generator.blocks.5.convs1.0.1.bias to zeros
Initialize generator.blocks.5.convs1.1.1.bias to zeros
Initialize generator.blocks.5.convs1.2.1.bias to zeros
Initialize generator.blocks.5.convs2.0.1.bias to zeros
Initialize generator.blocks.5.convs2.1.1.bias to zeros
Initialize generator.blocks.5.convs2.2.1.bias to zeros
Initialize generator.blocks.6.convs1.0.1.bias to zeros
Initialize generator.blocks.6.convs1.1.1.bias to zeros
Initialize generator.blocks.6.convs1.2.1.bias to zeros
Initialize generator.blocks.6.convs2.0.1.bias to zeros
Initialize generator.blocks.6.convs2.1.1.bias to zeros
Initialize generator.blocks.6.convs2.2.1.bias to zeros
Initialize generator.blocks.7.convs1.0.1.bias to zeros
Initialize generator.blocks.7.convs1.1.1.bias to zeros
Initialize generator.blocks.7.convs1.2.1.bias to zeros
Initialize generator.blocks.7.convs2.0.1.bias to zeros
Initialize generator.blocks.7.convs2.1.1.bias to zeros
Initialize generator.blocks.7.convs2.2.1.bias to zeros
Initialize generator.blocks.8.convs1.0.1.bias to zeros
Initialize generator.blocks.8.convs1.1.1.bias to zeros
Initialize generator.blocks.8.convs1.2.1.bias to zeros
Initialize generator.blocks.8.convs2.0.1.bias to zeros
Initialize generator.blocks.8.convs2.1.1.bias to zeros
Initialize generator.blocks.8.convs2.2.1.bias to zeros
Initialize generator.blocks.9.convs1.0.1.bias to zeros
Initialize generator.blocks.9.convs1.1.1.bias to zeros
Initialize generator.blocks.9.convs1.2.1.bias to zeros
Initialize generator.blocks.9.convs2.0.1.bias to zeros
Initialize generator.blocks.9.convs2.1.1.bias to zeros
Initialize generator.blocks.9.convs2.2.1.bias to zeros
Initialize generator.blocks.10.convs1.0.1.bias to zeros
Initialize generator.blocks.10.convs1.1.1.bias to zeros
Initialize generator.blocks.10.convs1.2.1.bias to zeros
Initialize generator.blocks.10.convs2.0.1.bias to zeros
Initialize generator.blocks.10.convs2.1.1.bias to zeros
Initialize generator.blocks.10.convs2.2.1.bias to zeros
Initialize generator.blocks.11.convs1.0.1.bias to zeros
Initialize generator.blocks.11.convs1.1.1.bias to zeros
Initialize generator.blocks.11.convs1.2.1.bias to zeros
Initialize generator.blocks.11.convs2.0.1.bias to zeros
Initialize generator.blocks.11.convs2.1.1.bias to zeros
Initialize generator.blocks.11.convs2.2.1.bias to zeros
Initialize generator.output_conv.1.bias to zeros
Traceback (most recent call last):
  File "/home/uesugi/miniconda3/envs/espnet_custom/lib/python3.9/runpy.py", line 197, in _run_module_as_main
    return _run_code(code, main_globals, None,
  File "/home/uesugi/miniconda3/envs/espnet_custom/lib/python3.9/runpy.py", line 87, in _run_code
    exec(code, run_globals)
  File "/home/uesugi/espnet-for-customize-jets/espnet2/bin/gan_tts_train.py", line 22, in <module>
    main()
  File "/home/uesugi/espnet-for-customize-jets/espnet2/bin/gan_tts_train.py", line 18, in main
    GANTTSTask.main(cmd=cmd)
  File "/home/uesugi/espnet-for-customize-jets/espnet2/tasks/abs_task.py", line 1225, in main
    cls.main_worker(args)
  File "/home/uesugi/espnet-for-customize-jets/espnet2/tasks/abs_task.py", line 1357, in main_worker
    model = cls.build_model(args=args)
  File "/home/uesugi/espnet-for-customize-jets/espnet2/tasks/gan_tts.py", line 386, in build_model
    d0_extract = d0_extract_class(
TypeError: __init__() got an unexpected keyword argument 'fmin'
# Accounting: time=55 threads=1
# Ended (code 1) at Tue Jul  1 10:36:06 JST 2025, elapsed time 55 seconds
# python3 -m espnet2.bin.gan_tts_train --collect_stats true --write_collected_feats true --use_preprocessor true --token_type phn --token_list dump/22.05k/token_list/phn_jaconv_pyopenjtalk_prosody/tokens.txt --non_linguistic_symbols none --cleaner jaconv --g2p pyopenjtalk_prosody --normalize none --pitch_normalize none --energy_normalize none --d0_normalize none --train_data_path_and_name_and_type dump/22.05k/raw/tr_no_dev/text,text,text --train_data_path_and_name_and_type dump/22.05k/raw/tr_no_dev/wav.scp,speech,sound --valid_data_path_and_name_and_type dump/22.05k/raw/dev/text,text,text --valid_data_path_and_name_and_type dump/22.05k/raw/dev/wav.scp,speech,sound --train_shape_file exp/22.05k/tts_stats_raw_phn_jaconv_pyopenjtalk_prosody/logdir/train.28.scp --valid_shape_file exp/22.05k/tts_stats_raw_phn_jaconv_pyopenjtalk_prosody/logdir/valid.28.scp --output_dir exp/22.05k/tts_stats_raw_phn_jaconv_pyopenjtalk_prosody/logdir/stats.28 --config conf/tuning/train_jets_22.05k.yaml --feats_extract fbank --feats_extract_conf n_fft=1024 --feats_extract_conf hop_length=256 --feats_extract_conf win_length=null --feats_extract_conf fs=22050 --feats_extract_conf fmin=80 --feats_extract_conf fmax=7600 --feats_extract_conf n_mels=80 --pitch_extract_conf fs=22050 --pitch_extract_conf n_fft=1024 --pitch_extract_conf hop_length=256 --pitch_extract_conf f0max=400 --pitch_extract_conf f0min=80 --energy_extract_conf fs=22050 --energy_extract_conf n_fft=1024 --energy_extract_conf hop_length=256 --energy_extract_conf win_length=null --d0_extract_conf fs=22050 --d0_extract_conf n_fft=1024 --d0_extract_conf hop_length=256 --d0_extract_conf win_length=null --d0_extract_conf fmin=80 --d0_extract_conf fmax=7600 --d0_extract_conf n_mels=80 
# Started at Tue Jul  1 10:35:11 JST 2025
#
/home/uesugi/miniconda3/envs/espnet_custom/bin/python3 /home/uesugi/espnet-for-customize-jets/espnet2/bin/gan_tts_train.py --collect_stats true --write_collected_feats true --use_preprocessor true --token_type phn --token_list dump/22.05k/token_list/phn_jaconv_pyopenjtalk_prosody/tokens.txt --non_linguistic_symbols none --cleaner jaconv --g2p pyopenjtalk_prosody --normalize none --pitch_normalize none --energy_normalize none --d0_normalize none --train_data_path_and_name_and_type dump/22.05k/raw/tr_no_dev/text,text,text --train_data_path_and_name_and_type dump/22.05k/raw/tr_no_dev/wav.scp,speech,sound --valid_data_path_and_name_and_type dump/22.05k/raw/dev/text,text,text --valid_data_path_and_name_and_type dump/22.05k/raw/dev/wav.scp,speech,sound --train_shape_file exp/22.05k/tts_stats_raw_phn_jaconv_pyopenjtalk_prosody/logdir/train.28.scp --valid_shape_file exp/22.05k/tts_stats_raw_phn_jaconv_pyopenjtalk_prosody/logdir/valid.28.scp --output_dir exp/22.05k/tts_stats_raw_phn_jaconv_pyopenjtalk_prosody/logdir/stats.28 --config conf/tuning/train_jets_22.05k.yaml --feats_extract fbank --feats_extract_conf n_fft=1024 --feats_extract_conf hop_length=256 --feats_extract_conf win_length=null --feats_extract_conf fs=22050 --feats_extract_conf fmin=80 --feats_extract_conf fmax=7600 --feats_extract_conf n_mels=80 --pitch_extract_conf fs=22050 --pitch_extract_conf n_fft=1024 --pitch_extract_conf hop_length=256 --pitch_extract_conf f0max=400 --pitch_extract_conf f0min=80 --energy_extract_conf fs=22050 --energy_extract_conf n_fft=1024 --energy_extract_conf hop_length=256 --energy_extract_conf win_length=null --d0_extract_conf fs=22050 --d0_extract_conf n_fft=1024 --d0_extract_conf hop_length=256 --d0_extract_conf win_length=null --d0_extract_conf fmin=80 --d0_extract_conf fmax=7600 --d0_extract_conf n_mels=80
Failed to import Flash Attention, using ESPnet default: libcudart.so.12: cannot open shared object file: No such file or directory
Vocabulary size: 47
encoder self-attention layer type = self-attention
encoder self-attention layer type = self-attention
/home/uesugi/miniconda3/envs/espnet_custom/lib/python3.9/site-packages/torch/nn/utils/weight_norm.py:143: FutureWarning: `torch.nn.utils.weight_norm` is deprecated in favor of `torch.nn.utils.parametrizations.weight_norm`.
  WeightNorm.apply(module, name, dim)
Initialize encoder.encoders.0.self_attn.linear_q.bias to zeros
Initialize encoder.encoders.0.self_attn.linear_k.bias to zeros
Initialize encoder.encoders.0.self_attn.linear_v.bias to zeros
Initialize encoder.encoders.0.self_attn.linear_out.bias to zeros
Initialize encoder.encoders.0.feed_forward.w_1.bias to zeros
Initialize encoder.encoders.0.feed_forward.w_2.bias to zeros
Initialize encoder.encoders.0.norm1.bias to zeros
Initialize encoder.encoders.0.norm2.bias to zeros
Initialize encoder.encoders.1.self_attn.linear_q.bias to zeros
Initialize encoder.encoders.1.self_attn.linear_k.bias to zeros
Initialize encoder.encoders.1.self_attn.linear_v.bias to zeros
Initialize encoder.encoders.1.self_attn.linear_out.bias to zeros
Initialize encoder.encoders.1.feed_forward.w_1.bias to zeros
Initialize encoder.encoders.1.feed_forward.w_2.bias to zeros
Initialize encoder.encoders.1.norm1.bias to zeros
Initialize encoder.encoders.1.norm2.bias to zeros
Initialize encoder.encoders.2.self_attn.linear_q.bias to zeros
Initialize encoder.encoders.2.self_attn.linear_k.bias to zeros
Initialize encoder.encoders.2.self_attn.linear_v.bias to zeros
Initialize encoder.encoders.2.self_attn.linear_out.bias to zeros
Initialize encoder.encoders.2.feed_forward.w_1.bias to zeros
Initialize encoder.encoders.2.feed_forward.w_2.bias to zeros
Initialize encoder.encoders.2.norm1.bias to zeros
Initialize encoder.encoders.2.norm2.bias to zeros
Initialize encoder.encoders.3.self_attn.linear_q.bias to zeros
Initialize encoder.encoders.3.self_attn.linear_k.bias to zeros
Initialize encoder.encoders.3.self_attn.linear_v.bias to zeros
Initialize encoder.encoders.3.self_attn.linear_out.bias to zeros
Initialize encoder.encoders.3.feed_forward.w_1.bias to zeros
Initialize encoder.encoders.3.feed_forward.w_2.bias to zeros
Initialize encoder.encoders.3.norm1.bias to zeros
Initialize encoder.encoders.3.norm2.bias to zeros
Initialize encoder.after_norm.bias to zeros
Initialize duration_predictor.conv.0.0.bias to zeros
Initialize duration_predictor.conv.0.2.bias to zeros
Initialize duration_predictor.conv.1.0.bias to zeros
Initialize duration_predictor.conv.1.2.bias to zeros
Initialize duration_predictor.linear.bias to zeros
Initialize pitch_predictor.conv.0.0.bias to zeros
Initialize pitch_predictor.conv.0.2.bias to zeros
Initialize pitch_predictor.conv.1.0.bias to zeros
Initialize pitch_predictor.conv.1.2.bias to zeros
Initialize pitch_predictor.conv.2.0.bias to zeros
Initialize pitch_predictor.conv.2.2.bias to zeros
Initialize pitch_predictor.conv.3.0.bias to zeros
Initialize pitch_predictor.conv.3.2.bias to zeros
Initialize pitch_predictor.conv.4.0.bias to zeros
Initialize pitch_predictor.conv.4.2.bias to zeros
Initialize pitch_predictor.linear.bias to zeros
Initialize pitch_embed.0.bias to zeros
Initialize energy_predictor.conv.0.0.bias to zeros
Initialize energy_predictor.conv.0.2.bias to zeros
Initialize energy_predictor.conv.1.0.bias to zeros
Initialize energy_predictor.conv.1.2.bias to zeros
Initialize energy_predictor.linear.bias to zeros
Initialize energy_embed.0.bias to zeros
Initialize d0_predictor.conv.0.0.bias to zeros
Initialize d0_predictor.conv.0.2.bias to zeros
Initialize d0_predictor.conv.1.0.bias to zeros
Initialize d0_predictor.conv.1.2.bias to zeros
Initialize d0_predictor.linear.bias to zeros
Initialize d0_embed.0.bias to zeros
Initialize alignment_module.t_conv1.bias to zeros
Initialize alignment_module.t_conv2.bias to zeros
Initialize alignment_module.f_conv1.bias to zeros
Initialize alignment_module.f_conv2.bias to zeros
Initialize alignment_module.f_conv3.bias to zeros
Initialize decoder.encoders.0.self_attn.linear_q.bias to zeros
Initialize decoder.encoders.0.self_attn.linear_k.bias to zeros
Initialize decoder.encoders.0.self_attn.linear_v.bias to zeros
Initialize decoder.encoders.0.self_attn.linear_out.bias to zeros
Initialize decoder.encoders.0.feed_forward.w_1.bias to zeros
Initialize decoder.encoders.0.feed_forward.w_2.bias to zeros
Initialize decoder.encoders.0.norm1.bias to zeros
Initialize decoder.encoders.0.norm2.bias to zeros
Initialize decoder.encoders.1.self_attn.linear_q.bias to zeros
Initialize decoder.encoders.1.self_attn.linear_k.bias to zeros
Initialize decoder.encoders.1.self_attn.linear_v.bias to zeros
Initialize decoder.encoders.1.self_attn.linear_out.bias to zeros
Initialize decoder.encoders.1.feed_forward.w_1.bias to zeros
Initialize decoder.encoders.1.feed_forward.w_2.bias to zeros
Initialize decoder.encoders.1.norm1.bias to zeros
Initialize decoder.encoders.1.norm2.bias to zeros
Initialize decoder.encoders.2.self_attn.linear_q.bias to zeros
Initialize decoder.encoders.2.self_attn.linear_k.bias to zeros
Initialize decoder.encoders.2.self_attn.linear_v.bias to zeros
Initialize decoder.encoders.2.self_attn.linear_out.bias to zeros
Initialize decoder.encoders.2.feed_forward.w_1.bias to zeros
Initialize decoder.encoders.2.feed_forward.w_2.bias to zeros
Initialize decoder.encoders.2.norm1.bias to zeros
Initialize decoder.encoders.2.norm2.bias to zeros
Initialize decoder.encoders.3.self_attn.linear_q.bias to zeros
Initialize decoder.encoders.3.self_attn.linear_k.bias to zeros
Initialize decoder.encoders.3.self_attn.linear_v.bias to zeros
Initialize decoder.encoders.3.self_attn.linear_out.bias to zeros
Initialize decoder.encoders.3.feed_forward.w_1.bias to zeros
Initialize decoder.encoders.3.feed_forward.w_2.bias to zeros
Initialize decoder.encoders.3.norm1.bias to zeros
Initialize decoder.encoders.3.norm2.bias to zeros
Initialize decoder.after_norm.bias to zeros
Initialize generator.input_conv.bias to zeros
Initialize generator.upsamples.0.1.bias to zeros
Initialize generator.upsamples.1.1.bias to zeros
Initialize generator.upsamples.2.1.bias to zeros
Initialize generator.upsamples.3.1.bias to zeros
Initialize generator.blocks.0.convs1.0.1.bias to zeros
Initialize generator.blocks.0.convs1.1.1.bias to zeros
Initialize generator.blocks.0.convs1.2.1.bias to zeros
Initialize generator.blocks.0.convs2.0.1.bias to zeros
Initialize generator.blocks.0.convs2.1.1.bias to zeros
Initialize generator.blocks.0.convs2.2.1.bias to zeros
Initialize generator.blocks.1.convs1.0.1.bias to zeros
Initialize generator.blocks.1.convs1.1.1.bias to zeros
Initialize generator.blocks.1.convs1.2.1.bias to zeros
Initialize generator.blocks.1.convs2.0.1.bias to zeros
Initialize generator.blocks.1.convs2.1.1.bias to zeros
Initialize generator.blocks.1.convs2.2.1.bias to zeros
Initialize generator.blocks.2.convs1.0.1.bias to zeros
Initialize generator.blocks.2.convs1.1.1.bias to zeros
Initialize generator.blocks.2.convs1.2.1.bias to zeros
Initialize generator.blocks.2.convs2.0.1.bias to zeros
Initialize generator.blocks.2.convs2.1.1.bias to zeros
Initialize generator.blocks.2.convs2.2.1.bias to zeros
Initialize generator.blocks.3.convs1.0.1.bias to zeros
Initialize generator.blocks.3.convs1.1.1.bias to zeros
Initialize generator.blocks.3.convs1.2.1.bias to zeros
Initialize generator.blocks.3.convs2.0.1.bias to zeros
Initialize generator.blocks.3.convs2.1.1.bias to zeros
Initialize generator.blocks.3.convs2.2.1.bias to zeros
Initialize generator.blocks.4.convs1.0.1.bias to zeros
Initialize generator.blocks.4.convs1.1.1.bias to zeros
Initialize generator.blocks.4.convs1.2.1.bias to zeros
Initialize generator.blocks.4.convs2.0.1.bias to zeros
Initialize generator.blocks.4.convs2.1.1.bias to zeros
Initialize generator.blocks.4.convs2.2.1.bias to zeros
Initialize generator.blocks.5.convs1.0.1.bias to zeros
Initialize generator.blocks.5.convs1.1.1.bias to zeros
Initialize generator.blocks.5.convs1.2.1.bias to zeros
Initialize generator.blocks.5.convs2.0.1.bias to zeros
Initialize generator.blocks.5.convs2.1.1.bias to zeros
Initialize generator.blocks.5.convs2.2.1.bias to zeros
Initialize generator.blocks.6.convs1.0.1.bias to zeros
Initialize generator.blocks.6.convs1.1.1.bias to zeros
Initialize generator.blocks.6.convs1.2.1.bias to zeros
Initialize generator.blocks.6.convs2.0.1.bias to zeros
Initialize generator.blocks.6.convs2.1.1.bias to zeros
Initialize generator.blocks.6.convs2.2.1.bias to zeros
Initialize generator.blocks.7.convs1.0.1.bias to zeros
Initialize generator.blocks.7.convs1.1.1.bias to zeros
Initialize generator.blocks.7.convs1.2.1.bias to zeros
Initialize generator.blocks.7.convs2.0.1.bias to zeros
Initialize generator.blocks.7.convs2.1.1.bias to zeros
Initialize generator.blocks.7.convs2.2.1.bias to zeros
Initialize generator.blocks.8.convs1.0.1.bias to zeros
Initialize generator.blocks.8.convs1.1.1.bias to zeros
Initialize generator.blocks.8.convs1.2.1.bias to zeros
Initialize generator.blocks.8.convs2.0.1.bias to zeros
Initialize generator.blocks.8.convs2.1.1.bias to zeros
Initialize generator.blocks.8.convs2.2.1.bias to zeros
Initialize generator.blocks.9.convs1.0.1.bias to zeros
Initialize generator.blocks.9.convs1.1.1.bias to zeros
Initialize generator.blocks.9.convs1.2.1.bias to zeros
Initialize generator.blocks.9.convs2.0.1.bias to zeros
Initialize generator.blocks.9.convs2.1.1.bias to zeros
Initialize generator.blocks.9.convs2.2.1.bias to zeros
Initialize generator.blocks.10.convs1.0.1.bias to zeros
Initialize generator.blocks.10.convs1.1.1.bias to zeros
Initialize generator.blocks.10.convs1.2.1.bias to zeros
Initialize generator.blocks.10.convs2.0.1.bias to zeros
Initialize generator.blocks.10.convs2.1.1.bias to zeros
Initialize generator.blocks.10.convs2.2.1.bias to zeros
Initialize generator.blocks.11.convs1.0.1.bias to zeros
Initialize generator.blocks.11.convs1.1.1.bias to zeros
Initialize generator.blocks.11.convs1.2.1.bias to zeros
Initialize generator.blocks.11.convs2.0.1.bias to zeros
Initialize generator.blocks.11.convs2.1.1.bias to zeros
Initialize generator.blocks.11.convs2.2.1.bias to zeros
Initialize generator.output_conv.1.bias to zeros
Traceback (most recent call last):
  File "/home/uesugi/miniconda3/envs/espnet_custom/lib/python3.9/runpy.py", line 197, in _run_module_as_main
    return _run_code(code, main_globals, None,
  File "/home/uesugi/miniconda3/envs/espnet_custom/lib/python3.9/runpy.py", line 87, in _run_code
    exec(code, run_globals)
  File "/home/uesugi/espnet-for-customize-jets/espnet2/bin/gan_tts_train.py", line 22, in <module>
    main()
  File "/home/uesugi/espnet-for-customize-jets/espnet2/bin/gan_tts_train.py", line 18, in main
    GANTTSTask.main(cmd=cmd)
  File "/home/uesugi/espnet-for-customize-jets/espnet2/tasks/abs_task.py", line 1225, in main
    cls.main_worker(args)
  File "/home/uesugi/espnet-for-customize-jets/espnet2/tasks/abs_task.py", line 1357, in main_worker
    model = cls.build_model(args=args)
  File "/home/uesugi/espnet-for-customize-jets/espnet2/tasks/gan_tts.py", line 386, in build_model
    d0_extract = d0_extract_class(
TypeError: __init__() got an unexpected keyword argument 'fmin'
# Accounting: time=78 threads=1
# Ended (code 1) at Tue Jul  1 10:36:29 JST 2025, elapsed time 78 seconds
# python3 -m espnet2.bin.gan_tts_train --collect_stats true --write_collected_feats true --use_preprocessor true --token_type phn --token_list dump/22.05k/token_list/phn_jaconv_pyopenjtalk_prosody/tokens.txt --non_linguistic_symbols none --cleaner jaconv --g2p pyopenjtalk_prosody --normalize none --pitch_normalize none --energy_normalize none --d0_normalize none --train_data_path_and_name_and_type dump/22.05k/raw/tr_no_dev/text,text,text --train_data_path_and_name_and_type dump/22.05k/raw/tr_no_dev/wav.scp,speech,sound --valid_data_path_and_name_and_type dump/22.05k/raw/dev/text,text,text --valid_data_path_and_name_and_type dump/22.05k/raw/dev/wav.scp,speech,sound --train_shape_file exp/22.05k/tts_stats_raw_phn_jaconv_pyopenjtalk_prosody/logdir/train.29.scp --valid_shape_file exp/22.05k/tts_stats_raw_phn_jaconv_pyopenjtalk_prosody/logdir/valid.29.scp --output_dir exp/22.05k/tts_stats_raw_phn_jaconv_pyopenjtalk_prosody/logdir/stats.29 --config conf/tuning/train_jets_22.05k.yaml --feats_extract fbank --feats_extract_conf n_fft=1024 --feats_extract_conf hop_length=256 --feats_extract_conf win_length=null --feats_extract_conf fs=22050 --feats_extract_conf fmin=80 --feats_extract_conf fmax=7600 --feats_extract_conf n_mels=80 --pitch_extract_conf fs=22050 --pitch_extract_conf n_fft=1024 --pitch_extract_conf hop_length=256 --pitch_extract_conf f0max=400 --pitch_extract_conf f0min=80 --energy_extract_conf fs=22050 --energy_extract_conf n_fft=1024 --energy_extract_conf hop_length=256 --energy_extract_conf win_length=null --d0_extract_conf fs=22050 --d0_extract_conf n_fft=1024 --d0_extract_conf hop_length=256 --d0_extract_conf win_length=null --d0_extract_conf fmin=80 --d0_extract_conf fmax=7600 --d0_extract_conf n_mels=80 
# Started at Tue Jul  1 10:35:10 JST 2025
#
/home/uesugi/miniconda3/envs/espnet_custom/bin/python3 /home/uesugi/espnet-for-customize-jets/espnet2/bin/gan_tts_train.py --collect_stats true --write_collected_feats true --use_preprocessor true --token_type phn --token_list dump/22.05k/token_list/phn_jaconv_pyopenjtalk_prosody/tokens.txt --non_linguistic_symbols none --cleaner jaconv --g2p pyopenjtalk_prosody --normalize none --pitch_normalize none --energy_normalize none --d0_normalize none --train_data_path_and_name_and_type dump/22.05k/raw/tr_no_dev/text,text,text --train_data_path_and_name_and_type dump/22.05k/raw/tr_no_dev/wav.scp,speech,sound --valid_data_path_and_name_and_type dump/22.05k/raw/dev/text,text,text --valid_data_path_and_name_and_type dump/22.05k/raw/dev/wav.scp,speech,sound --train_shape_file exp/22.05k/tts_stats_raw_phn_jaconv_pyopenjtalk_prosody/logdir/train.29.scp --valid_shape_file exp/22.05k/tts_stats_raw_phn_jaconv_pyopenjtalk_prosody/logdir/valid.29.scp --output_dir exp/22.05k/tts_stats_raw_phn_jaconv_pyopenjtalk_prosody/logdir/stats.29 --config conf/tuning/train_jets_22.05k.yaml --feats_extract fbank --feats_extract_conf n_fft=1024 --feats_extract_conf hop_length=256 --feats_extract_conf win_length=null --feats_extract_conf fs=22050 --feats_extract_conf fmin=80 --feats_extract_conf fmax=7600 --feats_extract_conf n_mels=80 --pitch_extract_conf fs=22050 --pitch_extract_conf n_fft=1024 --pitch_extract_conf hop_length=256 --pitch_extract_conf f0max=400 --pitch_extract_conf f0min=80 --energy_extract_conf fs=22050 --energy_extract_conf n_fft=1024 --energy_extract_conf hop_length=256 --energy_extract_conf win_length=null --d0_extract_conf fs=22050 --d0_extract_conf n_fft=1024 --d0_extract_conf hop_length=256 --d0_extract_conf win_length=null --d0_extract_conf fmin=80 --d0_extract_conf fmax=7600 --d0_extract_conf n_mels=80
Failed to import Flash Attention, using ESPnet default: libcudart.so.12: cannot open shared object file: No such file or directory
Vocabulary size: 47
encoder self-attention layer type = self-attention
encoder self-attention layer type = self-attention
/home/uesugi/miniconda3/envs/espnet_custom/lib/python3.9/site-packages/torch/nn/utils/weight_norm.py:143: FutureWarning: `torch.nn.utils.weight_norm` is deprecated in favor of `torch.nn.utils.parametrizations.weight_norm`.
  WeightNorm.apply(module, name, dim)
Initialize encoder.encoders.0.self_attn.linear_q.bias to zeros
Initialize encoder.encoders.0.self_attn.linear_k.bias to zeros
Initialize encoder.encoders.0.self_attn.linear_v.bias to zeros
Initialize encoder.encoders.0.self_attn.linear_out.bias to zeros
Initialize encoder.encoders.0.feed_forward.w_1.bias to zeros
Initialize encoder.encoders.0.feed_forward.w_2.bias to zeros
Initialize encoder.encoders.0.norm1.bias to zeros
Initialize encoder.encoders.0.norm2.bias to zeros
Initialize encoder.encoders.1.self_attn.linear_q.bias to zeros
Initialize encoder.encoders.1.self_attn.linear_k.bias to zeros
Initialize encoder.encoders.1.self_attn.linear_v.bias to zeros
Initialize encoder.encoders.1.self_attn.linear_out.bias to zeros
Initialize encoder.encoders.1.feed_forward.w_1.bias to zeros
Initialize encoder.encoders.1.feed_forward.w_2.bias to zeros
Initialize encoder.encoders.1.norm1.bias to zeros
Initialize encoder.encoders.1.norm2.bias to zeros
Initialize encoder.encoders.2.self_attn.linear_q.bias to zeros
Initialize encoder.encoders.2.self_attn.linear_k.bias to zeros
Initialize encoder.encoders.2.self_attn.linear_v.bias to zeros
Initialize encoder.encoders.2.self_attn.linear_out.bias to zeros
Initialize encoder.encoders.2.feed_forward.w_1.bias to zeros
Initialize encoder.encoders.2.feed_forward.w_2.bias to zeros
Initialize encoder.encoders.2.norm1.bias to zeros
Initialize encoder.encoders.2.norm2.bias to zeros
Initialize encoder.encoders.3.self_attn.linear_q.bias to zeros
Initialize encoder.encoders.3.self_attn.linear_k.bias to zeros
Initialize encoder.encoders.3.self_attn.linear_v.bias to zeros
Initialize encoder.encoders.3.self_attn.linear_out.bias to zeros
Initialize encoder.encoders.3.feed_forward.w_1.bias to zeros
Initialize encoder.encoders.3.feed_forward.w_2.bias to zeros
Initialize encoder.encoders.3.norm1.bias to zeros
Initialize encoder.encoders.3.norm2.bias to zeros
Initialize encoder.after_norm.bias to zeros
Initialize duration_predictor.conv.0.0.bias to zeros
Initialize duration_predictor.conv.0.2.bias to zeros
Initialize duration_predictor.conv.1.0.bias to zeros
Initialize duration_predictor.conv.1.2.bias to zeros
Initialize duration_predictor.linear.bias to zeros
Initialize pitch_predictor.conv.0.0.bias to zeros
Initialize pitch_predictor.conv.0.2.bias to zeros
Initialize pitch_predictor.conv.1.0.bias to zeros
Initialize pitch_predictor.conv.1.2.bias to zeros
Initialize pitch_predictor.conv.2.0.bias to zeros
Initialize pitch_predictor.conv.2.2.bias to zeros
Initialize pitch_predictor.conv.3.0.bias to zeros
Initialize pitch_predictor.conv.3.2.bias to zeros
Initialize pitch_predictor.conv.4.0.bias to zeros
Initialize pitch_predictor.conv.4.2.bias to zeros
Initialize pitch_predictor.linear.bias to zeros
Initialize pitch_embed.0.bias to zeros
Initialize energy_predictor.conv.0.0.bias to zeros
Initialize energy_predictor.conv.0.2.bias to zeros
Initialize energy_predictor.conv.1.0.bias to zeros
Initialize energy_predictor.conv.1.2.bias to zeros
Initialize energy_predictor.linear.bias to zeros
Initialize energy_embed.0.bias to zeros
Initialize d0_predictor.conv.0.0.bias to zeros
Initialize d0_predictor.conv.0.2.bias to zeros
Initialize d0_predictor.conv.1.0.bias to zeros
Initialize d0_predictor.conv.1.2.bias to zeros
Initialize d0_predictor.linear.bias to zeros
Initialize d0_embed.0.bias to zeros
Initialize alignment_module.t_conv1.bias to zeros
Initialize alignment_module.t_conv2.bias to zeros
Initialize alignment_module.f_conv1.bias to zeros
Initialize alignment_module.f_conv2.bias to zeros
Initialize alignment_module.f_conv3.bias to zeros
Initialize decoder.encoders.0.self_attn.linear_q.bias to zeros
Initialize decoder.encoders.0.self_attn.linear_k.bias to zeros
Initialize decoder.encoders.0.self_attn.linear_v.bias to zeros
Initialize decoder.encoders.0.self_attn.linear_out.bias to zeros
Initialize decoder.encoders.0.feed_forward.w_1.bias to zeros
Initialize decoder.encoders.0.feed_forward.w_2.bias to zeros
Initialize decoder.encoders.0.norm1.bias to zeros
Initialize decoder.encoders.0.norm2.bias to zeros
Initialize decoder.encoders.1.self_attn.linear_q.bias to zeros
Initialize decoder.encoders.1.self_attn.linear_k.bias to zeros
Initialize decoder.encoders.1.self_attn.linear_v.bias to zeros
Initialize decoder.encoders.1.self_attn.linear_out.bias to zeros
Initialize decoder.encoders.1.feed_forward.w_1.bias to zeros
Initialize decoder.encoders.1.feed_forward.w_2.bias to zeros
Initialize decoder.encoders.1.norm1.bias to zeros
Initialize decoder.encoders.1.norm2.bias to zeros
Initialize decoder.encoders.2.self_attn.linear_q.bias to zeros
Initialize decoder.encoders.2.self_attn.linear_k.bias to zeros
Initialize decoder.encoders.2.self_attn.linear_v.bias to zeros
Initialize decoder.encoders.2.self_attn.linear_out.bias to zeros
Initialize decoder.encoders.2.feed_forward.w_1.bias to zeros
Initialize decoder.encoders.2.feed_forward.w_2.bias to zeros
Initialize decoder.encoders.2.norm1.bias to zeros
Initialize decoder.encoders.2.norm2.bias to zeros
Initialize decoder.encoders.3.self_attn.linear_q.bias to zeros
Initialize decoder.encoders.3.self_attn.linear_k.bias to zeros
Initialize decoder.encoders.3.self_attn.linear_v.bias to zeros
Initialize decoder.encoders.3.self_attn.linear_out.bias to zeros
Initialize decoder.encoders.3.feed_forward.w_1.bias to zeros
Initialize decoder.encoders.3.feed_forward.w_2.bias to zeros
Initialize decoder.encoders.3.norm1.bias to zeros
Initialize decoder.encoders.3.norm2.bias to zeros
Initialize decoder.after_norm.bias to zeros
Initialize generator.input_conv.bias to zeros
Initialize generator.upsamples.0.1.bias to zeros
Initialize generator.upsamples.1.1.bias to zeros
Initialize generator.upsamples.2.1.bias to zeros
Initialize generator.upsamples.3.1.bias to zeros
Initialize generator.blocks.0.convs1.0.1.bias to zeros
Initialize generator.blocks.0.convs1.1.1.bias to zeros
Initialize generator.blocks.0.convs1.2.1.bias to zeros
Initialize generator.blocks.0.convs2.0.1.bias to zeros
Initialize generator.blocks.0.convs2.1.1.bias to zeros
Initialize generator.blocks.0.convs2.2.1.bias to zeros
Initialize generator.blocks.1.convs1.0.1.bias to zeros
Initialize generator.blocks.1.convs1.1.1.bias to zeros
Initialize generator.blocks.1.convs1.2.1.bias to zeros
Initialize generator.blocks.1.convs2.0.1.bias to zeros
Initialize generator.blocks.1.convs2.1.1.bias to zeros
Initialize generator.blocks.1.convs2.2.1.bias to zeros
Initialize generator.blocks.2.convs1.0.1.bias to zeros
Initialize generator.blocks.2.convs1.1.1.bias to zeros
Initialize generator.blocks.2.convs1.2.1.bias to zeros
Initialize generator.blocks.2.convs2.0.1.bias to zeros
Initialize generator.blocks.2.convs2.1.1.bias to zeros
Initialize generator.blocks.2.convs2.2.1.bias to zeros
Initialize generator.blocks.3.convs1.0.1.bias to zeros
Initialize generator.blocks.3.convs1.1.1.bias to zeros
Initialize generator.blocks.3.convs1.2.1.bias to zeros
Initialize generator.blocks.3.convs2.0.1.bias to zeros
Initialize generator.blocks.3.convs2.1.1.bias to zeros
Initialize generator.blocks.3.convs2.2.1.bias to zeros
Initialize generator.blocks.4.convs1.0.1.bias to zeros
Initialize generator.blocks.4.convs1.1.1.bias to zeros
Initialize generator.blocks.4.convs1.2.1.bias to zeros
Initialize generator.blocks.4.convs2.0.1.bias to zeros
Initialize generator.blocks.4.convs2.1.1.bias to zeros
Initialize generator.blocks.4.convs2.2.1.bias to zeros
Initialize generator.blocks.5.convs1.0.1.bias to zeros
Initialize generator.blocks.5.convs1.1.1.bias to zeros
Initialize generator.blocks.5.convs1.2.1.bias to zeros
Initialize generator.blocks.5.convs2.0.1.bias to zeros
Initialize generator.blocks.5.convs2.1.1.bias to zeros
Initialize generator.blocks.5.convs2.2.1.bias to zeros
Initialize generator.blocks.6.convs1.0.1.bias to zeros
Initialize generator.blocks.6.convs1.1.1.bias to zeros
Initialize generator.blocks.6.convs1.2.1.bias to zeros
Initialize generator.blocks.6.convs2.0.1.bias to zeros
Initialize generator.blocks.6.convs2.1.1.bias to zeros
Initialize generator.blocks.6.convs2.2.1.bias to zeros
Initialize generator.blocks.7.convs1.0.1.bias to zeros
Initialize generator.blocks.7.convs1.1.1.bias to zeros
Initialize generator.blocks.7.convs1.2.1.bias to zeros
Initialize generator.blocks.7.convs2.0.1.bias to zeros
Initialize generator.blocks.7.convs2.1.1.bias to zeros
Initialize generator.blocks.7.convs2.2.1.bias to zeros
Initialize generator.blocks.8.convs1.0.1.bias to zeros
Initialize generator.blocks.8.convs1.1.1.bias to zeros
Initialize generator.blocks.8.convs1.2.1.bias to zeros
Initialize generator.blocks.8.convs2.0.1.bias to zeros
Initialize generator.blocks.8.convs2.1.1.bias to zeros
Initialize generator.blocks.8.convs2.2.1.bias to zeros
Initialize generator.blocks.9.convs1.0.1.bias to zeros
Initialize generator.blocks.9.convs1.1.1.bias to zeros
Initialize generator.blocks.9.convs1.2.1.bias to zeros
Initialize generator.blocks.9.convs2.0.1.bias to zeros
Initialize generator.blocks.9.convs2.1.1.bias to zeros
Initialize generator.blocks.9.convs2.2.1.bias to zeros
Initialize generator.blocks.10.convs1.0.1.bias to zeros
Initialize generator.blocks.10.convs1.1.1.bias to zeros
Initialize generator.blocks.10.convs1.2.1.bias to zeros
Initialize generator.blocks.10.convs2.0.1.bias to zeros
Initialize generator.blocks.10.convs2.1.1.bias to zeros
Initialize generator.blocks.10.convs2.2.1.bias to zeros
Initialize generator.blocks.11.convs1.0.1.bias to zeros
Initialize generator.blocks.11.convs1.1.1.bias to zeros
Initialize generator.blocks.11.convs1.2.1.bias to zeros
Initialize generator.blocks.11.convs2.0.1.bias to zeros
Initialize generator.blocks.11.convs2.1.1.bias to zeros
Initialize generator.blocks.11.convs2.2.1.bias to zeros
Initialize generator.output_conv.1.bias to zeros
Traceback (most recent call last):
  File "/home/uesugi/miniconda3/envs/espnet_custom/lib/python3.9/runpy.py", line 197, in _run_module_as_main
    return _run_code(code, main_globals, None,
  File "/home/uesugi/miniconda3/envs/espnet_custom/lib/python3.9/runpy.py", line 87, in _run_code
    exec(code, run_globals)
  File "/home/uesugi/espnet-for-customize-jets/espnet2/bin/gan_tts_train.py", line 22, in <module>
    main()
  File "/home/uesugi/espnet-for-customize-jets/espnet2/bin/gan_tts_train.py", line 18, in main
    GANTTSTask.main(cmd=cmd)
  File "/home/uesugi/espnet-for-customize-jets/espnet2/tasks/abs_task.py", line 1225, in main
    cls.main_worker(args)
  File "/home/uesugi/espnet-for-customize-jets/espnet2/tasks/abs_task.py", line 1357, in main_worker
    model = cls.build_model(args=args)
  File "/home/uesugi/espnet-for-customize-jets/espnet2/tasks/gan_tts.py", line 386, in build_model
    d0_extract = d0_extract_class(
TypeError: __init__() got an unexpected keyword argument 'fmin'
# Accounting: time=78 threads=1
# Ended (code 1) at Tue Jul  1 10:36:29 JST 2025, elapsed time 78 seconds
# python3 -m espnet2.bin.gan_tts_train --collect_stats true --write_collected_feats true --use_preprocessor true --token_type phn --token_list dump/22.05k/token_list/phn_jaconv_pyopenjtalk_prosody/tokens.txt --non_linguistic_symbols none --cleaner jaconv --g2p pyopenjtalk_prosody --normalize none --pitch_normalize none --energy_normalize none --d0_normalize none --train_data_path_and_name_and_type dump/22.05k/raw/tr_no_dev/text,text,text --train_data_path_and_name_and_type dump/22.05k/raw/tr_no_dev/wav.scp,speech,sound --valid_data_path_and_name_and_type dump/22.05k/raw/dev/text,text,text --valid_data_path_and_name_and_type dump/22.05k/raw/dev/wav.scp,speech,sound --train_shape_file exp/22.05k/tts_stats_raw_phn_jaconv_pyopenjtalk_prosody/logdir/train.3.scp --valid_shape_file exp/22.05k/tts_stats_raw_phn_jaconv_pyopenjtalk_prosody/logdir/valid.3.scp --output_dir exp/22.05k/tts_stats_raw_phn_jaconv_pyopenjtalk_prosody/logdir/stats.3 --config conf/tuning/train_jets_22.05k.yaml --feats_extract fbank --feats_extract_conf n_fft=1024 --feats_extract_conf hop_length=256 --feats_extract_conf win_length=null --feats_extract_conf fs=22050 --feats_extract_conf fmin=80 --feats_extract_conf fmax=7600 --feats_extract_conf n_mels=80 --pitch_extract_conf fs=22050 --pitch_extract_conf n_fft=1024 --pitch_extract_conf hop_length=256 --pitch_extract_conf f0max=400 --pitch_extract_conf f0min=80 --energy_extract_conf fs=22050 --energy_extract_conf n_fft=1024 --energy_extract_conf hop_length=256 --energy_extract_conf win_length=null --d0_extract_conf fs=22050 --d0_extract_conf n_fft=1024 --d0_extract_conf hop_length=256 --d0_extract_conf win_length=null --d0_extract_conf fmin=80 --d0_extract_conf fmax=7600 --d0_extract_conf n_mels=80 
# Started at Tue Jul  1 10:35:09 JST 2025
#
/home/uesugi/miniconda3/envs/espnet_custom/bin/python3 /home/uesugi/espnet-for-customize-jets/espnet2/bin/gan_tts_train.py --collect_stats true --write_collected_feats true --use_preprocessor true --token_type phn --token_list dump/22.05k/token_list/phn_jaconv_pyopenjtalk_prosody/tokens.txt --non_linguistic_symbols none --cleaner jaconv --g2p pyopenjtalk_prosody --normalize none --pitch_normalize none --energy_normalize none --d0_normalize none --train_data_path_and_name_and_type dump/22.05k/raw/tr_no_dev/text,text,text --train_data_path_and_name_and_type dump/22.05k/raw/tr_no_dev/wav.scp,speech,sound --valid_data_path_and_name_and_type dump/22.05k/raw/dev/text,text,text --valid_data_path_and_name_and_type dump/22.05k/raw/dev/wav.scp,speech,sound --train_shape_file exp/22.05k/tts_stats_raw_phn_jaconv_pyopenjtalk_prosody/logdir/train.3.scp --valid_shape_file exp/22.05k/tts_stats_raw_phn_jaconv_pyopenjtalk_prosody/logdir/valid.3.scp --output_dir exp/22.05k/tts_stats_raw_phn_jaconv_pyopenjtalk_prosody/logdir/stats.3 --config conf/tuning/train_jets_22.05k.yaml --feats_extract fbank --feats_extract_conf n_fft=1024 --feats_extract_conf hop_length=256 --feats_extract_conf win_length=null --feats_extract_conf fs=22050 --feats_extract_conf fmin=80 --feats_extract_conf fmax=7600 --feats_extract_conf n_mels=80 --pitch_extract_conf fs=22050 --pitch_extract_conf n_fft=1024 --pitch_extract_conf hop_length=256 --pitch_extract_conf f0max=400 --pitch_extract_conf f0min=80 --energy_extract_conf fs=22050 --energy_extract_conf n_fft=1024 --energy_extract_conf hop_length=256 --energy_extract_conf win_length=null --d0_extract_conf fs=22050 --d0_extract_conf n_fft=1024 --d0_extract_conf hop_length=256 --d0_extract_conf win_length=null --d0_extract_conf fmin=80 --d0_extract_conf fmax=7600 --d0_extract_conf n_mels=80
Failed to import Flash Attention, using ESPnet default: libcudart.so.12: cannot open shared object file: No such file or directory
Vocabulary size: 47
encoder self-attention layer type = self-attention
encoder self-attention layer type = self-attention
/home/uesugi/miniconda3/envs/espnet_custom/lib/python3.9/site-packages/torch/nn/utils/weight_norm.py:143: FutureWarning: `torch.nn.utils.weight_norm` is deprecated in favor of `torch.nn.utils.parametrizations.weight_norm`.
  WeightNorm.apply(module, name, dim)
Initialize encoder.encoders.0.self_attn.linear_q.bias to zeros
Initialize encoder.encoders.0.self_attn.linear_k.bias to zeros
Initialize encoder.encoders.0.self_attn.linear_v.bias to zeros
Initialize encoder.encoders.0.self_attn.linear_out.bias to zeros
Initialize encoder.encoders.0.feed_forward.w_1.bias to zeros
Initialize encoder.encoders.0.feed_forward.w_2.bias to zeros
Initialize encoder.encoders.0.norm1.bias to zeros
Initialize encoder.encoders.0.norm2.bias to zeros
Initialize encoder.encoders.1.self_attn.linear_q.bias to zeros
Initialize encoder.encoders.1.self_attn.linear_k.bias to zeros
Initialize encoder.encoders.1.self_attn.linear_v.bias to zeros
Initialize encoder.encoders.1.self_attn.linear_out.bias to zeros
Initialize encoder.encoders.1.feed_forward.w_1.bias to zeros
Initialize encoder.encoders.1.feed_forward.w_2.bias to zeros
Initialize encoder.encoders.1.norm1.bias to zeros
Initialize encoder.encoders.1.norm2.bias to zeros
Initialize encoder.encoders.2.self_attn.linear_q.bias to zeros
Initialize encoder.encoders.2.self_attn.linear_k.bias to zeros
Initialize encoder.encoders.2.self_attn.linear_v.bias to zeros
Initialize encoder.encoders.2.self_attn.linear_out.bias to zeros
Initialize encoder.encoders.2.feed_forward.w_1.bias to zeros
Initialize encoder.encoders.2.feed_forward.w_2.bias to zeros
Initialize encoder.encoders.2.norm1.bias to zeros
Initialize encoder.encoders.2.norm2.bias to zeros
Initialize encoder.encoders.3.self_attn.linear_q.bias to zeros
Initialize encoder.encoders.3.self_attn.linear_k.bias to zeros
Initialize encoder.encoders.3.self_attn.linear_v.bias to zeros
Initialize encoder.encoders.3.self_attn.linear_out.bias to zeros
Initialize encoder.encoders.3.feed_forward.w_1.bias to zeros
Initialize encoder.encoders.3.feed_forward.w_2.bias to zeros
Initialize encoder.encoders.3.norm1.bias to zeros
Initialize encoder.encoders.3.norm2.bias to zeros
Initialize encoder.after_norm.bias to zeros
Initialize duration_predictor.conv.0.0.bias to zeros
Initialize duration_predictor.conv.0.2.bias to zeros
Initialize duration_predictor.conv.1.0.bias to zeros
Initialize duration_predictor.conv.1.2.bias to zeros
Initialize duration_predictor.linear.bias to zeros
Initialize pitch_predictor.conv.0.0.bias to zeros
Initialize pitch_predictor.conv.0.2.bias to zeros
Initialize pitch_predictor.conv.1.0.bias to zeros
Initialize pitch_predictor.conv.1.2.bias to zeros
Initialize pitch_predictor.conv.2.0.bias to zeros
Initialize pitch_predictor.conv.2.2.bias to zeros
Initialize pitch_predictor.conv.3.0.bias to zeros
Initialize pitch_predictor.conv.3.2.bias to zeros
Initialize pitch_predictor.conv.4.0.bias to zeros
Initialize pitch_predictor.conv.4.2.bias to zeros
Initialize pitch_predictor.linear.bias to zeros
Initialize pitch_embed.0.bias to zeros
Initialize energy_predictor.conv.0.0.bias to zeros
Initialize energy_predictor.conv.0.2.bias to zeros
Initialize energy_predictor.conv.1.0.bias to zeros
Initialize energy_predictor.conv.1.2.bias to zeros
Initialize energy_predictor.linear.bias to zeros
Initialize energy_embed.0.bias to zeros
Initialize d0_predictor.conv.0.0.bias to zeros
Initialize d0_predictor.conv.0.2.bias to zeros
Initialize d0_predictor.conv.1.0.bias to zeros
Initialize d0_predictor.conv.1.2.bias to zeros
Initialize d0_predictor.linear.bias to zeros
Initialize d0_embed.0.bias to zeros
Initialize alignment_module.t_conv1.bias to zeros
Initialize alignment_module.t_conv2.bias to zeros
Initialize alignment_module.f_conv1.bias to zeros
Initialize alignment_module.f_conv2.bias to zeros
Initialize alignment_module.f_conv3.bias to zeros
Initialize decoder.encoders.0.self_attn.linear_q.bias to zeros
Initialize decoder.encoders.0.self_attn.linear_k.bias to zeros
Initialize decoder.encoders.0.self_attn.linear_v.bias to zeros
Initialize decoder.encoders.0.self_attn.linear_out.bias to zeros
Initialize decoder.encoders.0.feed_forward.w_1.bias to zeros
Initialize decoder.encoders.0.feed_forward.w_2.bias to zeros
Initialize decoder.encoders.0.norm1.bias to zeros
Initialize decoder.encoders.0.norm2.bias to zeros
Initialize decoder.encoders.1.self_attn.linear_q.bias to zeros
Initialize decoder.encoders.1.self_attn.linear_k.bias to zeros
Initialize decoder.encoders.1.self_attn.linear_v.bias to zeros
Initialize decoder.encoders.1.self_attn.linear_out.bias to zeros
Initialize decoder.encoders.1.feed_forward.w_1.bias to zeros
Initialize decoder.encoders.1.feed_forward.w_2.bias to zeros
Initialize decoder.encoders.1.norm1.bias to zeros
Initialize decoder.encoders.1.norm2.bias to zeros
Initialize decoder.encoders.2.self_attn.linear_q.bias to zeros
Initialize decoder.encoders.2.self_attn.linear_k.bias to zeros
Initialize decoder.encoders.2.self_attn.linear_v.bias to zeros
Initialize decoder.encoders.2.self_attn.linear_out.bias to zeros
Initialize decoder.encoders.2.feed_forward.w_1.bias to zeros
Initialize decoder.encoders.2.feed_forward.w_2.bias to zeros
Initialize decoder.encoders.2.norm1.bias to zeros
Initialize decoder.encoders.2.norm2.bias to zeros
Initialize decoder.encoders.3.self_attn.linear_q.bias to zeros
Initialize decoder.encoders.3.self_attn.linear_k.bias to zeros
Initialize decoder.encoders.3.self_attn.linear_v.bias to zeros
Initialize decoder.encoders.3.self_attn.linear_out.bias to zeros
Initialize decoder.encoders.3.feed_forward.w_1.bias to zeros
Initialize decoder.encoders.3.feed_forward.w_2.bias to zeros
Initialize decoder.encoders.3.norm1.bias to zeros
Initialize decoder.encoders.3.norm2.bias to zeros
Initialize decoder.after_norm.bias to zeros
Initialize generator.input_conv.bias to zeros
Initialize generator.upsamples.0.1.bias to zeros
Initialize generator.upsamples.1.1.bias to zeros
Initialize generator.upsamples.2.1.bias to zeros
Initialize generator.upsamples.3.1.bias to zeros
Initialize generator.blocks.0.convs1.0.1.bias to zeros
Initialize generator.blocks.0.convs1.1.1.bias to zeros
Initialize generator.blocks.0.convs1.2.1.bias to zeros
Initialize generator.blocks.0.convs2.0.1.bias to zeros
Initialize generator.blocks.0.convs2.1.1.bias to zeros
Initialize generator.blocks.0.convs2.2.1.bias to zeros
Initialize generator.blocks.1.convs1.0.1.bias to zeros
Initialize generator.blocks.1.convs1.1.1.bias to zeros
Initialize generator.blocks.1.convs1.2.1.bias to zeros
Initialize generator.blocks.1.convs2.0.1.bias to zeros
Initialize generator.blocks.1.convs2.1.1.bias to zeros
Initialize generator.blocks.1.convs2.2.1.bias to zeros
Initialize generator.blocks.2.convs1.0.1.bias to zeros
Initialize generator.blocks.2.convs1.1.1.bias to zeros
Initialize generator.blocks.2.convs1.2.1.bias to zeros
Initialize generator.blocks.2.convs2.0.1.bias to zeros
Initialize generator.blocks.2.convs2.1.1.bias to zeros
Initialize generator.blocks.2.convs2.2.1.bias to zeros
Initialize generator.blocks.3.convs1.0.1.bias to zeros
Initialize generator.blocks.3.convs1.1.1.bias to zeros
Initialize generator.blocks.3.convs1.2.1.bias to zeros
Initialize generator.blocks.3.convs2.0.1.bias to zeros
Initialize generator.blocks.3.convs2.1.1.bias to zeros
Initialize generator.blocks.3.convs2.2.1.bias to zeros
Initialize generator.blocks.4.convs1.0.1.bias to zeros
Initialize generator.blocks.4.convs1.1.1.bias to zeros
Initialize generator.blocks.4.convs1.2.1.bias to zeros
Initialize generator.blocks.4.convs2.0.1.bias to zeros
Initialize generator.blocks.4.convs2.1.1.bias to zeros
Initialize generator.blocks.4.convs2.2.1.bias to zeros
Initialize generator.blocks.5.convs1.0.1.bias to zeros
Initialize generator.blocks.5.convs1.1.1.bias to zeros
Initialize generator.blocks.5.convs1.2.1.bias to zeros
Initialize generator.blocks.5.convs2.0.1.bias to zeros
Initialize generator.blocks.5.convs2.1.1.bias to zeros
Initialize generator.blocks.5.convs2.2.1.bias to zeros
Initialize generator.blocks.6.convs1.0.1.bias to zeros
Initialize generator.blocks.6.convs1.1.1.bias to zeros
Initialize generator.blocks.6.convs1.2.1.bias to zeros
Initialize generator.blocks.6.convs2.0.1.bias to zeros
Initialize generator.blocks.6.convs2.1.1.bias to zeros
Initialize generator.blocks.6.convs2.2.1.bias to zeros
Initialize generator.blocks.7.convs1.0.1.bias to zeros
Initialize generator.blocks.7.convs1.1.1.bias to zeros
Initialize generator.blocks.7.convs1.2.1.bias to zeros
Initialize generator.blocks.7.convs2.0.1.bias to zeros
Initialize generator.blocks.7.convs2.1.1.bias to zeros
Initialize generator.blocks.7.convs2.2.1.bias to zeros
Initialize generator.blocks.8.convs1.0.1.bias to zeros
Initialize generator.blocks.8.convs1.1.1.bias to zeros
Initialize generator.blocks.8.convs1.2.1.bias to zeros
Initialize generator.blocks.8.convs2.0.1.bias to zeros
Initialize generator.blocks.8.convs2.1.1.bias to zeros
Initialize generator.blocks.8.convs2.2.1.bias to zeros
Initialize generator.blocks.9.convs1.0.1.bias to zeros
Initialize generator.blocks.9.convs1.1.1.bias to zeros
Initialize generator.blocks.9.convs1.2.1.bias to zeros
Initialize generator.blocks.9.convs2.0.1.bias to zeros
Initialize generator.blocks.9.convs2.1.1.bias to zeros
Initialize generator.blocks.9.convs2.2.1.bias to zeros
Initialize generator.blocks.10.convs1.0.1.bias to zeros
Initialize generator.blocks.10.convs1.1.1.bias to zeros
Initialize generator.blocks.10.convs1.2.1.bias to zeros
Initialize generator.blocks.10.convs2.0.1.bias to zeros
Initialize generator.blocks.10.convs2.1.1.bias to zeros
Initialize generator.blocks.10.convs2.2.1.bias to zeros
Initialize generator.blocks.11.convs1.0.1.bias to zeros
Initialize generator.blocks.11.convs1.1.1.bias to zeros
Initialize generator.blocks.11.convs1.2.1.bias to zeros
Initialize generator.blocks.11.convs2.0.1.bias to zeros
Initialize generator.blocks.11.convs2.1.1.bias to zeros
Initialize generator.blocks.11.convs2.2.1.bias to zeros
Initialize generator.output_conv.1.bias to zeros
Traceback (most recent call last):
  File "/home/uesugi/miniconda3/envs/espnet_custom/lib/python3.9/runpy.py", line 197, in _run_module_as_main
    return _run_code(code, main_globals, None,
  File "/home/uesugi/miniconda3/envs/espnet_custom/lib/python3.9/runpy.py", line 87, in _run_code
    exec(code, run_globals)
  File "/home/uesugi/espnet-for-customize-jets/espnet2/bin/gan_tts_train.py", line 22, in <module>
    main()
  File "/home/uesugi/espnet-for-customize-jets/espnet2/bin/gan_tts_train.py", line 18, in main
    GANTTSTask.main(cmd=cmd)
  File "/home/uesugi/espnet-for-customize-jets/espnet2/tasks/abs_task.py", line 1225, in main
    cls.main_worker(args)
  File "/home/uesugi/espnet-for-customize-jets/espnet2/tasks/abs_task.py", line 1357, in main_worker
    model = cls.build_model(args=args)
  File "/home/uesugi/espnet-for-customize-jets/espnet2/tasks/gan_tts.py", line 386, in build_model
    d0_extract = d0_extract_class(
TypeError: __init__() got an unexpected keyword argument 'fmin'
# Accounting: time=79 threads=1
# Ended (code 1) at Tue Jul  1 10:36:29 JST 2025, elapsed time 79 seconds
# python3 -m espnet2.bin.gan_tts_train --collect_stats true --write_collected_feats true --use_preprocessor true --token_type phn --token_list dump/22.05k/token_list/phn_jaconv_pyopenjtalk_prosody/tokens.txt --non_linguistic_symbols none --cleaner jaconv --g2p pyopenjtalk_prosody --normalize none --pitch_normalize none --energy_normalize none --d0_normalize none --train_data_path_and_name_and_type dump/22.05k/raw/tr_no_dev/text,text,text --train_data_path_and_name_and_type dump/22.05k/raw/tr_no_dev/wav.scp,speech,sound --valid_data_path_and_name_and_type dump/22.05k/raw/dev/text,text,text --valid_data_path_and_name_and_type dump/22.05k/raw/dev/wav.scp,speech,sound --train_shape_file exp/22.05k/tts_stats_raw_phn_jaconv_pyopenjtalk_prosody/logdir/train.30.scp --valid_shape_file exp/22.05k/tts_stats_raw_phn_jaconv_pyopenjtalk_prosody/logdir/valid.30.scp --output_dir exp/22.05k/tts_stats_raw_phn_jaconv_pyopenjtalk_prosody/logdir/stats.30 --config conf/tuning/train_jets_22.05k.yaml --feats_extract fbank --feats_extract_conf n_fft=1024 --feats_extract_conf hop_length=256 --feats_extract_conf win_length=null --feats_extract_conf fs=22050 --feats_extract_conf fmin=80 --feats_extract_conf fmax=7600 --feats_extract_conf n_mels=80 --pitch_extract_conf fs=22050 --pitch_extract_conf n_fft=1024 --pitch_extract_conf hop_length=256 --pitch_extract_conf f0max=400 --pitch_extract_conf f0min=80 --energy_extract_conf fs=22050 --energy_extract_conf n_fft=1024 --energy_extract_conf hop_length=256 --energy_extract_conf win_length=null --d0_extract_conf fs=22050 --d0_extract_conf n_fft=1024 --d0_extract_conf hop_length=256 --d0_extract_conf win_length=null --d0_extract_conf fmin=80 --d0_extract_conf fmax=7600 --d0_extract_conf n_mels=80 
# Started at Tue Jul  1 10:35:10 JST 2025
#
/home/uesugi/miniconda3/envs/espnet_custom/bin/python3 /home/uesugi/espnet-for-customize-jets/espnet2/bin/gan_tts_train.py --collect_stats true --write_collected_feats true --use_preprocessor true --token_type phn --token_list dump/22.05k/token_list/phn_jaconv_pyopenjtalk_prosody/tokens.txt --non_linguistic_symbols none --cleaner jaconv --g2p pyopenjtalk_prosody --normalize none --pitch_normalize none --energy_normalize none --d0_normalize none --train_data_path_and_name_and_type dump/22.05k/raw/tr_no_dev/text,text,text --train_data_path_and_name_and_type dump/22.05k/raw/tr_no_dev/wav.scp,speech,sound --valid_data_path_and_name_and_type dump/22.05k/raw/dev/text,text,text --valid_data_path_and_name_and_type dump/22.05k/raw/dev/wav.scp,speech,sound --train_shape_file exp/22.05k/tts_stats_raw_phn_jaconv_pyopenjtalk_prosody/logdir/train.30.scp --valid_shape_file exp/22.05k/tts_stats_raw_phn_jaconv_pyopenjtalk_prosody/logdir/valid.30.scp --output_dir exp/22.05k/tts_stats_raw_phn_jaconv_pyopenjtalk_prosody/logdir/stats.30 --config conf/tuning/train_jets_22.05k.yaml --feats_extract fbank --feats_extract_conf n_fft=1024 --feats_extract_conf hop_length=256 --feats_extract_conf win_length=null --feats_extract_conf fs=22050 --feats_extract_conf fmin=80 --feats_extract_conf fmax=7600 --feats_extract_conf n_mels=80 --pitch_extract_conf fs=22050 --pitch_extract_conf n_fft=1024 --pitch_extract_conf hop_length=256 --pitch_extract_conf f0max=400 --pitch_extract_conf f0min=80 --energy_extract_conf fs=22050 --energy_extract_conf n_fft=1024 --energy_extract_conf hop_length=256 --energy_extract_conf win_length=null --d0_extract_conf fs=22050 --d0_extract_conf n_fft=1024 --d0_extract_conf hop_length=256 --d0_extract_conf win_length=null --d0_extract_conf fmin=80 --d0_extract_conf fmax=7600 --d0_extract_conf n_mels=80
Failed to import Flash Attention, using ESPnet default: libcudart.so.12: cannot open shared object file: No such file or directory
Vocabulary size: 47
encoder self-attention layer type = self-attention
encoder self-attention layer type = self-attention
/home/uesugi/miniconda3/envs/espnet_custom/lib/python3.9/site-packages/torch/nn/utils/weight_norm.py:143: FutureWarning: `torch.nn.utils.weight_norm` is deprecated in favor of `torch.nn.utils.parametrizations.weight_norm`.
  WeightNorm.apply(module, name, dim)
Initialize encoder.encoders.0.self_attn.linear_q.bias to zeros
Initialize encoder.encoders.0.self_attn.linear_k.bias to zeros
Initialize encoder.encoders.0.self_attn.linear_v.bias to zeros
Initialize encoder.encoders.0.self_attn.linear_out.bias to zeros
Initialize encoder.encoders.0.feed_forward.w_1.bias to zeros
Initialize encoder.encoders.0.feed_forward.w_2.bias to zeros
Initialize encoder.encoders.0.norm1.bias to zeros
Initialize encoder.encoders.0.norm2.bias to zeros
Initialize encoder.encoders.1.self_attn.linear_q.bias to zeros
Initialize encoder.encoders.1.self_attn.linear_k.bias to zeros
Initialize encoder.encoders.1.self_attn.linear_v.bias to zeros
Initialize encoder.encoders.1.self_attn.linear_out.bias to zeros
Initialize encoder.encoders.1.feed_forward.w_1.bias to zeros
Initialize encoder.encoders.1.feed_forward.w_2.bias to zeros
Initialize encoder.encoders.1.norm1.bias to zeros
Initialize encoder.encoders.1.norm2.bias to zeros
Initialize encoder.encoders.2.self_attn.linear_q.bias to zeros
Initialize encoder.encoders.2.self_attn.linear_k.bias to zeros
Initialize encoder.encoders.2.self_attn.linear_v.bias to zeros
Initialize encoder.encoders.2.self_attn.linear_out.bias to zeros
Initialize encoder.encoders.2.feed_forward.w_1.bias to zeros
Initialize encoder.encoders.2.feed_forward.w_2.bias to zeros
Initialize encoder.encoders.2.norm1.bias to zeros
Initialize encoder.encoders.2.norm2.bias to zeros
Initialize encoder.encoders.3.self_attn.linear_q.bias to zeros
Initialize encoder.encoders.3.self_attn.linear_k.bias to zeros
Initialize encoder.encoders.3.self_attn.linear_v.bias to zeros
Initialize encoder.encoders.3.self_attn.linear_out.bias to zeros
Initialize encoder.encoders.3.feed_forward.w_1.bias to zeros
Initialize encoder.encoders.3.feed_forward.w_2.bias to zeros
Initialize encoder.encoders.3.norm1.bias to zeros
Initialize encoder.encoders.3.norm2.bias to zeros
Initialize encoder.after_norm.bias to zeros
Initialize duration_predictor.conv.0.0.bias to zeros
Initialize duration_predictor.conv.0.2.bias to zeros
Initialize duration_predictor.conv.1.0.bias to zeros
Initialize duration_predictor.conv.1.2.bias to zeros
Initialize duration_predictor.linear.bias to zeros
Initialize pitch_predictor.conv.0.0.bias to zeros
Initialize pitch_predictor.conv.0.2.bias to zeros
Initialize pitch_predictor.conv.1.0.bias to zeros
Initialize pitch_predictor.conv.1.2.bias to zeros
Initialize pitch_predictor.conv.2.0.bias to zeros
Initialize pitch_predictor.conv.2.2.bias to zeros
Initialize pitch_predictor.conv.3.0.bias to zeros
Initialize pitch_predictor.conv.3.2.bias to zeros
Initialize pitch_predictor.conv.4.0.bias to zeros
Initialize pitch_predictor.conv.4.2.bias to zeros
Initialize pitch_predictor.linear.bias to zeros
Initialize pitch_embed.0.bias to zeros
Initialize energy_predictor.conv.0.0.bias to zeros
Initialize energy_predictor.conv.0.2.bias to zeros
Initialize energy_predictor.conv.1.0.bias to zeros
Initialize energy_predictor.conv.1.2.bias to zeros
Initialize energy_predictor.linear.bias to zeros
Initialize energy_embed.0.bias to zeros
Initialize d0_predictor.conv.0.0.bias to zeros
Initialize d0_predictor.conv.0.2.bias to zeros
Initialize d0_predictor.conv.1.0.bias to zeros
Initialize d0_predictor.conv.1.2.bias to zeros
Initialize d0_predictor.linear.bias to zeros
Initialize d0_embed.0.bias to zeros
Initialize alignment_module.t_conv1.bias to zeros
Initialize alignment_module.t_conv2.bias to zeros
Initialize alignment_module.f_conv1.bias to zeros
Initialize alignment_module.f_conv2.bias to zeros
Initialize alignment_module.f_conv3.bias to zeros
Initialize decoder.encoders.0.self_attn.linear_q.bias to zeros
Initialize decoder.encoders.0.self_attn.linear_k.bias to zeros
Initialize decoder.encoders.0.self_attn.linear_v.bias to zeros
Initialize decoder.encoders.0.self_attn.linear_out.bias to zeros
Initialize decoder.encoders.0.feed_forward.w_1.bias to zeros
Initialize decoder.encoders.0.feed_forward.w_2.bias to zeros
Initialize decoder.encoders.0.norm1.bias to zeros
Initialize decoder.encoders.0.norm2.bias to zeros
Initialize decoder.encoders.1.self_attn.linear_q.bias to zeros
Initialize decoder.encoders.1.self_attn.linear_k.bias to zeros
Initialize decoder.encoders.1.self_attn.linear_v.bias to zeros
Initialize decoder.encoders.1.self_attn.linear_out.bias to zeros
Initialize decoder.encoders.1.feed_forward.w_1.bias to zeros
Initialize decoder.encoders.1.feed_forward.w_2.bias to zeros
Initialize decoder.encoders.1.norm1.bias to zeros
Initialize decoder.encoders.1.norm2.bias to zeros
Initialize decoder.encoders.2.self_attn.linear_q.bias to zeros
Initialize decoder.encoders.2.self_attn.linear_k.bias to zeros
Initialize decoder.encoders.2.self_attn.linear_v.bias to zeros
Initialize decoder.encoders.2.self_attn.linear_out.bias to zeros
Initialize decoder.encoders.2.feed_forward.w_1.bias to zeros
Initialize decoder.encoders.2.feed_forward.w_2.bias to zeros
Initialize decoder.encoders.2.norm1.bias to zeros
Initialize decoder.encoders.2.norm2.bias to zeros
Initialize decoder.encoders.3.self_attn.linear_q.bias to zeros
Initialize decoder.encoders.3.self_attn.linear_k.bias to zeros
Initialize decoder.encoders.3.self_attn.linear_v.bias to zeros
Initialize decoder.encoders.3.self_attn.linear_out.bias to zeros
Initialize decoder.encoders.3.feed_forward.w_1.bias to zeros
Initialize decoder.encoders.3.feed_forward.w_2.bias to zeros
Initialize decoder.encoders.3.norm1.bias to zeros
Initialize decoder.encoders.3.norm2.bias to zeros
Initialize decoder.after_norm.bias to zeros
Initialize generator.input_conv.bias to zeros
Initialize generator.upsamples.0.1.bias to zeros
Initialize generator.upsamples.1.1.bias to zeros
Initialize generator.upsamples.2.1.bias to zeros
Initialize generator.upsamples.3.1.bias to zeros
Initialize generator.blocks.0.convs1.0.1.bias to zeros
Initialize generator.blocks.0.convs1.1.1.bias to zeros
Initialize generator.blocks.0.convs1.2.1.bias to zeros
Initialize generator.blocks.0.convs2.0.1.bias to zeros
Initialize generator.blocks.0.convs2.1.1.bias to zeros
Initialize generator.blocks.0.convs2.2.1.bias to zeros
Initialize generator.blocks.1.convs1.0.1.bias to zeros
Initialize generator.blocks.1.convs1.1.1.bias to zeros
Initialize generator.blocks.1.convs1.2.1.bias to zeros
Initialize generator.blocks.1.convs2.0.1.bias to zeros
Initialize generator.blocks.1.convs2.1.1.bias to zeros
Initialize generator.blocks.1.convs2.2.1.bias to zeros
Initialize generator.blocks.2.convs1.0.1.bias to zeros
Initialize generator.blocks.2.convs1.1.1.bias to zeros
Initialize generator.blocks.2.convs1.2.1.bias to zeros
Initialize generator.blocks.2.convs2.0.1.bias to zeros
Initialize generator.blocks.2.convs2.1.1.bias to zeros
Initialize generator.blocks.2.convs2.2.1.bias to zeros
Initialize generator.blocks.3.convs1.0.1.bias to zeros
Initialize generator.blocks.3.convs1.1.1.bias to zeros
Initialize generator.blocks.3.convs1.2.1.bias to zeros
Initialize generator.blocks.3.convs2.0.1.bias to zeros
Initialize generator.blocks.3.convs2.1.1.bias to zeros
Initialize generator.blocks.3.convs2.2.1.bias to zeros
Initialize generator.blocks.4.convs1.0.1.bias to zeros
Initialize generator.blocks.4.convs1.1.1.bias to zeros
Initialize generator.blocks.4.convs1.2.1.bias to zeros
Initialize generator.blocks.4.convs2.0.1.bias to zeros
Initialize generator.blocks.4.convs2.1.1.bias to zeros
Initialize generator.blocks.4.convs2.2.1.bias to zeros
Initialize generator.blocks.5.convs1.0.1.bias to zeros
Initialize generator.blocks.5.convs1.1.1.bias to zeros
Initialize generator.blocks.5.convs1.2.1.bias to zeros
Initialize generator.blocks.5.convs2.0.1.bias to zeros
Initialize generator.blocks.5.convs2.1.1.bias to zeros
Initialize generator.blocks.5.convs2.2.1.bias to zeros
Initialize generator.blocks.6.convs1.0.1.bias to zeros
Initialize generator.blocks.6.convs1.1.1.bias to zeros
Initialize generator.blocks.6.convs1.2.1.bias to zeros
Initialize generator.blocks.6.convs2.0.1.bias to zeros
Initialize generator.blocks.6.convs2.1.1.bias to zeros
Initialize generator.blocks.6.convs2.2.1.bias to zeros
Initialize generator.blocks.7.convs1.0.1.bias to zeros
Initialize generator.blocks.7.convs1.1.1.bias to zeros
Initialize generator.blocks.7.convs1.2.1.bias to zeros
Initialize generator.blocks.7.convs2.0.1.bias to zeros
Initialize generator.blocks.7.convs2.1.1.bias to zeros
Initialize generator.blocks.7.convs2.2.1.bias to zeros
Initialize generator.blocks.8.convs1.0.1.bias to zeros
Initialize generator.blocks.8.convs1.1.1.bias to zeros
Initialize generator.blocks.8.convs1.2.1.bias to zeros
Initialize generator.blocks.8.convs2.0.1.bias to zeros
Initialize generator.blocks.8.convs2.1.1.bias to zeros
Initialize generator.blocks.8.convs2.2.1.bias to zeros
Initialize generator.blocks.9.convs1.0.1.bias to zeros
Initialize generator.blocks.9.convs1.1.1.bias to zeros
Initialize generator.blocks.9.convs1.2.1.bias to zeros
Initialize generator.blocks.9.convs2.0.1.bias to zeros
Initialize generator.blocks.9.convs2.1.1.bias to zeros
Initialize generator.blocks.9.convs2.2.1.bias to zeros
Initialize generator.blocks.10.convs1.0.1.bias to zeros
Initialize generator.blocks.10.convs1.1.1.bias to zeros
Initialize generator.blocks.10.convs1.2.1.bias to zeros
Initialize generator.blocks.10.convs2.0.1.bias to zeros
Initialize generator.blocks.10.convs2.1.1.bias to zeros
Initialize generator.blocks.10.convs2.2.1.bias to zeros
Initialize generator.blocks.11.convs1.0.1.bias to zeros
Initialize generator.blocks.11.convs1.1.1.bias to zeros
Initialize generator.blocks.11.convs1.2.1.bias to zeros
Initialize generator.blocks.11.convs2.0.1.bias to zeros
Initialize generator.blocks.11.convs2.1.1.bias to zeros
Initialize generator.blocks.11.convs2.2.1.bias to zeros
Initialize generator.output_conv.1.bias to zeros
Traceback (most recent call last):
  File "/home/uesugi/miniconda3/envs/espnet_custom/lib/python3.9/runpy.py", line 197, in _run_module_as_main
    return _run_code(code, main_globals, None,
  File "/home/uesugi/miniconda3/envs/espnet_custom/lib/python3.9/runpy.py", line 87, in _run_code
    exec(code, run_globals)
  File "/home/uesugi/espnet-for-customize-jets/espnet2/bin/gan_tts_train.py", line 22, in <module>
    main()
  File "/home/uesugi/espnet-for-customize-jets/espnet2/bin/gan_tts_train.py", line 18, in main
    GANTTSTask.main(cmd=cmd)
  File "/home/uesugi/espnet-for-customize-jets/espnet2/tasks/abs_task.py", line 1225, in main
    cls.main_worker(args)
  File "/home/uesugi/espnet-for-customize-jets/espnet2/tasks/abs_task.py", line 1357, in main_worker
    model = cls.build_model(args=args)
  File "/home/uesugi/espnet-for-customize-jets/espnet2/tasks/gan_tts.py", line 386, in build_model
    d0_extract = d0_extract_class(
TypeError: __init__() got an unexpected keyword argument 'fmin'
# Accounting: time=81 threads=1
# Ended (code 1) at Tue Jul  1 10:36:31 JST 2025, elapsed time 81 seconds
# python3 -m espnet2.bin.gan_tts_train --collect_stats true --write_collected_feats true --use_preprocessor true --token_type phn --token_list dump/22.05k/token_list/phn_jaconv_pyopenjtalk_prosody/tokens.txt --non_linguistic_symbols none --cleaner jaconv --g2p pyopenjtalk_prosody --normalize none --pitch_normalize none --energy_normalize none --d0_normalize none --train_data_path_and_name_and_type dump/22.05k/raw/tr_no_dev/text,text,text --train_data_path_and_name_and_type dump/22.05k/raw/tr_no_dev/wav.scp,speech,sound --valid_data_path_and_name_and_type dump/22.05k/raw/dev/text,text,text --valid_data_path_and_name_and_type dump/22.05k/raw/dev/wav.scp,speech,sound --train_shape_file exp/22.05k/tts_stats_raw_phn_jaconv_pyopenjtalk_prosody/logdir/train.31.scp --valid_shape_file exp/22.05k/tts_stats_raw_phn_jaconv_pyopenjtalk_prosody/logdir/valid.31.scp --output_dir exp/22.05k/tts_stats_raw_phn_jaconv_pyopenjtalk_prosody/logdir/stats.31 --config conf/tuning/train_jets_22.05k.yaml --feats_extract fbank --feats_extract_conf n_fft=1024 --feats_extract_conf hop_length=256 --feats_extract_conf win_length=null --feats_extract_conf fs=22050 --feats_extract_conf fmin=80 --feats_extract_conf fmax=7600 --feats_extract_conf n_mels=80 --pitch_extract_conf fs=22050 --pitch_extract_conf n_fft=1024 --pitch_extract_conf hop_length=256 --pitch_extract_conf f0max=400 --pitch_extract_conf f0min=80 --energy_extract_conf fs=22050 --energy_extract_conf n_fft=1024 --energy_extract_conf hop_length=256 --energy_extract_conf win_length=null --d0_extract_conf fs=22050 --d0_extract_conf n_fft=1024 --d0_extract_conf hop_length=256 --d0_extract_conf win_length=null --d0_extract_conf fmin=80 --d0_extract_conf fmax=7600 --d0_extract_conf n_mels=80 
# Started at Tue Jul  1 10:35:09 JST 2025
#
/home/uesugi/miniconda3/envs/espnet_custom/bin/python3 /home/uesugi/espnet-for-customize-jets/espnet2/bin/gan_tts_train.py --collect_stats true --write_collected_feats true --use_preprocessor true --token_type phn --token_list dump/22.05k/token_list/phn_jaconv_pyopenjtalk_prosody/tokens.txt --non_linguistic_symbols none --cleaner jaconv --g2p pyopenjtalk_prosody --normalize none --pitch_normalize none --energy_normalize none --d0_normalize none --train_data_path_and_name_and_type dump/22.05k/raw/tr_no_dev/text,text,text --train_data_path_and_name_and_type dump/22.05k/raw/tr_no_dev/wav.scp,speech,sound --valid_data_path_and_name_and_type dump/22.05k/raw/dev/text,text,text --valid_data_path_and_name_and_type dump/22.05k/raw/dev/wav.scp,speech,sound --train_shape_file exp/22.05k/tts_stats_raw_phn_jaconv_pyopenjtalk_prosody/logdir/train.31.scp --valid_shape_file exp/22.05k/tts_stats_raw_phn_jaconv_pyopenjtalk_prosody/logdir/valid.31.scp --output_dir exp/22.05k/tts_stats_raw_phn_jaconv_pyopenjtalk_prosody/logdir/stats.31 --config conf/tuning/train_jets_22.05k.yaml --feats_extract fbank --feats_extract_conf n_fft=1024 --feats_extract_conf hop_length=256 --feats_extract_conf win_length=null --feats_extract_conf fs=22050 --feats_extract_conf fmin=80 --feats_extract_conf fmax=7600 --feats_extract_conf n_mels=80 --pitch_extract_conf fs=22050 --pitch_extract_conf n_fft=1024 --pitch_extract_conf hop_length=256 --pitch_extract_conf f0max=400 --pitch_extract_conf f0min=80 --energy_extract_conf fs=22050 --energy_extract_conf n_fft=1024 --energy_extract_conf hop_length=256 --energy_extract_conf win_length=null --d0_extract_conf fs=22050 --d0_extract_conf n_fft=1024 --d0_extract_conf hop_length=256 --d0_extract_conf win_length=null --d0_extract_conf fmin=80 --d0_extract_conf fmax=7600 --d0_extract_conf n_mels=80
Failed to import Flash Attention, using ESPnet default: libcudart.so.12: cannot open shared object file: No such file or directory
Vocabulary size: 47
encoder self-attention layer type = self-attention
encoder self-attention layer type = self-attention
/home/uesugi/miniconda3/envs/espnet_custom/lib/python3.9/site-packages/torch/nn/utils/weight_norm.py:143: FutureWarning: `torch.nn.utils.weight_norm` is deprecated in favor of `torch.nn.utils.parametrizations.weight_norm`.
  WeightNorm.apply(module, name, dim)
Initialize encoder.encoders.0.self_attn.linear_q.bias to zeros
Initialize encoder.encoders.0.self_attn.linear_k.bias to zeros
Initialize encoder.encoders.0.self_attn.linear_v.bias to zeros
Initialize encoder.encoders.0.self_attn.linear_out.bias to zeros
Initialize encoder.encoders.0.feed_forward.w_1.bias to zeros
Initialize encoder.encoders.0.feed_forward.w_2.bias to zeros
Initialize encoder.encoders.0.norm1.bias to zeros
Initialize encoder.encoders.0.norm2.bias to zeros
Initialize encoder.encoders.1.self_attn.linear_q.bias to zeros
Initialize encoder.encoders.1.self_attn.linear_k.bias to zeros
Initialize encoder.encoders.1.self_attn.linear_v.bias to zeros
Initialize encoder.encoders.1.self_attn.linear_out.bias to zeros
Initialize encoder.encoders.1.feed_forward.w_1.bias to zeros
Initialize encoder.encoders.1.feed_forward.w_2.bias to zeros
Initialize encoder.encoders.1.norm1.bias to zeros
Initialize encoder.encoders.1.norm2.bias to zeros
Initialize encoder.encoders.2.self_attn.linear_q.bias to zeros
Initialize encoder.encoders.2.self_attn.linear_k.bias to zeros
Initialize encoder.encoders.2.self_attn.linear_v.bias to zeros
Initialize encoder.encoders.2.self_attn.linear_out.bias to zeros
Initialize encoder.encoders.2.feed_forward.w_1.bias to zeros
Initialize encoder.encoders.2.feed_forward.w_2.bias to zeros
Initialize encoder.encoders.2.norm1.bias to zeros
Initialize encoder.encoders.2.norm2.bias to zeros
Initialize encoder.encoders.3.self_attn.linear_q.bias to zeros
Initialize encoder.encoders.3.self_attn.linear_k.bias to zeros
Initialize encoder.encoders.3.self_attn.linear_v.bias to zeros
Initialize encoder.encoders.3.self_attn.linear_out.bias to zeros
Initialize encoder.encoders.3.feed_forward.w_1.bias to zeros
Initialize encoder.encoders.3.feed_forward.w_2.bias to zeros
Initialize encoder.encoders.3.norm1.bias to zeros
Initialize encoder.encoders.3.norm2.bias to zeros
Initialize encoder.after_norm.bias to zeros
Initialize duration_predictor.conv.0.0.bias to zeros
Initialize duration_predictor.conv.0.2.bias to zeros
Initialize duration_predictor.conv.1.0.bias to zeros
Initialize duration_predictor.conv.1.2.bias to zeros
Initialize duration_predictor.linear.bias to zeros
Initialize pitch_predictor.conv.0.0.bias to zeros
Initialize pitch_predictor.conv.0.2.bias to zeros
Initialize pitch_predictor.conv.1.0.bias to zeros
Initialize pitch_predictor.conv.1.2.bias to zeros
Initialize pitch_predictor.conv.2.0.bias to zeros
Initialize pitch_predictor.conv.2.2.bias to zeros
Initialize pitch_predictor.conv.3.0.bias to zeros
Initialize pitch_predictor.conv.3.2.bias to zeros
Initialize pitch_predictor.conv.4.0.bias to zeros
Initialize pitch_predictor.conv.4.2.bias to zeros
Initialize pitch_predictor.linear.bias to zeros
Initialize pitch_embed.0.bias to zeros
Initialize energy_predictor.conv.0.0.bias to zeros
Initialize energy_predictor.conv.0.2.bias to zeros
Initialize energy_predictor.conv.1.0.bias to zeros
Initialize energy_predictor.conv.1.2.bias to zeros
Initialize energy_predictor.linear.bias to zeros
Initialize energy_embed.0.bias to zeros
Initialize d0_predictor.conv.0.0.bias to zeros
Initialize d0_predictor.conv.0.2.bias to zeros
Initialize d0_predictor.conv.1.0.bias to zeros
Initialize d0_predictor.conv.1.2.bias to zeros
Initialize d0_predictor.linear.bias to zeros
Initialize d0_embed.0.bias to zeros
Initialize alignment_module.t_conv1.bias to zeros
Initialize alignment_module.t_conv2.bias to zeros
Initialize alignment_module.f_conv1.bias to zeros
Initialize alignment_module.f_conv2.bias to zeros
Initialize alignment_module.f_conv3.bias to zeros
Initialize decoder.encoders.0.self_attn.linear_q.bias to zeros
Initialize decoder.encoders.0.self_attn.linear_k.bias to zeros
Initialize decoder.encoders.0.self_attn.linear_v.bias to zeros
Initialize decoder.encoders.0.self_attn.linear_out.bias to zeros
Initialize decoder.encoders.0.feed_forward.w_1.bias to zeros
Initialize decoder.encoders.0.feed_forward.w_2.bias to zeros
Initialize decoder.encoders.0.norm1.bias to zeros
Initialize decoder.encoders.0.norm2.bias to zeros
Initialize decoder.encoders.1.self_attn.linear_q.bias to zeros
Initialize decoder.encoders.1.self_attn.linear_k.bias to zeros
Initialize decoder.encoders.1.self_attn.linear_v.bias to zeros
Initialize decoder.encoders.1.self_attn.linear_out.bias to zeros
Initialize decoder.encoders.1.feed_forward.w_1.bias to zeros
Initialize decoder.encoders.1.feed_forward.w_2.bias to zeros
Initialize decoder.encoders.1.norm1.bias to zeros
Initialize decoder.encoders.1.norm2.bias to zeros
Initialize decoder.encoders.2.self_attn.linear_q.bias to zeros
Initialize decoder.encoders.2.self_attn.linear_k.bias to zeros
Initialize decoder.encoders.2.self_attn.linear_v.bias to zeros
Initialize decoder.encoders.2.self_attn.linear_out.bias to zeros
Initialize decoder.encoders.2.feed_forward.w_1.bias to zeros
Initialize decoder.encoders.2.feed_forward.w_2.bias to zeros
Initialize decoder.encoders.2.norm1.bias to zeros
Initialize decoder.encoders.2.norm2.bias to zeros
Initialize decoder.encoders.3.self_attn.linear_q.bias to zeros
Initialize decoder.encoders.3.self_attn.linear_k.bias to zeros
Initialize decoder.encoders.3.self_attn.linear_v.bias to zeros
Initialize decoder.encoders.3.self_attn.linear_out.bias to zeros
Initialize decoder.encoders.3.feed_forward.w_1.bias to zeros
Initialize decoder.encoders.3.feed_forward.w_2.bias to zeros
Initialize decoder.encoders.3.norm1.bias to zeros
Initialize decoder.encoders.3.norm2.bias to zeros
Initialize decoder.after_norm.bias to zeros
Initialize generator.input_conv.bias to zeros
Initialize generator.upsamples.0.1.bias to zeros
Initialize generator.upsamples.1.1.bias to zeros
Initialize generator.upsamples.2.1.bias to zeros
Initialize generator.upsamples.3.1.bias to zeros
Initialize generator.blocks.0.convs1.0.1.bias to zeros
Initialize generator.blocks.0.convs1.1.1.bias to zeros
Initialize generator.blocks.0.convs1.2.1.bias to zeros
Initialize generator.blocks.0.convs2.0.1.bias to zeros
Initialize generator.blocks.0.convs2.1.1.bias to zeros
Initialize generator.blocks.0.convs2.2.1.bias to zeros
Initialize generator.blocks.1.convs1.0.1.bias to zeros
Initialize generator.blocks.1.convs1.1.1.bias to zeros
Initialize generator.blocks.1.convs1.2.1.bias to zeros
Initialize generator.blocks.1.convs2.0.1.bias to zeros
Initialize generator.blocks.1.convs2.1.1.bias to zeros
Initialize generator.blocks.1.convs2.2.1.bias to zeros
Initialize generator.blocks.2.convs1.0.1.bias to zeros
Initialize generator.blocks.2.convs1.1.1.bias to zeros
Initialize generator.blocks.2.convs1.2.1.bias to zeros
Initialize generator.blocks.2.convs2.0.1.bias to zeros
Initialize generator.blocks.2.convs2.1.1.bias to zeros
Initialize generator.blocks.2.convs2.2.1.bias to zeros
Initialize generator.blocks.3.convs1.0.1.bias to zeros
Initialize generator.blocks.3.convs1.1.1.bias to zeros
Initialize generator.blocks.3.convs1.2.1.bias to zeros
Initialize generator.blocks.3.convs2.0.1.bias to zeros
Initialize generator.blocks.3.convs2.1.1.bias to zeros
Initialize generator.blocks.3.convs2.2.1.bias to zeros
Initialize generator.blocks.4.convs1.0.1.bias to zeros
Initialize generator.blocks.4.convs1.1.1.bias to zeros
Initialize generator.blocks.4.convs1.2.1.bias to zeros
Initialize generator.blocks.4.convs2.0.1.bias to zeros
Initialize generator.blocks.4.convs2.1.1.bias to zeros
Initialize generator.blocks.4.convs2.2.1.bias to zeros
Initialize generator.blocks.5.convs1.0.1.bias to zeros
Initialize generator.blocks.5.convs1.1.1.bias to zeros
Initialize generator.blocks.5.convs1.2.1.bias to zeros
Initialize generator.blocks.5.convs2.0.1.bias to zeros
Initialize generator.blocks.5.convs2.1.1.bias to zeros
Initialize generator.blocks.5.convs2.2.1.bias to zeros
Initialize generator.blocks.6.convs1.0.1.bias to zeros
Initialize generator.blocks.6.convs1.1.1.bias to zeros
Initialize generator.blocks.6.convs1.2.1.bias to zeros
Initialize generator.blocks.6.convs2.0.1.bias to zeros
Initialize generator.blocks.6.convs2.1.1.bias to zeros
Initialize generator.blocks.6.convs2.2.1.bias to zeros
Initialize generator.blocks.7.convs1.0.1.bias to zeros
Initialize generator.blocks.7.convs1.1.1.bias to zeros
Initialize generator.blocks.7.convs1.2.1.bias to zeros
Initialize generator.blocks.7.convs2.0.1.bias to zeros
Initialize generator.blocks.7.convs2.1.1.bias to zeros
Initialize generator.blocks.7.convs2.2.1.bias to zeros
Initialize generator.blocks.8.convs1.0.1.bias to zeros
Initialize generator.blocks.8.convs1.1.1.bias to zeros
Initialize generator.blocks.8.convs1.2.1.bias to zeros
Initialize generator.blocks.8.convs2.0.1.bias to zeros
Initialize generator.blocks.8.convs2.1.1.bias to zeros
Initialize generator.blocks.8.convs2.2.1.bias to zeros
Initialize generator.blocks.9.convs1.0.1.bias to zeros
Initialize generator.blocks.9.convs1.1.1.bias to zeros
Initialize generator.blocks.9.convs1.2.1.bias to zeros
Initialize generator.blocks.9.convs2.0.1.bias to zeros
Initialize generator.blocks.9.convs2.1.1.bias to zeros
Initialize generator.blocks.9.convs2.2.1.bias to zeros
Initialize generator.blocks.10.convs1.0.1.bias to zeros
Initialize generator.blocks.10.convs1.1.1.bias to zeros
Initialize generator.blocks.10.convs1.2.1.bias to zeros
Initialize generator.blocks.10.convs2.0.1.bias to zeros
Initialize generator.blocks.10.convs2.1.1.bias to zeros
Initialize generator.blocks.10.convs2.2.1.bias to zeros
Initialize generator.blocks.11.convs1.0.1.bias to zeros
Initialize generator.blocks.11.convs1.1.1.bias to zeros
Initialize generator.blocks.11.convs1.2.1.bias to zeros
Initialize generator.blocks.11.convs2.0.1.bias to zeros
Initialize generator.blocks.11.convs2.1.1.bias to zeros
Initialize generator.blocks.11.convs2.2.1.bias to zeros
Initialize generator.output_conv.1.bias to zeros
Traceback (most recent call last):
  File "/home/uesugi/miniconda3/envs/espnet_custom/lib/python3.9/runpy.py", line 197, in _run_module_as_main
    return _run_code(code, main_globals, None,
  File "/home/uesugi/miniconda3/envs/espnet_custom/lib/python3.9/runpy.py", line 87, in _run_code
    exec(code, run_globals)
  File "/home/uesugi/espnet-for-customize-jets/espnet2/bin/gan_tts_train.py", line 22, in <module>
    main()
  File "/home/uesugi/espnet-for-customize-jets/espnet2/bin/gan_tts_train.py", line 18, in main
    GANTTSTask.main(cmd=cmd)
  File "/home/uesugi/espnet-for-customize-jets/espnet2/tasks/abs_task.py", line 1225, in main
    cls.main_worker(args)
  File "/home/uesugi/espnet-for-customize-jets/espnet2/tasks/abs_task.py", line 1357, in main_worker
    model = cls.build_model(args=args)
  File "/home/uesugi/espnet-for-customize-jets/espnet2/tasks/gan_tts.py", line 386, in build_model
    d0_extract = d0_extract_class(
TypeError: __init__() got an unexpected keyword argument 'fmin'
# Accounting: time=65 threads=1
# Ended (code 1) at Tue Jul  1 10:36:15 JST 2025, elapsed time 65 seconds
# python3 -m espnet2.bin.gan_tts_train --collect_stats true --write_collected_feats true --use_preprocessor true --token_type phn --token_list dump/22.05k/token_list/phn_jaconv_pyopenjtalk_prosody/tokens.txt --non_linguistic_symbols none --cleaner jaconv --g2p pyopenjtalk_prosody --normalize none --pitch_normalize none --energy_normalize none --d0_normalize none --train_data_path_and_name_and_type dump/22.05k/raw/tr_no_dev/text,text,text --train_data_path_and_name_and_type dump/22.05k/raw/tr_no_dev/wav.scp,speech,sound --valid_data_path_and_name_and_type dump/22.05k/raw/dev/text,text,text --valid_data_path_and_name_and_type dump/22.05k/raw/dev/wav.scp,speech,sound --train_shape_file exp/22.05k/tts_stats_raw_phn_jaconv_pyopenjtalk_prosody/logdir/train.32.scp --valid_shape_file exp/22.05k/tts_stats_raw_phn_jaconv_pyopenjtalk_prosody/logdir/valid.32.scp --output_dir exp/22.05k/tts_stats_raw_phn_jaconv_pyopenjtalk_prosody/logdir/stats.32 --config conf/tuning/train_jets_22.05k.yaml --feats_extract fbank --feats_extract_conf n_fft=1024 --feats_extract_conf hop_length=256 --feats_extract_conf win_length=null --feats_extract_conf fs=22050 --feats_extract_conf fmin=80 --feats_extract_conf fmax=7600 --feats_extract_conf n_mels=80 --pitch_extract_conf fs=22050 --pitch_extract_conf n_fft=1024 --pitch_extract_conf hop_length=256 --pitch_extract_conf f0max=400 --pitch_extract_conf f0min=80 --energy_extract_conf fs=22050 --energy_extract_conf n_fft=1024 --energy_extract_conf hop_length=256 --energy_extract_conf win_length=null --d0_extract_conf fs=22050 --d0_extract_conf n_fft=1024 --d0_extract_conf hop_length=256 --d0_extract_conf win_length=null --d0_extract_conf fmin=80 --d0_extract_conf fmax=7600 --d0_extract_conf n_mels=80 
# Started at Tue Jul  1 10:35:10 JST 2025
#
/home/uesugi/miniconda3/envs/espnet_custom/bin/python3 /home/uesugi/espnet-for-customize-jets/espnet2/bin/gan_tts_train.py --collect_stats true --write_collected_feats true --use_preprocessor true --token_type phn --token_list dump/22.05k/token_list/phn_jaconv_pyopenjtalk_prosody/tokens.txt --non_linguistic_symbols none --cleaner jaconv --g2p pyopenjtalk_prosody --normalize none --pitch_normalize none --energy_normalize none --d0_normalize none --train_data_path_and_name_and_type dump/22.05k/raw/tr_no_dev/text,text,text --train_data_path_and_name_and_type dump/22.05k/raw/tr_no_dev/wav.scp,speech,sound --valid_data_path_and_name_and_type dump/22.05k/raw/dev/text,text,text --valid_data_path_and_name_and_type dump/22.05k/raw/dev/wav.scp,speech,sound --train_shape_file exp/22.05k/tts_stats_raw_phn_jaconv_pyopenjtalk_prosody/logdir/train.32.scp --valid_shape_file exp/22.05k/tts_stats_raw_phn_jaconv_pyopenjtalk_prosody/logdir/valid.32.scp --output_dir exp/22.05k/tts_stats_raw_phn_jaconv_pyopenjtalk_prosody/logdir/stats.32 --config conf/tuning/train_jets_22.05k.yaml --feats_extract fbank --feats_extract_conf n_fft=1024 --feats_extract_conf hop_length=256 --feats_extract_conf win_length=null --feats_extract_conf fs=22050 --feats_extract_conf fmin=80 --feats_extract_conf fmax=7600 --feats_extract_conf n_mels=80 --pitch_extract_conf fs=22050 --pitch_extract_conf n_fft=1024 --pitch_extract_conf hop_length=256 --pitch_extract_conf f0max=400 --pitch_extract_conf f0min=80 --energy_extract_conf fs=22050 --energy_extract_conf n_fft=1024 --energy_extract_conf hop_length=256 --energy_extract_conf win_length=null --d0_extract_conf fs=22050 --d0_extract_conf n_fft=1024 --d0_extract_conf hop_length=256 --d0_extract_conf win_length=null --d0_extract_conf fmin=80 --d0_extract_conf fmax=7600 --d0_extract_conf n_mels=80
Failed to import Flash Attention, using ESPnet default: libcudart.so.12: cannot open shared object file: No such file or directory
Vocabulary size: 47
encoder self-attention layer type = self-attention
encoder self-attention layer type = self-attention
/home/uesugi/miniconda3/envs/espnet_custom/lib/python3.9/site-packages/torch/nn/utils/weight_norm.py:143: FutureWarning: `torch.nn.utils.weight_norm` is deprecated in favor of `torch.nn.utils.parametrizations.weight_norm`.
  WeightNorm.apply(module, name, dim)
Initialize encoder.encoders.0.self_attn.linear_q.bias to zeros
Initialize encoder.encoders.0.self_attn.linear_k.bias to zeros
Initialize encoder.encoders.0.self_attn.linear_v.bias to zeros
Initialize encoder.encoders.0.self_attn.linear_out.bias to zeros
Initialize encoder.encoders.0.feed_forward.w_1.bias to zeros
Initialize encoder.encoders.0.feed_forward.w_2.bias to zeros
Initialize encoder.encoders.0.norm1.bias to zeros
Initialize encoder.encoders.0.norm2.bias to zeros
Initialize encoder.encoders.1.self_attn.linear_q.bias to zeros
Initialize encoder.encoders.1.self_attn.linear_k.bias to zeros
Initialize encoder.encoders.1.self_attn.linear_v.bias to zeros
Initialize encoder.encoders.1.self_attn.linear_out.bias to zeros
Initialize encoder.encoders.1.feed_forward.w_1.bias to zeros
Initialize encoder.encoders.1.feed_forward.w_2.bias to zeros
Initialize encoder.encoders.1.norm1.bias to zeros
Initialize encoder.encoders.1.norm2.bias to zeros
Initialize encoder.encoders.2.self_attn.linear_q.bias to zeros
Initialize encoder.encoders.2.self_attn.linear_k.bias to zeros
Initialize encoder.encoders.2.self_attn.linear_v.bias to zeros
Initialize encoder.encoders.2.self_attn.linear_out.bias to zeros
Initialize encoder.encoders.2.feed_forward.w_1.bias to zeros
Initialize encoder.encoders.2.feed_forward.w_2.bias to zeros
Initialize encoder.encoders.2.norm1.bias to zeros
Initialize encoder.encoders.2.norm2.bias to zeros
Initialize encoder.encoders.3.self_attn.linear_q.bias to zeros
Initialize encoder.encoders.3.self_attn.linear_k.bias to zeros
Initialize encoder.encoders.3.self_attn.linear_v.bias to zeros
Initialize encoder.encoders.3.self_attn.linear_out.bias to zeros
Initialize encoder.encoders.3.feed_forward.w_1.bias to zeros
Initialize encoder.encoders.3.feed_forward.w_2.bias to zeros
Initialize encoder.encoders.3.norm1.bias to zeros
Initialize encoder.encoders.3.norm2.bias to zeros
Initialize encoder.after_norm.bias to zeros
Initialize duration_predictor.conv.0.0.bias to zeros
Initialize duration_predictor.conv.0.2.bias to zeros
Initialize duration_predictor.conv.1.0.bias to zeros
Initialize duration_predictor.conv.1.2.bias to zeros
Initialize duration_predictor.linear.bias to zeros
Initialize pitch_predictor.conv.0.0.bias to zeros
Initialize pitch_predictor.conv.0.2.bias to zeros
Initialize pitch_predictor.conv.1.0.bias to zeros
Initialize pitch_predictor.conv.1.2.bias to zeros
Initialize pitch_predictor.conv.2.0.bias to zeros
Initialize pitch_predictor.conv.2.2.bias to zeros
Initialize pitch_predictor.conv.3.0.bias to zeros
Initialize pitch_predictor.conv.3.2.bias to zeros
Initialize pitch_predictor.conv.4.0.bias to zeros
Initialize pitch_predictor.conv.4.2.bias to zeros
Initialize pitch_predictor.linear.bias to zeros
Initialize pitch_embed.0.bias to zeros
Initialize energy_predictor.conv.0.0.bias to zeros
Initialize energy_predictor.conv.0.2.bias to zeros
Initialize energy_predictor.conv.1.0.bias to zeros
Initialize energy_predictor.conv.1.2.bias to zeros
Initialize energy_predictor.linear.bias to zeros
Initialize energy_embed.0.bias to zeros
Initialize d0_predictor.conv.0.0.bias to zeros
Initialize d0_predictor.conv.0.2.bias to zeros
Initialize d0_predictor.conv.1.0.bias to zeros
Initialize d0_predictor.conv.1.2.bias to zeros
Initialize d0_predictor.linear.bias to zeros
Initialize d0_embed.0.bias to zeros
Initialize alignment_module.t_conv1.bias to zeros
Initialize alignment_module.t_conv2.bias to zeros
Initialize alignment_module.f_conv1.bias to zeros
Initialize alignment_module.f_conv2.bias to zeros
Initialize alignment_module.f_conv3.bias to zeros
Initialize decoder.encoders.0.self_attn.linear_q.bias to zeros
Initialize decoder.encoders.0.self_attn.linear_k.bias to zeros
Initialize decoder.encoders.0.self_attn.linear_v.bias to zeros
Initialize decoder.encoders.0.self_attn.linear_out.bias to zeros
Initialize decoder.encoders.0.feed_forward.w_1.bias to zeros
Initialize decoder.encoders.0.feed_forward.w_2.bias to zeros
Initialize decoder.encoders.0.norm1.bias to zeros
Initialize decoder.encoders.0.norm2.bias to zeros
Initialize decoder.encoders.1.self_attn.linear_q.bias to zeros
Initialize decoder.encoders.1.self_attn.linear_k.bias to zeros
Initialize decoder.encoders.1.self_attn.linear_v.bias to zeros
Initialize decoder.encoders.1.self_attn.linear_out.bias to zeros
Initialize decoder.encoders.1.feed_forward.w_1.bias to zeros
Initialize decoder.encoders.1.feed_forward.w_2.bias to zeros
Initialize decoder.encoders.1.norm1.bias to zeros
Initialize decoder.encoders.1.norm2.bias to zeros
Initialize decoder.encoders.2.self_attn.linear_q.bias to zeros
Initialize decoder.encoders.2.self_attn.linear_k.bias to zeros
Initialize decoder.encoders.2.self_attn.linear_v.bias to zeros
Initialize decoder.encoders.2.self_attn.linear_out.bias to zeros
Initialize decoder.encoders.2.feed_forward.w_1.bias to zeros
Initialize decoder.encoders.2.feed_forward.w_2.bias to zeros
Initialize decoder.encoders.2.norm1.bias to zeros
Initialize decoder.encoders.2.norm2.bias to zeros
Initialize decoder.encoders.3.self_attn.linear_q.bias to zeros
Initialize decoder.encoders.3.self_attn.linear_k.bias to zeros
Initialize decoder.encoders.3.self_attn.linear_v.bias to zeros
Initialize decoder.encoders.3.self_attn.linear_out.bias to zeros
Initialize decoder.encoders.3.feed_forward.w_1.bias to zeros
Initialize decoder.encoders.3.feed_forward.w_2.bias to zeros
Initialize decoder.encoders.3.norm1.bias to zeros
Initialize decoder.encoders.3.norm2.bias to zeros
Initialize decoder.after_norm.bias to zeros
Initialize generator.input_conv.bias to zeros
Initialize generator.upsamples.0.1.bias to zeros
Initialize generator.upsamples.1.1.bias to zeros
Initialize generator.upsamples.2.1.bias to zeros
Initialize generator.upsamples.3.1.bias to zeros
Initialize generator.blocks.0.convs1.0.1.bias to zeros
Initialize generator.blocks.0.convs1.1.1.bias to zeros
Initialize generator.blocks.0.convs1.2.1.bias to zeros
Initialize generator.blocks.0.convs2.0.1.bias to zeros
Initialize generator.blocks.0.convs2.1.1.bias to zeros
Initialize generator.blocks.0.convs2.2.1.bias to zeros
Initialize generator.blocks.1.convs1.0.1.bias to zeros
Initialize generator.blocks.1.convs1.1.1.bias to zeros
Initialize generator.blocks.1.convs1.2.1.bias to zeros
Initialize generator.blocks.1.convs2.0.1.bias to zeros
Initialize generator.blocks.1.convs2.1.1.bias to zeros
Initialize generator.blocks.1.convs2.2.1.bias to zeros
Initialize generator.blocks.2.convs1.0.1.bias to zeros
Initialize generator.blocks.2.convs1.1.1.bias to zeros
Initialize generator.blocks.2.convs1.2.1.bias to zeros
Initialize generator.blocks.2.convs2.0.1.bias to zeros
Initialize generator.blocks.2.convs2.1.1.bias to zeros
Initialize generator.blocks.2.convs2.2.1.bias to zeros
Initialize generator.blocks.3.convs1.0.1.bias to zeros
Initialize generator.blocks.3.convs1.1.1.bias to zeros
Initialize generator.blocks.3.convs1.2.1.bias to zeros
Initialize generator.blocks.3.convs2.0.1.bias to zeros
Initialize generator.blocks.3.convs2.1.1.bias to zeros
Initialize generator.blocks.3.convs2.2.1.bias to zeros
Initialize generator.blocks.4.convs1.0.1.bias to zeros
Initialize generator.blocks.4.convs1.1.1.bias to zeros
Initialize generator.blocks.4.convs1.2.1.bias to zeros
Initialize generator.blocks.4.convs2.0.1.bias to zeros
Initialize generator.blocks.4.convs2.1.1.bias to zeros
Initialize generator.blocks.4.convs2.2.1.bias to zeros
Initialize generator.blocks.5.convs1.0.1.bias to zeros
Initialize generator.blocks.5.convs1.1.1.bias to zeros
Initialize generator.blocks.5.convs1.2.1.bias to zeros
Initialize generator.blocks.5.convs2.0.1.bias to zeros
Initialize generator.blocks.5.convs2.1.1.bias to zeros
Initialize generator.blocks.5.convs2.2.1.bias to zeros
Initialize generator.blocks.6.convs1.0.1.bias to zeros
Initialize generator.blocks.6.convs1.1.1.bias to zeros
Initialize generator.blocks.6.convs1.2.1.bias to zeros
Initialize generator.blocks.6.convs2.0.1.bias to zeros
Initialize generator.blocks.6.convs2.1.1.bias to zeros
Initialize generator.blocks.6.convs2.2.1.bias to zeros
Initialize generator.blocks.7.convs1.0.1.bias to zeros
Initialize generator.blocks.7.convs1.1.1.bias to zeros
Initialize generator.blocks.7.convs1.2.1.bias to zeros
Initialize generator.blocks.7.convs2.0.1.bias to zeros
Initialize generator.blocks.7.convs2.1.1.bias to zeros
Initialize generator.blocks.7.convs2.2.1.bias to zeros
Initialize generator.blocks.8.convs1.0.1.bias to zeros
Initialize generator.blocks.8.convs1.1.1.bias to zeros
Initialize generator.blocks.8.convs1.2.1.bias to zeros
Initialize generator.blocks.8.convs2.0.1.bias to zeros
Initialize generator.blocks.8.convs2.1.1.bias to zeros
Initialize generator.blocks.8.convs2.2.1.bias to zeros
Initialize generator.blocks.9.convs1.0.1.bias to zeros
Initialize generator.blocks.9.convs1.1.1.bias to zeros
Initialize generator.blocks.9.convs1.2.1.bias to zeros
Initialize generator.blocks.9.convs2.0.1.bias to zeros
Initialize generator.blocks.9.convs2.1.1.bias to zeros
Initialize generator.blocks.9.convs2.2.1.bias to zeros
Initialize generator.blocks.10.convs1.0.1.bias to zeros
Initialize generator.blocks.10.convs1.1.1.bias to zeros
Initialize generator.blocks.10.convs1.2.1.bias to zeros
Initialize generator.blocks.10.convs2.0.1.bias to zeros
Initialize generator.blocks.10.convs2.1.1.bias to zeros
Initialize generator.blocks.10.convs2.2.1.bias to zeros
Initialize generator.blocks.11.convs1.0.1.bias to zeros
Initialize generator.blocks.11.convs1.1.1.bias to zeros
Initialize generator.blocks.11.convs1.2.1.bias to zeros
Initialize generator.blocks.11.convs2.0.1.bias to zeros
Initialize generator.blocks.11.convs2.1.1.bias to zeros
Initialize generator.blocks.11.convs2.2.1.bias to zeros
Initialize generator.output_conv.1.bias to zeros
Traceback (most recent call last):
  File "/home/uesugi/miniconda3/envs/espnet_custom/lib/python3.9/runpy.py", line 197, in _run_module_as_main
    return _run_code(code, main_globals, None,
  File "/home/uesugi/miniconda3/envs/espnet_custom/lib/python3.9/runpy.py", line 87, in _run_code
    exec(code, run_globals)
  File "/home/uesugi/espnet-for-customize-jets/espnet2/bin/gan_tts_train.py", line 22, in <module>
    main()
  File "/home/uesugi/espnet-for-customize-jets/espnet2/bin/gan_tts_train.py", line 18, in main
    GANTTSTask.main(cmd=cmd)
  File "/home/uesugi/espnet-for-customize-jets/espnet2/tasks/abs_task.py", line 1225, in main
    cls.main_worker(args)
  File "/home/uesugi/espnet-for-customize-jets/espnet2/tasks/abs_task.py", line 1357, in main_worker
    model = cls.build_model(args=args)
  File "/home/uesugi/espnet-for-customize-jets/espnet2/tasks/gan_tts.py", line 386, in build_model
    d0_extract = d0_extract_class(
TypeError: __init__() got an unexpected keyword argument 'fmin'
# Accounting: time=79 threads=1
# Ended (code 1) at Tue Jul  1 10:36:30 JST 2025, elapsed time 79 seconds
# python3 -m espnet2.bin.gan_tts_train --collect_stats true --write_collected_feats true --use_preprocessor true --token_type phn --token_list dump/22.05k/token_list/phn_jaconv_pyopenjtalk_prosody/tokens.txt --non_linguistic_symbols none --cleaner jaconv --g2p pyopenjtalk_prosody --normalize none --pitch_normalize none --energy_normalize none --d0_normalize none --train_data_path_and_name_and_type dump/22.05k/raw/tr_no_dev/text,text,text --train_data_path_and_name_and_type dump/22.05k/raw/tr_no_dev/wav.scp,speech,sound --valid_data_path_and_name_and_type dump/22.05k/raw/dev/text,text,text --valid_data_path_and_name_and_type dump/22.05k/raw/dev/wav.scp,speech,sound --train_shape_file exp/22.05k/tts_stats_raw_phn_jaconv_pyopenjtalk_prosody/logdir/train.4.scp --valid_shape_file exp/22.05k/tts_stats_raw_phn_jaconv_pyopenjtalk_prosody/logdir/valid.4.scp --output_dir exp/22.05k/tts_stats_raw_phn_jaconv_pyopenjtalk_prosody/logdir/stats.4 --config conf/tuning/train_jets_22.05k.yaml --feats_extract fbank --feats_extract_conf n_fft=1024 --feats_extract_conf hop_length=256 --feats_extract_conf win_length=null --feats_extract_conf fs=22050 --feats_extract_conf fmin=80 --feats_extract_conf fmax=7600 --feats_extract_conf n_mels=80 --pitch_extract_conf fs=22050 --pitch_extract_conf n_fft=1024 --pitch_extract_conf hop_length=256 --pitch_extract_conf f0max=400 --pitch_extract_conf f0min=80 --energy_extract_conf fs=22050 --energy_extract_conf n_fft=1024 --energy_extract_conf hop_length=256 --energy_extract_conf win_length=null --d0_extract_conf fs=22050 --d0_extract_conf n_fft=1024 --d0_extract_conf hop_length=256 --d0_extract_conf win_length=null --d0_extract_conf fmin=80 --d0_extract_conf fmax=7600 --d0_extract_conf n_mels=80 
# Started at Tue Jul  1 10:35:09 JST 2025
#
/home/uesugi/miniconda3/envs/espnet_custom/bin/python3 /home/uesugi/espnet-for-customize-jets/espnet2/bin/gan_tts_train.py --collect_stats true --write_collected_feats true --use_preprocessor true --token_type phn --token_list dump/22.05k/token_list/phn_jaconv_pyopenjtalk_prosody/tokens.txt --non_linguistic_symbols none --cleaner jaconv --g2p pyopenjtalk_prosody --normalize none --pitch_normalize none --energy_normalize none --d0_normalize none --train_data_path_and_name_and_type dump/22.05k/raw/tr_no_dev/text,text,text --train_data_path_and_name_and_type dump/22.05k/raw/tr_no_dev/wav.scp,speech,sound --valid_data_path_and_name_and_type dump/22.05k/raw/dev/text,text,text --valid_data_path_and_name_and_type dump/22.05k/raw/dev/wav.scp,speech,sound --train_shape_file exp/22.05k/tts_stats_raw_phn_jaconv_pyopenjtalk_prosody/logdir/train.4.scp --valid_shape_file exp/22.05k/tts_stats_raw_phn_jaconv_pyopenjtalk_prosody/logdir/valid.4.scp --output_dir exp/22.05k/tts_stats_raw_phn_jaconv_pyopenjtalk_prosody/logdir/stats.4 --config conf/tuning/train_jets_22.05k.yaml --feats_extract fbank --feats_extract_conf n_fft=1024 --feats_extract_conf hop_length=256 --feats_extract_conf win_length=null --feats_extract_conf fs=22050 --feats_extract_conf fmin=80 --feats_extract_conf fmax=7600 --feats_extract_conf n_mels=80 --pitch_extract_conf fs=22050 --pitch_extract_conf n_fft=1024 --pitch_extract_conf hop_length=256 --pitch_extract_conf f0max=400 --pitch_extract_conf f0min=80 --energy_extract_conf fs=22050 --energy_extract_conf n_fft=1024 --energy_extract_conf hop_length=256 --energy_extract_conf win_length=null --d0_extract_conf fs=22050 --d0_extract_conf n_fft=1024 --d0_extract_conf hop_length=256 --d0_extract_conf win_length=null --d0_extract_conf fmin=80 --d0_extract_conf fmax=7600 --d0_extract_conf n_mels=80
Failed to import Flash Attention, using ESPnet default: libcudart.so.12: cannot open shared object file: No such file or directory
Vocabulary size: 47
encoder self-attention layer type = self-attention
encoder self-attention layer type = self-attention
/home/uesugi/miniconda3/envs/espnet_custom/lib/python3.9/site-packages/torch/nn/utils/weight_norm.py:143: FutureWarning: `torch.nn.utils.weight_norm` is deprecated in favor of `torch.nn.utils.parametrizations.weight_norm`.
  WeightNorm.apply(module, name, dim)
Initialize encoder.encoders.0.self_attn.linear_q.bias to zeros
Initialize encoder.encoders.0.self_attn.linear_k.bias to zeros
Initialize encoder.encoders.0.self_attn.linear_v.bias to zeros
Initialize encoder.encoders.0.self_attn.linear_out.bias to zeros
Initialize encoder.encoders.0.feed_forward.w_1.bias to zeros
Initialize encoder.encoders.0.feed_forward.w_2.bias to zeros
Initialize encoder.encoders.0.norm1.bias to zeros
Initialize encoder.encoders.0.norm2.bias to zeros
Initialize encoder.encoders.1.self_attn.linear_q.bias to zeros
Initialize encoder.encoders.1.self_attn.linear_k.bias to zeros
Initialize encoder.encoders.1.self_attn.linear_v.bias to zeros
Initialize encoder.encoders.1.self_attn.linear_out.bias to zeros
Initialize encoder.encoders.1.feed_forward.w_1.bias to zeros
Initialize encoder.encoders.1.feed_forward.w_2.bias to zeros
Initialize encoder.encoders.1.norm1.bias to zeros
Initialize encoder.encoders.1.norm2.bias to zeros
Initialize encoder.encoders.2.self_attn.linear_q.bias to zeros
Initialize encoder.encoders.2.self_attn.linear_k.bias to zeros
Initialize encoder.encoders.2.self_attn.linear_v.bias to zeros
Initialize encoder.encoders.2.self_attn.linear_out.bias to zeros
Initialize encoder.encoders.2.feed_forward.w_1.bias to zeros
Initialize encoder.encoders.2.feed_forward.w_2.bias to zeros
Initialize encoder.encoders.2.norm1.bias to zeros
Initialize encoder.encoders.2.norm2.bias to zeros
Initialize encoder.encoders.3.self_attn.linear_q.bias to zeros
Initialize encoder.encoders.3.self_attn.linear_k.bias to zeros
Initialize encoder.encoders.3.self_attn.linear_v.bias to zeros
Initialize encoder.encoders.3.self_attn.linear_out.bias to zeros
Initialize encoder.encoders.3.feed_forward.w_1.bias to zeros
Initialize encoder.encoders.3.feed_forward.w_2.bias to zeros
Initialize encoder.encoders.3.norm1.bias to zeros
Initialize encoder.encoders.3.norm2.bias to zeros
Initialize encoder.after_norm.bias to zeros
Initialize duration_predictor.conv.0.0.bias to zeros
Initialize duration_predictor.conv.0.2.bias to zeros
Initialize duration_predictor.conv.1.0.bias to zeros
Initialize duration_predictor.conv.1.2.bias to zeros
Initialize duration_predictor.linear.bias to zeros
Initialize pitch_predictor.conv.0.0.bias to zeros
Initialize pitch_predictor.conv.0.2.bias to zeros
Initialize pitch_predictor.conv.1.0.bias to zeros
Initialize pitch_predictor.conv.1.2.bias to zeros
Initialize pitch_predictor.conv.2.0.bias to zeros
Initialize pitch_predictor.conv.2.2.bias to zeros
Initialize pitch_predictor.conv.3.0.bias to zeros
Initialize pitch_predictor.conv.3.2.bias to zeros
Initialize pitch_predictor.conv.4.0.bias to zeros
Initialize pitch_predictor.conv.4.2.bias to zeros
Initialize pitch_predictor.linear.bias to zeros
Initialize pitch_embed.0.bias to zeros
Initialize energy_predictor.conv.0.0.bias to zeros
Initialize energy_predictor.conv.0.2.bias to zeros
Initialize energy_predictor.conv.1.0.bias to zeros
Initialize energy_predictor.conv.1.2.bias to zeros
Initialize energy_predictor.linear.bias to zeros
Initialize energy_embed.0.bias to zeros
Initialize d0_predictor.conv.0.0.bias to zeros
Initialize d0_predictor.conv.0.2.bias to zeros
Initialize d0_predictor.conv.1.0.bias to zeros
Initialize d0_predictor.conv.1.2.bias to zeros
Initialize d0_predictor.linear.bias to zeros
Initialize d0_embed.0.bias to zeros
Initialize alignment_module.t_conv1.bias to zeros
Initialize alignment_module.t_conv2.bias to zeros
Initialize alignment_module.f_conv1.bias to zeros
Initialize alignment_module.f_conv2.bias to zeros
Initialize alignment_module.f_conv3.bias to zeros
Initialize decoder.encoders.0.self_attn.linear_q.bias to zeros
Initialize decoder.encoders.0.self_attn.linear_k.bias to zeros
Initialize decoder.encoders.0.self_attn.linear_v.bias to zeros
Initialize decoder.encoders.0.self_attn.linear_out.bias to zeros
Initialize decoder.encoders.0.feed_forward.w_1.bias to zeros
Initialize decoder.encoders.0.feed_forward.w_2.bias to zeros
Initialize decoder.encoders.0.norm1.bias to zeros
Initialize decoder.encoders.0.norm2.bias to zeros
Initialize decoder.encoders.1.self_attn.linear_q.bias to zeros
Initialize decoder.encoders.1.self_attn.linear_k.bias to zeros
Initialize decoder.encoders.1.self_attn.linear_v.bias to zeros
Initialize decoder.encoders.1.self_attn.linear_out.bias to zeros
Initialize decoder.encoders.1.feed_forward.w_1.bias to zeros
Initialize decoder.encoders.1.feed_forward.w_2.bias to zeros
Initialize decoder.encoders.1.norm1.bias to zeros
Initialize decoder.encoders.1.norm2.bias to zeros
Initialize decoder.encoders.2.self_attn.linear_q.bias to zeros
Initialize decoder.encoders.2.self_attn.linear_k.bias to zeros
Initialize decoder.encoders.2.self_attn.linear_v.bias to zeros
Initialize decoder.encoders.2.self_attn.linear_out.bias to zeros
Initialize decoder.encoders.2.feed_forward.w_1.bias to zeros
Initialize decoder.encoders.2.feed_forward.w_2.bias to zeros
Initialize decoder.encoders.2.norm1.bias to zeros
Initialize decoder.encoders.2.norm2.bias to zeros
Initialize decoder.encoders.3.self_attn.linear_q.bias to zeros
Initialize decoder.encoders.3.self_attn.linear_k.bias to zeros
Initialize decoder.encoders.3.self_attn.linear_v.bias to zeros
Initialize decoder.encoders.3.self_attn.linear_out.bias to zeros
Initialize decoder.encoders.3.feed_forward.w_1.bias to zeros
Initialize decoder.encoders.3.feed_forward.w_2.bias to zeros
Initialize decoder.encoders.3.norm1.bias to zeros
Initialize decoder.encoders.3.norm2.bias to zeros
Initialize decoder.after_norm.bias to zeros
Initialize generator.input_conv.bias to zeros
Initialize generator.upsamples.0.1.bias to zeros
Initialize generator.upsamples.1.1.bias to zeros
Initialize generator.upsamples.2.1.bias to zeros
Initialize generator.upsamples.3.1.bias to zeros
Initialize generator.blocks.0.convs1.0.1.bias to zeros
Initialize generator.blocks.0.convs1.1.1.bias to zeros
Initialize generator.blocks.0.convs1.2.1.bias to zeros
Initialize generator.blocks.0.convs2.0.1.bias to zeros
Initialize generator.blocks.0.convs2.1.1.bias to zeros
Initialize generator.blocks.0.convs2.2.1.bias to zeros
Initialize generator.blocks.1.convs1.0.1.bias to zeros
Initialize generator.blocks.1.convs1.1.1.bias to zeros
Initialize generator.blocks.1.convs1.2.1.bias to zeros
Initialize generator.blocks.1.convs2.0.1.bias to zeros
Initialize generator.blocks.1.convs2.1.1.bias to zeros
Initialize generator.blocks.1.convs2.2.1.bias to zeros
Initialize generator.blocks.2.convs1.0.1.bias to zeros
Initialize generator.blocks.2.convs1.1.1.bias to zeros
Initialize generator.blocks.2.convs1.2.1.bias to zeros
Initialize generator.blocks.2.convs2.0.1.bias to zeros
Initialize generator.blocks.2.convs2.1.1.bias to zeros
Initialize generator.blocks.2.convs2.2.1.bias to zeros
Initialize generator.blocks.3.convs1.0.1.bias to zeros
Initialize generator.blocks.3.convs1.1.1.bias to zeros
Initialize generator.blocks.3.convs1.2.1.bias to zeros
Initialize generator.blocks.3.convs2.0.1.bias to zeros
Initialize generator.blocks.3.convs2.1.1.bias to zeros
Initialize generator.blocks.3.convs2.2.1.bias to zeros
Initialize generator.blocks.4.convs1.0.1.bias to zeros
Initialize generator.blocks.4.convs1.1.1.bias to zeros
Initialize generator.blocks.4.convs1.2.1.bias to zeros
Initialize generator.blocks.4.convs2.0.1.bias to zeros
Initialize generator.blocks.4.convs2.1.1.bias to zeros
Initialize generator.blocks.4.convs2.2.1.bias to zeros
Initialize generator.blocks.5.convs1.0.1.bias to zeros
Initialize generator.blocks.5.convs1.1.1.bias to zeros
Initialize generator.blocks.5.convs1.2.1.bias to zeros
Initialize generator.blocks.5.convs2.0.1.bias to zeros
Initialize generator.blocks.5.convs2.1.1.bias to zeros
Initialize generator.blocks.5.convs2.2.1.bias to zeros
Initialize generator.blocks.6.convs1.0.1.bias to zeros
Initialize generator.blocks.6.convs1.1.1.bias to zeros
Initialize generator.blocks.6.convs1.2.1.bias to zeros
Initialize generator.blocks.6.convs2.0.1.bias to zeros
Initialize generator.blocks.6.convs2.1.1.bias to zeros
Initialize generator.blocks.6.convs2.2.1.bias to zeros
Initialize generator.blocks.7.convs1.0.1.bias to zeros
Initialize generator.blocks.7.convs1.1.1.bias to zeros
Initialize generator.blocks.7.convs1.2.1.bias to zeros
Initialize generator.blocks.7.convs2.0.1.bias to zeros
Initialize generator.blocks.7.convs2.1.1.bias to zeros
Initialize generator.blocks.7.convs2.2.1.bias to zeros
Initialize generator.blocks.8.convs1.0.1.bias to zeros
Initialize generator.blocks.8.convs1.1.1.bias to zeros
Initialize generator.blocks.8.convs1.2.1.bias to zeros
Initialize generator.blocks.8.convs2.0.1.bias to zeros
Initialize generator.blocks.8.convs2.1.1.bias to zeros
Initialize generator.blocks.8.convs2.2.1.bias to zeros
Initialize generator.blocks.9.convs1.0.1.bias to zeros
Initialize generator.blocks.9.convs1.1.1.bias to zeros
Initialize generator.blocks.9.convs1.2.1.bias to zeros
Initialize generator.blocks.9.convs2.0.1.bias to zeros
Initialize generator.blocks.9.convs2.1.1.bias to zeros
Initialize generator.blocks.9.convs2.2.1.bias to zeros
Initialize generator.blocks.10.convs1.0.1.bias to zeros
Initialize generator.blocks.10.convs1.1.1.bias to zeros
Initialize generator.blocks.10.convs1.2.1.bias to zeros
Initialize generator.blocks.10.convs2.0.1.bias to zeros
Initialize generator.blocks.10.convs2.1.1.bias to zeros
Initialize generator.blocks.10.convs2.2.1.bias to zeros
Initialize generator.blocks.11.convs1.0.1.bias to zeros
Initialize generator.blocks.11.convs1.1.1.bias to zeros
Initialize generator.blocks.11.convs1.2.1.bias to zeros
Initialize generator.blocks.11.convs2.0.1.bias to zeros
Initialize generator.blocks.11.convs2.1.1.bias to zeros
Initialize generator.blocks.11.convs2.2.1.bias to zeros
Initialize generator.output_conv.1.bias to zeros
Traceback (most recent call last):
  File "/home/uesugi/miniconda3/envs/espnet_custom/lib/python3.9/runpy.py", line 197, in _run_module_as_main
    return _run_code(code, main_globals, None,
  File "/home/uesugi/miniconda3/envs/espnet_custom/lib/python3.9/runpy.py", line 87, in _run_code
    exec(code, run_globals)
  File "/home/uesugi/espnet-for-customize-jets/espnet2/bin/gan_tts_train.py", line 22, in <module>
    main()
  File "/home/uesugi/espnet-for-customize-jets/espnet2/bin/gan_tts_train.py", line 18, in main
    GANTTSTask.main(cmd=cmd)
  File "/home/uesugi/espnet-for-customize-jets/espnet2/tasks/abs_task.py", line 1225, in main
    cls.main_worker(args)
  File "/home/uesugi/espnet-for-customize-jets/espnet2/tasks/abs_task.py", line 1357, in main_worker
    model = cls.build_model(args=args)
  File "/home/uesugi/espnet-for-customize-jets/espnet2/tasks/gan_tts.py", line 386, in build_model
    d0_extract = d0_extract_class(
TypeError: __init__() got an unexpected keyword argument 'fmin'
# Accounting: time=83 threads=1
# Ended (code 1) at Tue Jul  1 10:36:32 JST 2025, elapsed time 83 seconds
# python3 -m espnet2.bin.gan_tts_train --collect_stats true --write_collected_feats true --use_preprocessor true --token_type phn --token_list dump/22.05k/token_list/phn_jaconv_pyopenjtalk_prosody/tokens.txt --non_linguistic_symbols none --cleaner jaconv --g2p pyopenjtalk_prosody --normalize none --pitch_normalize none --energy_normalize none --d0_normalize none --train_data_path_and_name_and_type dump/22.05k/raw/tr_no_dev/text,text,text --train_data_path_and_name_and_type dump/22.05k/raw/tr_no_dev/wav.scp,speech,sound --valid_data_path_and_name_and_type dump/22.05k/raw/dev/text,text,text --valid_data_path_and_name_and_type dump/22.05k/raw/dev/wav.scp,speech,sound --train_shape_file exp/22.05k/tts_stats_raw_phn_jaconv_pyopenjtalk_prosody/logdir/train.5.scp --valid_shape_file exp/22.05k/tts_stats_raw_phn_jaconv_pyopenjtalk_prosody/logdir/valid.5.scp --output_dir exp/22.05k/tts_stats_raw_phn_jaconv_pyopenjtalk_prosody/logdir/stats.5 --config conf/tuning/train_jets_22.05k.yaml --feats_extract fbank --feats_extract_conf n_fft=1024 --feats_extract_conf hop_length=256 --feats_extract_conf win_length=null --feats_extract_conf fs=22050 --feats_extract_conf fmin=80 --feats_extract_conf fmax=7600 --feats_extract_conf n_mels=80 --pitch_extract_conf fs=22050 --pitch_extract_conf n_fft=1024 --pitch_extract_conf hop_length=256 --pitch_extract_conf f0max=400 --pitch_extract_conf f0min=80 --energy_extract_conf fs=22050 --energy_extract_conf n_fft=1024 --energy_extract_conf hop_length=256 --energy_extract_conf win_length=null --d0_extract_conf fs=22050 --d0_extract_conf n_fft=1024 --d0_extract_conf hop_length=256 --d0_extract_conf win_length=null --d0_extract_conf fmin=80 --d0_extract_conf fmax=7600 --d0_extract_conf n_mels=80 
# Started at Tue Jul  1 10:35:10 JST 2025
#
/home/uesugi/miniconda3/envs/espnet_custom/bin/python3 /home/uesugi/espnet-for-customize-jets/espnet2/bin/gan_tts_train.py --collect_stats true --write_collected_feats true --use_preprocessor true --token_type phn --token_list dump/22.05k/token_list/phn_jaconv_pyopenjtalk_prosody/tokens.txt --non_linguistic_symbols none --cleaner jaconv --g2p pyopenjtalk_prosody --normalize none --pitch_normalize none --energy_normalize none --d0_normalize none --train_data_path_and_name_and_type dump/22.05k/raw/tr_no_dev/text,text,text --train_data_path_and_name_and_type dump/22.05k/raw/tr_no_dev/wav.scp,speech,sound --valid_data_path_and_name_and_type dump/22.05k/raw/dev/text,text,text --valid_data_path_and_name_and_type dump/22.05k/raw/dev/wav.scp,speech,sound --train_shape_file exp/22.05k/tts_stats_raw_phn_jaconv_pyopenjtalk_prosody/logdir/train.5.scp --valid_shape_file exp/22.05k/tts_stats_raw_phn_jaconv_pyopenjtalk_prosody/logdir/valid.5.scp --output_dir exp/22.05k/tts_stats_raw_phn_jaconv_pyopenjtalk_prosody/logdir/stats.5 --config conf/tuning/train_jets_22.05k.yaml --feats_extract fbank --feats_extract_conf n_fft=1024 --feats_extract_conf hop_length=256 --feats_extract_conf win_length=null --feats_extract_conf fs=22050 --feats_extract_conf fmin=80 --feats_extract_conf fmax=7600 --feats_extract_conf n_mels=80 --pitch_extract_conf fs=22050 --pitch_extract_conf n_fft=1024 --pitch_extract_conf hop_length=256 --pitch_extract_conf f0max=400 --pitch_extract_conf f0min=80 --energy_extract_conf fs=22050 --energy_extract_conf n_fft=1024 --energy_extract_conf hop_length=256 --energy_extract_conf win_length=null --d0_extract_conf fs=22050 --d0_extract_conf n_fft=1024 --d0_extract_conf hop_length=256 --d0_extract_conf win_length=null --d0_extract_conf fmin=80 --d0_extract_conf fmax=7600 --d0_extract_conf n_mels=80
Failed to import Flash Attention, using ESPnet default: libcudart.so.12: cannot open shared object file: No such file or directory
Vocabulary size: 47
encoder self-attention layer type = self-attention
encoder self-attention layer type = self-attention
/home/uesugi/miniconda3/envs/espnet_custom/lib/python3.9/site-packages/torch/nn/utils/weight_norm.py:143: FutureWarning: `torch.nn.utils.weight_norm` is deprecated in favor of `torch.nn.utils.parametrizations.weight_norm`.
  WeightNorm.apply(module, name, dim)
Initialize encoder.encoders.0.self_attn.linear_q.bias to zeros
Initialize encoder.encoders.0.self_attn.linear_k.bias to zeros
Initialize encoder.encoders.0.self_attn.linear_v.bias to zeros
Initialize encoder.encoders.0.self_attn.linear_out.bias to zeros
Initialize encoder.encoders.0.feed_forward.w_1.bias to zeros
Initialize encoder.encoders.0.feed_forward.w_2.bias to zeros
Initialize encoder.encoders.0.norm1.bias to zeros
Initialize encoder.encoders.0.norm2.bias to zeros
Initialize encoder.encoders.1.self_attn.linear_q.bias to zeros
Initialize encoder.encoders.1.self_attn.linear_k.bias to zeros
Initialize encoder.encoders.1.self_attn.linear_v.bias to zeros
Initialize encoder.encoders.1.self_attn.linear_out.bias to zeros
Initialize encoder.encoders.1.feed_forward.w_1.bias to zeros
Initialize encoder.encoders.1.feed_forward.w_2.bias to zeros
Initialize encoder.encoders.1.norm1.bias to zeros
Initialize encoder.encoders.1.norm2.bias to zeros
Initialize encoder.encoders.2.self_attn.linear_q.bias to zeros
Initialize encoder.encoders.2.self_attn.linear_k.bias to zeros
Initialize encoder.encoders.2.self_attn.linear_v.bias to zeros
Initialize encoder.encoders.2.self_attn.linear_out.bias to zeros
Initialize encoder.encoders.2.feed_forward.w_1.bias to zeros
Initialize encoder.encoders.2.feed_forward.w_2.bias to zeros
Initialize encoder.encoders.2.norm1.bias to zeros
Initialize encoder.encoders.2.norm2.bias to zeros
Initialize encoder.encoders.3.self_attn.linear_q.bias to zeros
Initialize encoder.encoders.3.self_attn.linear_k.bias to zeros
Initialize encoder.encoders.3.self_attn.linear_v.bias to zeros
Initialize encoder.encoders.3.self_attn.linear_out.bias to zeros
Initialize encoder.encoders.3.feed_forward.w_1.bias to zeros
Initialize encoder.encoders.3.feed_forward.w_2.bias to zeros
Initialize encoder.encoders.3.norm1.bias to zeros
Initialize encoder.encoders.3.norm2.bias to zeros
Initialize encoder.after_norm.bias to zeros
Initialize duration_predictor.conv.0.0.bias to zeros
Initialize duration_predictor.conv.0.2.bias to zeros
Initialize duration_predictor.conv.1.0.bias to zeros
Initialize duration_predictor.conv.1.2.bias to zeros
Initialize duration_predictor.linear.bias to zeros
Initialize pitch_predictor.conv.0.0.bias to zeros
Initialize pitch_predictor.conv.0.2.bias to zeros
Initialize pitch_predictor.conv.1.0.bias to zeros
Initialize pitch_predictor.conv.1.2.bias to zeros
Initialize pitch_predictor.conv.2.0.bias to zeros
Initialize pitch_predictor.conv.2.2.bias to zeros
Initialize pitch_predictor.conv.3.0.bias to zeros
Initialize pitch_predictor.conv.3.2.bias to zeros
Initialize pitch_predictor.conv.4.0.bias to zeros
Initialize pitch_predictor.conv.4.2.bias to zeros
Initialize pitch_predictor.linear.bias to zeros
Initialize pitch_embed.0.bias to zeros
Initialize energy_predictor.conv.0.0.bias to zeros
Initialize energy_predictor.conv.0.2.bias to zeros
Initialize energy_predictor.conv.1.0.bias to zeros
Initialize energy_predictor.conv.1.2.bias to zeros
Initialize energy_predictor.linear.bias to zeros
Initialize energy_embed.0.bias to zeros
Initialize d0_predictor.conv.0.0.bias to zeros
Initialize d0_predictor.conv.0.2.bias to zeros
Initialize d0_predictor.conv.1.0.bias to zeros
Initialize d0_predictor.conv.1.2.bias to zeros
Initialize d0_predictor.linear.bias to zeros
Initialize d0_embed.0.bias to zeros
Initialize alignment_module.t_conv1.bias to zeros
Initialize alignment_module.t_conv2.bias to zeros
Initialize alignment_module.f_conv1.bias to zeros
Initialize alignment_module.f_conv2.bias to zeros
Initialize alignment_module.f_conv3.bias to zeros
Initialize decoder.encoders.0.self_attn.linear_q.bias to zeros
Initialize decoder.encoders.0.self_attn.linear_k.bias to zeros
Initialize decoder.encoders.0.self_attn.linear_v.bias to zeros
Initialize decoder.encoders.0.self_attn.linear_out.bias to zeros
Initialize decoder.encoders.0.feed_forward.w_1.bias to zeros
Initialize decoder.encoders.0.feed_forward.w_2.bias to zeros
Initialize decoder.encoders.0.norm1.bias to zeros
Initialize decoder.encoders.0.norm2.bias to zeros
Initialize decoder.encoders.1.self_attn.linear_q.bias to zeros
Initialize decoder.encoders.1.self_attn.linear_k.bias to zeros
Initialize decoder.encoders.1.self_attn.linear_v.bias to zeros
Initialize decoder.encoders.1.self_attn.linear_out.bias to zeros
Initialize decoder.encoders.1.feed_forward.w_1.bias to zeros
Initialize decoder.encoders.1.feed_forward.w_2.bias to zeros
Initialize decoder.encoders.1.norm1.bias to zeros
Initialize decoder.encoders.1.norm2.bias to zeros
Initialize decoder.encoders.2.self_attn.linear_q.bias to zeros
Initialize decoder.encoders.2.self_attn.linear_k.bias to zeros
Initialize decoder.encoders.2.self_attn.linear_v.bias to zeros
Initialize decoder.encoders.2.self_attn.linear_out.bias to zeros
Initialize decoder.encoders.2.feed_forward.w_1.bias to zeros
Initialize decoder.encoders.2.feed_forward.w_2.bias to zeros
Initialize decoder.encoders.2.norm1.bias to zeros
Initialize decoder.encoders.2.norm2.bias to zeros
Initialize decoder.encoders.3.self_attn.linear_q.bias to zeros
Initialize decoder.encoders.3.self_attn.linear_k.bias to zeros
Initialize decoder.encoders.3.self_attn.linear_v.bias to zeros
Initialize decoder.encoders.3.self_attn.linear_out.bias to zeros
Initialize decoder.encoders.3.feed_forward.w_1.bias to zeros
Initialize decoder.encoders.3.feed_forward.w_2.bias to zeros
Initialize decoder.encoders.3.norm1.bias to zeros
Initialize decoder.encoders.3.norm2.bias to zeros
Initialize decoder.after_norm.bias to zeros
Initialize generator.input_conv.bias to zeros
Initialize generator.upsamples.0.1.bias to zeros
Initialize generator.upsamples.1.1.bias to zeros
Initialize generator.upsamples.2.1.bias to zeros
Initialize generator.upsamples.3.1.bias to zeros
Initialize generator.blocks.0.convs1.0.1.bias to zeros
Initialize generator.blocks.0.convs1.1.1.bias to zeros
Initialize generator.blocks.0.convs1.2.1.bias to zeros
Initialize generator.blocks.0.convs2.0.1.bias to zeros
Initialize generator.blocks.0.convs2.1.1.bias to zeros
Initialize generator.blocks.0.convs2.2.1.bias to zeros
Initialize generator.blocks.1.convs1.0.1.bias to zeros
Initialize generator.blocks.1.convs1.1.1.bias to zeros
Initialize generator.blocks.1.convs1.2.1.bias to zeros
Initialize generator.blocks.1.convs2.0.1.bias to zeros
Initialize generator.blocks.1.convs2.1.1.bias to zeros
Initialize generator.blocks.1.convs2.2.1.bias to zeros
Initialize generator.blocks.2.convs1.0.1.bias to zeros
Initialize generator.blocks.2.convs1.1.1.bias to zeros
Initialize generator.blocks.2.convs1.2.1.bias to zeros
Initialize generator.blocks.2.convs2.0.1.bias to zeros
Initialize generator.blocks.2.convs2.1.1.bias to zeros
Initialize generator.blocks.2.convs2.2.1.bias to zeros
Initialize generator.blocks.3.convs1.0.1.bias to zeros
Initialize generator.blocks.3.convs1.1.1.bias to zeros
Initialize generator.blocks.3.convs1.2.1.bias to zeros
Initialize generator.blocks.3.convs2.0.1.bias to zeros
Initialize generator.blocks.3.convs2.1.1.bias to zeros
Initialize generator.blocks.3.convs2.2.1.bias to zeros
Initialize generator.blocks.4.convs1.0.1.bias to zeros
Initialize generator.blocks.4.convs1.1.1.bias to zeros
Initialize generator.blocks.4.convs1.2.1.bias to zeros
Initialize generator.blocks.4.convs2.0.1.bias to zeros
Initialize generator.blocks.4.convs2.1.1.bias to zeros
Initialize generator.blocks.4.convs2.2.1.bias to zeros
Initialize generator.blocks.5.convs1.0.1.bias to zeros
Initialize generator.blocks.5.convs1.1.1.bias to zeros
Initialize generator.blocks.5.convs1.2.1.bias to zeros
Initialize generator.blocks.5.convs2.0.1.bias to zeros
Initialize generator.blocks.5.convs2.1.1.bias to zeros
Initialize generator.blocks.5.convs2.2.1.bias to zeros
Initialize generator.blocks.6.convs1.0.1.bias to zeros
Initialize generator.blocks.6.convs1.1.1.bias to zeros
Initialize generator.blocks.6.convs1.2.1.bias to zeros
Initialize generator.blocks.6.convs2.0.1.bias to zeros
Initialize generator.blocks.6.convs2.1.1.bias to zeros
Initialize generator.blocks.6.convs2.2.1.bias to zeros
Initialize generator.blocks.7.convs1.0.1.bias to zeros
Initialize generator.blocks.7.convs1.1.1.bias to zeros
Initialize generator.blocks.7.convs1.2.1.bias to zeros
Initialize generator.blocks.7.convs2.0.1.bias to zeros
Initialize generator.blocks.7.convs2.1.1.bias to zeros
Initialize generator.blocks.7.convs2.2.1.bias to zeros
Initialize generator.blocks.8.convs1.0.1.bias to zeros
Initialize generator.blocks.8.convs1.1.1.bias to zeros
Initialize generator.blocks.8.convs1.2.1.bias to zeros
Initialize generator.blocks.8.convs2.0.1.bias to zeros
Initialize generator.blocks.8.convs2.1.1.bias to zeros
Initialize generator.blocks.8.convs2.2.1.bias to zeros
Initialize generator.blocks.9.convs1.0.1.bias to zeros
Initialize generator.blocks.9.convs1.1.1.bias to zeros
Initialize generator.blocks.9.convs1.2.1.bias to zeros
Initialize generator.blocks.9.convs2.0.1.bias to zeros
Initialize generator.blocks.9.convs2.1.1.bias to zeros
Initialize generator.blocks.9.convs2.2.1.bias to zeros
Initialize generator.blocks.10.convs1.0.1.bias to zeros
Initialize generator.blocks.10.convs1.1.1.bias to zeros
Initialize generator.blocks.10.convs1.2.1.bias to zeros
Initialize generator.blocks.10.convs2.0.1.bias to zeros
Initialize generator.blocks.10.convs2.1.1.bias to zeros
Initialize generator.blocks.10.convs2.2.1.bias to zeros
Initialize generator.blocks.11.convs1.0.1.bias to zeros
Initialize generator.blocks.11.convs1.1.1.bias to zeros
Initialize generator.blocks.11.convs1.2.1.bias to zeros
Initialize generator.blocks.11.convs2.0.1.bias to zeros
Initialize generator.blocks.11.convs2.1.1.bias to zeros
Initialize generator.blocks.11.convs2.2.1.bias to zeros
Initialize generator.output_conv.1.bias to zeros
Traceback (most recent call last):
  File "/home/uesugi/miniconda3/envs/espnet_custom/lib/python3.9/runpy.py", line 197, in _run_module_as_main
    return _run_code(code, main_globals, None,
  File "/home/uesugi/miniconda3/envs/espnet_custom/lib/python3.9/runpy.py", line 87, in _run_code
    exec(code, run_globals)
  File "/home/uesugi/espnet-for-customize-jets/espnet2/bin/gan_tts_train.py", line 22, in <module>
    main()
  File "/home/uesugi/espnet-for-customize-jets/espnet2/bin/gan_tts_train.py", line 18, in main
    GANTTSTask.main(cmd=cmd)
  File "/home/uesugi/espnet-for-customize-jets/espnet2/tasks/abs_task.py", line 1225, in main
    cls.main_worker(args)
  File "/home/uesugi/espnet-for-customize-jets/espnet2/tasks/abs_task.py", line 1357, in main_worker
    model = cls.build_model(args=args)
  File "/home/uesugi/espnet-for-customize-jets/espnet2/tasks/gan_tts.py", line 386, in build_model
    d0_extract = d0_extract_class(
TypeError: __init__() got an unexpected keyword argument 'fmin'
# Accounting: time=63 threads=1
# Ended (code 1) at Tue Jul  1 10:36:13 JST 2025, elapsed time 63 seconds
# python3 -m espnet2.bin.gan_tts_train --collect_stats true --write_collected_feats true --use_preprocessor true --token_type phn --token_list dump/22.05k/token_list/phn_jaconv_pyopenjtalk_prosody/tokens.txt --non_linguistic_symbols none --cleaner jaconv --g2p pyopenjtalk_prosody --normalize none --pitch_normalize none --energy_normalize none --d0_normalize none --train_data_path_and_name_and_type dump/22.05k/raw/tr_no_dev/text,text,text --train_data_path_and_name_and_type dump/22.05k/raw/tr_no_dev/wav.scp,speech,sound --valid_data_path_and_name_and_type dump/22.05k/raw/dev/text,text,text --valid_data_path_and_name_and_type dump/22.05k/raw/dev/wav.scp,speech,sound --train_shape_file exp/22.05k/tts_stats_raw_phn_jaconv_pyopenjtalk_prosody/logdir/train.6.scp --valid_shape_file exp/22.05k/tts_stats_raw_phn_jaconv_pyopenjtalk_prosody/logdir/valid.6.scp --output_dir exp/22.05k/tts_stats_raw_phn_jaconv_pyopenjtalk_prosody/logdir/stats.6 --config conf/tuning/train_jets_22.05k.yaml --feats_extract fbank --feats_extract_conf n_fft=1024 --feats_extract_conf hop_length=256 --feats_extract_conf win_length=null --feats_extract_conf fs=22050 --feats_extract_conf fmin=80 --feats_extract_conf fmax=7600 --feats_extract_conf n_mels=80 --pitch_extract_conf fs=22050 --pitch_extract_conf n_fft=1024 --pitch_extract_conf hop_length=256 --pitch_extract_conf f0max=400 --pitch_extract_conf f0min=80 --energy_extract_conf fs=22050 --energy_extract_conf n_fft=1024 --energy_extract_conf hop_length=256 --energy_extract_conf win_length=null --d0_extract_conf fs=22050 --d0_extract_conf n_fft=1024 --d0_extract_conf hop_length=256 --d0_extract_conf win_length=null --d0_extract_conf fmin=80 --d0_extract_conf fmax=7600 --d0_extract_conf n_mels=80 
# Started at Tue Jul  1 10:35:09 JST 2025
#
/home/uesugi/miniconda3/envs/espnet_custom/bin/python3 /home/uesugi/espnet-for-customize-jets/espnet2/bin/gan_tts_train.py --collect_stats true --write_collected_feats true --use_preprocessor true --token_type phn --token_list dump/22.05k/token_list/phn_jaconv_pyopenjtalk_prosody/tokens.txt --non_linguistic_symbols none --cleaner jaconv --g2p pyopenjtalk_prosody --normalize none --pitch_normalize none --energy_normalize none --d0_normalize none --train_data_path_and_name_and_type dump/22.05k/raw/tr_no_dev/text,text,text --train_data_path_and_name_and_type dump/22.05k/raw/tr_no_dev/wav.scp,speech,sound --valid_data_path_and_name_and_type dump/22.05k/raw/dev/text,text,text --valid_data_path_and_name_and_type dump/22.05k/raw/dev/wav.scp,speech,sound --train_shape_file exp/22.05k/tts_stats_raw_phn_jaconv_pyopenjtalk_prosody/logdir/train.6.scp --valid_shape_file exp/22.05k/tts_stats_raw_phn_jaconv_pyopenjtalk_prosody/logdir/valid.6.scp --output_dir exp/22.05k/tts_stats_raw_phn_jaconv_pyopenjtalk_prosody/logdir/stats.6 --config conf/tuning/train_jets_22.05k.yaml --feats_extract fbank --feats_extract_conf n_fft=1024 --feats_extract_conf hop_length=256 --feats_extract_conf win_length=null --feats_extract_conf fs=22050 --feats_extract_conf fmin=80 --feats_extract_conf fmax=7600 --feats_extract_conf n_mels=80 --pitch_extract_conf fs=22050 --pitch_extract_conf n_fft=1024 --pitch_extract_conf hop_length=256 --pitch_extract_conf f0max=400 --pitch_extract_conf f0min=80 --energy_extract_conf fs=22050 --energy_extract_conf n_fft=1024 --energy_extract_conf hop_length=256 --energy_extract_conf win_length=null --d0_extract_conf fs=22050 --d0_extract_conf n_fft=1024 --d0_extract_conf hop_length=256 --d0_extract_conf win_length=null --d0_extract_conf fmin=80 --d0_extract_conf fmax=7600 --d0_extract_conf n_mels=80
Failed to import Flash Attention, using ESPnet default: libcudart.so.12: cannot open shared object file: No such file or directory
Vocabulary size: 47
encoder self-attention layer type = self-attention
encoder self-attention layer type = self-attention
/home/uesugi/miniconda3/envs/espnet_custom/lib/python3.9/site-packages/torch/nn/utils/weight_norm.py:143: FutureWarning: `torch.nn.utils.weight_norm` is deprecated in favor of `torch.nn.utils.parametrizations.weight_norm`.
  WeightNorm.apply(module, name, dim)
Initialize encoder.encoders.0.self_attn.linear_q.bias to zeros
Initialize encoder.encoders.0.self_attn.linear_k.bias to zeros
Initialize encoder.encoders.0.self_attn.linear_v.bias to zeros
Initialize encoder.encoders.0.self_attn.linear_out.bias to zeros
Initialize encoder.encoders.0.feed_forward.w_1.bias to zeros
Initialize encoder.encoders.0.feed_forward.w_2.bias to zeros
Initialize encoder.encoders.0.norm1.bias to zeros
Initialize encoder.encoders.0.norm2.bias to zeros
Initialize encoder.encoders.1.self_attn.linear_q.bias to zeros
Initialize encoder.encoders.1.self_attn.linear_k.bias to zeros
Initialize encoder.encoders.1.self_attn.linear_v.bias to zeros
Initialize encoder.encoders.1.self_attn.linear_out.bias to zeros
Initialize encoder.encoders.1.feed_forward.w_1.bias to zeros
Initialize encoder.encoders.1.feed_forward.w_2.bias to zeros
Initialize encoder.encoders.1.norm1.bias to zeros
Initialize encoder.encoders.1.norm2.bias to zeros
Initialize encoder.encoders.2.self_attn.linear_q.bias to zeros
Initialize encoder.encoders.2.self_attn.linear_k.bias to zeros
Initialize encoder.encoders.2.self_attn.linear_v.bias to zeros
Initialize encoder.encoders.2.self_attn.linear_out.bias to zeros
Initialize encoder.encoders.2.feed_forward.w_1.bias to zeros
Initialize encoder.encoders.2.feed_forward.w_2.bias to zeros
Initialize encoder.encoders.2.norm1.bias to zeros
Initialize encoder.encoders.2.norm2.bias to zeros
Initialize encoder.encoders.3.self_attn.linear_q.bias to zeros
Initialize encoder.encoders.3.self_attn.linear_k.bias to zeros
Initialize encoder.encoders.3.self_attn.linear_v.bias to zeros
Initialize encoder.encoders.3.self_attn.linear_out.bias to zeros
Initialize encoder.encoders.3.feed_forward.w_1.bias to zeros
Initialize encoder.encoders.3.feed_forward.w_2.bias to zeros
Initialize encoder.encoders.3.norm1.bias to zeros
Initialize encoder.encoders.3.norm2.bias to zeros
Initialize encoder.after_norm.bias to zeros
Initialize duration_predictor.conv.0.0.bias to zeros
Initialize duration_predictor.conv.0.2.bias to zeros
Initialize duration_predictor.conv.1.0.bias to zeros
Initialize duration_predictor.conv.1.2.bias to zeros
Initialize duration_predictor.linear.bias to zeros
Initialize pitch_predictor.conv.0.0.bias to zeros
Initialize pitch_predictor.conv.0.2.bias to zeros
Initialize pitch_predictor.conv.1.0.bias to zeros
Initialize pitch_predictor.conv.1.2.bias to zeros
Initialize pitch_predictor.conv.2.0.bias to zeros
Initialize pitch_predictor.conv.2.2.bias to zeros
Initialize pitch_predictor.conv.3.0.bias to zeros
Initialize pitch_predictor.conv.3.2.bias to zeros
Initialize pitch_predictor.conv.4.0.bias to zeros
Initialize pitch_predictor.conv.4.2.bias to zeros
Initialize pitch_predictor.linear.bias to zeros
Initialize pitch_embed.0.bias to zeros
Initialize energy_predictor.conv.0.0.bias to zeros
Initialize energy_predictor.conv.0.2.bias to zeros
Initialize energy_predictor.conv.1.0.bias to zeros
Initialize energy_predictor.conv.1.2.bias to zeros
Initialize energy_predictor.linear.bias to zeros
Initialize energy_embed.0.bias to zeros
Initialize d0_predictor.conv.0.0.bias to zeros
Initialize d0_predictor.conv.0.2.bias to zeros
Initialize d0_predictor.conv.1.0.bias to zeros
Initialize d0_predictor.conv.1.2.bias to zeros
Initialize d0_predictor.linear.bias to zeros
Initialize d0_embed.0.bias to zeros
Initialize alignment_module.t_conv1.bias to zeros
Initialize alignment_module.t_conv2.bias to zeros
Initialize alignment_module.f_conv1.bias to zeros
Initialize alignment_module.f_conv2.bias to zeros
Initialize alignment_module.f_conv3.bias to zeros
Initialize decoder.encoders.0.self_attn.linear_q.bias to zeros
Initialize decoder.encoders.0.self_attn.linear_k.bias to zeros
Initialize decoder.encoders.0.self_attn.linear_v.bias to zeros
Initialize decoder.encoders.0.self_attn.linear_out.bias to zeros
Initialize decoder.encoders.0.feed_forward.w_1.bias to zeros
Initialize decoder.encoders.0.feed_forward.w_2.bias to zeros
Initialize decoder.encoders.0.norm1.bias to zeros
Initialize decoder.encoders.0.norm2.bias to zeros
Initialize decoder.encoders.1.self_attn.linear_q.bias to zeros
Initialize decoder.encoders.1.self_attn.linear_k.bias to zeros
Initialize decoder.encoders.1.self_attn.linear_v.bias to zeros
Initialize decoder.encoders.1.self_attn.linear_out.bias to zeros
Initialize decoder.encoders.1.feed_forward.w_1.bias to zeros
Initialize decoder.encoders.1.feed_forward.w_2.bias to zeros
Initialize decoder.encoders.1.norm1.bias to zeros
Initialize decoder.encoders.1.norm2.bias to zeros
Initialize decoder.encoders.2.self_attn.linear_q.bias to zeros
Initialize decoder.encoders.2.self_attn.linear_k.bias to zeros
Initialize decoder.encoders.2.self_attn.linear_v.bias to zeros
Initialize decoder.encoders.2.self_attn.linear_out.bias to zeros
Initialize decoder.encoders.2.feed_forward.w_1.bias to zeros
Initialize decoder.encoders.2.feed_forward.w_2.bias to zeros
Initialize decoder.encoders.2.norm1.bias to zeros
Initialize decoder.encoders.2.norm2.bias to zeros
Initialize decoder.encoders.3.self_attn.linear_q.bias to zeros
Initialize decoder.encoders.3.self_attn.linear_k.bias to zeros
Initialize decoder.encoders.3.self_attn.linear_v.bias to zeros
Initialize decoder.encoders.3.self_attn.linear_out.bias to zeros
Initialize decoder.encoders.3.feed_forward.w_1.bias to zeros
Initialize decoder.encoders.3.feed_forward.w_2.bias to zeros
Initialize decoder.encoders.3.norm1.bias to zeros
Initialize decoder.encoders.3.norm2.bias to zeros
Initialize decoder.after_norm.bias to zeros
Initialize generator.input_conv.bias to zeros
Initialize generator.upsamples.0.1.bias to zeros
Initialize generator.upsamples.1.1.bias to zeros
Initialize generator.upsamples.2.1.bias to zeros
Initialize generator.upsamples.3.1.bias to zeros
Initialize generator.blocks.0.convs1.0.1.bias to zeros
Initialize generator.blocks.0.convs1.1.1.bias to zeros
Initialize generator.blocks.0.convs1.2.1.bias to zeros
Initialize generator.blocks.0.convs2.0.1.bias to zeros
Initialize generator.blocks.0.convs2.1.1.bias to zeros
Initialize generator.blocks.0.convs2.2.1.bias to zeros
Initialize generator.blocks.1.convs1.0.1.bias to zeros
Initialize generator.blocks.1.convs1.1.1.bias to zeros
Initialize generator.blocks.1.convs1.2.1.bias to zeros
Initialize generator.blocks.1.convs2.0.1.bias to zeros
Initialize generator.blocks.1.convs2.1.1.bias to zeros
Initialize generator.blocks.1.convs2.2.1.bias to zeros
Initialize generator.blocks.2.convs1.0.1.bias to zeros
Initialize generator.blocks.2.convs1.1.1.bias to zeros
Initialize generator.blocks.2.convs1.2.1.bias to zeros
Initialize generator.blocks.2.convs2.0.1.bias to zeros
Initialize generator.blocks.2.convs2.1.1.bias to zeros
Initialize generator.blocks.2.convs2.2.1.bias to zeros
Initialize generator.blocks.3.convs1.0.1.bias to zeros
Initialize generator.blocks.3.convs1.1.1.bias to zeros
Initialize generator.blocks.3.convs1.2.1.bias to zeros
Initialize generator.blocks.3.convs2.0.1.bias to zeros
Initialize generator.blocks.3.convs2.1.1.bias to zeros
Initialize generator.blocks.3.convs2.2.1.bias to zeros
Initialize generator.blocks.4.convs1.0.1.bias to zeros
Initialize generator.blocks.4.convs1.1.1.bias to zeros
Initialize generator.blocks.4.convs1.2.1.bias to zeros
Initialize generator.blocks.4.convs2.0.1.bias to zeros
Initialize generator.blocks.4.convs2.1.1.bias to zeros
Initialize generator.blocks.4.convs2.2.1.bias to zeros
Initialize generator.blocks.5.convs1.0.1.bias to zeros
Initialize generator.blocks.5.convs1.1.1.bias to zeros
Initialize generator.blocks.5.convs1.2.1.bias to zeros
Initialize generator.blocks.5.convs2.0.1.bias to zeros
Initialize generator.blocks.5.convs2.1.1.bias to zeros
Initialize generator.blocks.5.convs2.2.1.bias to zeros
Initialize generator.blocks.6.convs1.0.1.bias to zeros
Initialize generator.blocks.6.convs1.1.1.bias to zeros
Initialize generator.blocks.6.convs1.2.1.bias to zeros
Initialize generator.blocks.6.convs2.0.1.bias to zeros
Initialize generator.blocks.6.convs2.1.1.bias to zeros
Initialize generator.blocks.6.convs2.2.1.bias to zeros
Initialize generator.blocks.7.convs1.0.1.bias to zeros
Initialize generator.blocks.7.convs1.1.1.bias to zeros
Initialize generator.blocks.7.convs1.2.1.bias to zeros
Initialize generator.blocks.7.convs2.0.1.bias to zeros
Initialize generator.blocks.7.convs2.1.1.bias to zeros
Initialize generator.blocks.7.convs2.2.1.bias to zeros
Initialize generator.blocks.8.convs1.0.1.bias to zeros
Initialize generator.blocks.8.convs1.1.1.bias to zeros
Initialize generator.blocks.8.convs1.2.1.bias to zeros
Initialize generator.blocks.8.convs2.0.1.bias to zeros
Initialize generator.blocks.8.convs2.1.1.bias to zeros
Initialize generator.blocks.8.convs2.2.1.bias to zeros
Initialize generator.blocks.9.convs1.0.1.bias to zeros
Initialize generator.blocks.9.convs1.1.1.bias to zeros
Initialize generator.blocks.9.convs1.2.1.bias to zeros
Initialize generator.blocks.9.convs2.0.1.bias to zeros
Initialize generator.blocks.9.convs2.1.1.bias to zeros
Initialize generator.blocks.9.convs2.2.1.bias to zeros
Initialize generator.blocks.10.convs1.0.1.bias to zeros
Initialize generator.blocks.10.convs1.1.1.bias to zeros
Initialize generator.blocks.10.convs1.2.1.bias to zeros
Initialize generator.blocks.10.convs2.0.1.bias to zeros
Initialize generator.blocks.10.convs2.1.1.bias to zeros
Initialize generator.blocks.10.convs2.2.1.bias to zeros
Initialize generator.blocks.11.convs1.0.1.bias to zeros
Initialize generator.blocks.11.convs1.1.1.bias to zeros
Initialize generator.blocks.11.convs1.2.1.bias to zeros
Initialize generator.blocks.11.convs2.0.1.bias to zeros
Initialize generator.blocks.11.convs2.1.1.bias to zeros
Initialize generator.blocks.11.convs2.2.1.bias to zeros
Initialize generator.output_conv.1.bias to zeros
Traceback (most recent call last):
  File "/home/uesugi/miniconda3/envs/espnet_custom/lib/python3.9/runpy.py", line 197, in _run_module_as_main
    return _run_code(code, main_globals, None,
  File "/home/uesugi/miniconda3/envs/espnet_custom/lib/python3.9/runpy.py", line 87, in _run_code
    exec(code, run_globals)
  File "/home/uesugi/espnet-for-customize-jets/espnet2/bin/gan_tts_train.py", line 22, in <module>
    main()
  File "/home/uesugi/espnet-for-customize-jets/espnet2/bin/gan_tts_train.py", line 18, in main
    GANTTSTask.main(cmd=cmd)
  File "/home/uesugi/espnet-for-customize-jets/espnet2/tasks/abs_task.py", line 1225, in main
    cls.main_worker(args)
  File "/home/uesugi/espnet-for-customize-jets/espnet2/tasks/abs_task.py", line 1357, in main_worker
    model = cls.build_model(args=args)
  File "/home/uesugi/espnet-for-customize-jets/espnet2/tasks/gan_tts.py", line 386, in build_model
    d0_extract = d0_extract_class(
TypeError: __init__() got an unexpected keyword argument 'fmin'
# Accounting: time=73 threads=1
# Ended (code 1) at Tue Jul  1 10:36:23 JST 2025, elapsed time 73 seconds
# python3 -m espnet2.bin.gan_tts_train --collect_stats true --write_collected_feats true --use_preprocessor true --token_type phn --token_list dump/22.05k/token_list/phn_jaconv_pyopenjtalk_prosody/tokens.txt --non_linguistic_symbols none --cleaner jaconv --g2p pyopenjtalk_prosody --normalize none --pitch_normalize none --energy_normalize none --d0_normalize none --train_data_path_and_name_and_type dump/22.05k/raw/tr_no_dev/text,text,text --train_data_path_and_name_and_type dump/22.05k/raw/tr_no_dev/wav.scp,speech,sound --valid_data_path_and_name_and_type dump/22.05k/raw/dev/text,text,text --valid_data_path_and_name_and_type dump/22.05k/raw/dev/wav.scp,speech,sound --train_shape_file exp/22.05k/tts_stats_raw_phn_jaconv_pyopenjtalk_prosody/logdir/train.7.scp --valid_shape_file exp/22.05k/tts_stats_raw_phn_jaconv_pyopenjtalk_prosody/logdir/valid.7.scp --output_dir exp/22.05k/tts_stats_raw_phn_jaconv_pyopenjtalk_prosody/logdir/stats.7 --config conf/tuning/train_jets_22.05k.yaml --feats_extract fbank --feats_extract_conf n_fft=1024 --feats_extract_conf hop_length=256 --feats_extract_conf win_length=null --feats_extract_conf fs=22050 --feats_extract_conf fmin=80 --feats_extract_conf fmax=7600 --feats_extract_conf n_mels=80 --pitch_extract_conf fs=22050 --pitch_extract_conf n_fft=1024 --pitch_extract_conf hop_length=256 --pitch_extract_conf f0max=400 --pitch_extract_conf f0min=80 --energy_extract_conf fs=22050 --energy_extract_conf n_fft=1024 --energy_extract_conf hop_length=256 --energy_extract_conf win_length=null --d0_extract_conf fs=22050 --d0_extract_conf n_fft=1024 --d0_extract_conf hop_length=256 --d0_extract_conf win_length=null --d0_extract_conf fmin=80 --d0_extract_conf fmax=7600 --d0_extract_conf n_mels=80 
# Started at Tue Jul  1 10:35:09 JST 2025
#
/home/uesugi/miniconda3/envs/espnet_custom/bin/python3 /home/uesugi/espnet-for-customize-jets/espnet2/bin/gan_tts_train.py --collect_stats true --write_collected_feats true --use_preprocessor true --token_type phn --token_list dump/22.05k/token_list/phn_jaconv_pyopenjtalk_prosody/tokens.txt --non_linguistic_symbols none --cleaner jaconv --g2p pyopenjtalk_prosody --normalize none --pitch_normalize none --energy_normalize none --d0_normalize none --train_data_path_and_name_and_type dump/22.05k/raw/tr_no_dev/text,text,text --train_data_path_and_name_and_type dump/22.05k/raw/tr_no_dev/wav.scp,speech,sound --valid_data_path_and_name_and_type dump/22.05k/raw/dev/text,text,text --valid_data_path_and_name_and_type dump/22.05k/raw/dev/wav.scp,speech,sound --train_shape_file exp/22.05k/tts_stats_raw_phn_jaconv_pyopenjtalk_prosody/logdir/train.7.scp --valid_shape_file exp/22.05k/tts_stats_raw_phn_jaconv_pyopenjtalk_prosody/logdir/valid.7.scp --output_dir exp/22.05k/tts_stats_raw_phn_jaconv_pyopenjtalk_prosody/logdir/stats.7 --config conf/tuning/train_jets_22.05k.yaml --feats_extract fbank --feats_extract_conf n_fft=1024 --feats_extract_conf hop_length=256 --feats_extract_conf win_length=null --feats_extract_conf fs=22050 --feats_extract_conf fmin=80 --feats_extract_conf fmax=7600 --feats_extract_conf n_mels=80 --pitch_extract_conf fs=22050 --pitch_extract_conf n_fft=1024 --pitch_extract_conf hop_length=256 --pitch_extract_conf f0max=400 --pitch_extract_conf f0min=80 --energy_extract_conf fs=22050 --energy_extract_conf n_fft=1024 --energy_extract_conf hop_length=256 --energy_extract_conf win_length=null --d0_extract_conf fs=22050 --d0_extract_conf n_fft=1024 --d0_extract_conf hop_length=256 --d0_extract_conf win_length=null --d0_extract_conf fmin=80 --d0_extract_conf fmax=7600 --d0_extract_conf n_mels=80
Failed to import Flash Attention, using ESPnet default: libcudart.so.12: cannot open shared object file: No such file or directory
Vocabulary size: 47
encoder self-attention layer type = self-attention
encoder self-attention layer type = self-attention
/home/uesugi/miniconda3/envs/espnet_custom/lib/python3.9/site-packages/torch/nn/utils/weight_norm.py:143: FutureWarning: `torch.nn.utils.weight_norm` is deprecated in favor of `torch.nn.utils.parametrizations.weight_norm`.
  WeightNorm.apply(module, name, dim)
Initialize encoder.encoders.0.self_attn.linear_q.bias to zeros
Initialize encoder.encoders.0.self_attn.linear_k.bias to zeros
Initialize encoder.encoders.0.self_attn.linear_v.bias to zeros
Initialize encoder.encoders.0.self_attn.linear_out.bias to zeros
Initialize encoder.encoders.0.feed_forward.w_1.bias to zeros
Initialize encoder.encoders.0.feed_forward.w_2.bias to zeros
Initialize encoder.encoders.0.norm1.bias to zeros
Initialize encoder.encoders.0.norm2.bias to zeros
Initialize encoder.encoders.1.self_attn.linear_q.bias to zeros
Initialize encoder.encoders.1.self_attn.linear_k.bias to zeros
Initialize encoder.encoders.1.self_attn.linear_v.bias to zeros
Initialize encoder.encoders.1.self_attn.linear_out.bias to zeros
Initialize encoder.encoders.1.feed_forward.w_1.bias to zeros
Initialize encoder.encoders.1.feed_forward.w_2.bias to zeros
Initialize encoder.encoders.1.norm1.bias to zeros
Initialize encoder.encoders.1.norm2.bias to zeros
Initialize encoder.encoders.2.self_attn.linear_q.bias to zeros
Initialize encoder.encoders.2.self_attn.linear_k.bias to zeros
Initialize encoder.encoders.2.self_attn.linear_v.bias to zeros
Initialize encoder.encoders.2.self_attn.linear_out.bias to zeros
Initialize encoder.encoders.2.feed_forward.w_1.bias to zeros
Initialize encoder.encoders.2.feed_forward.w_2.bias to zeros
Initialize encoder.encoders.2.norm1.bias to zeros
Initialize encoder.encoders.2.norm2.bias to zeros
Initialize encoder.encoders.3.self_attn.linear_q.bias to zeros
Initialize encoder.encoders.3.self_attn.linear_k.bias to zeros
Initialize encoder.encoders.3.self_attn.linear_v.bias to zeros
Initialize encoder.encoders.3.self_attn.linear_out.bias to zeros
Initialize encoder.encoders.3.feed_forward.w_1.bias to zeros
Initialize encoder.encoders.3.feed_forward.w_2.bias to zeros
Initialize encoder.encoders.3.norm1.bias to zeros
Initialize encoder.encoders.3.norm2.bias to zeros
Initialize encoder.after_norm.bias to zeros
Initialize duration_predictor.conv.0.0.bias to zeros
Initialize duration_predictor.conv.0.2.bias to zeros
Initialize duration_predictor.conv.1.0.bias to zeros
Initialize duration_predictor.conv.1.2.bias to zeros
Initialize duration_predictor.linear.bias to zeros
Initialize pitch_predictor.conv.0.0.bias to zeros
Initialize pitch_predictor.conv.0.2.bias to zeros
Initialize pitch_predictor.conv.1.0.bias to zeros
Initialize pitch_predictor.conv.1.2.bias to zeros
Initialize pitch_predictor.conv.2.0.bias to zeros
Initialize pitch_predictor.conv.2.2.bias to zeros
Initialize pitch_predictor.conv.3.0.bias to zeros
Initialize pitch_predictor.conv.3.2.bias to zeros
Initialize pitch_predictor.conv.4.0.bias to zeros
Initialize pitch_predictor.conv.4.2.bias to zeros
Initialize pitch_predictor.linear.bias to zeros
Initialize pitch_embed.0.bias to zeros
Initialize energy_predictor.conv.0.0.bias to zeros
Initialize energy_predictor.conv.0.2.bias to zeros
Initialize energy_predictor.conv.1.0.bias to zeros
Initialize energy_predictor.conv.1.2.bias to zeros
Initialize energy_predictor.linear.bias to zeros
Initialize energy_embed.0.bias to zeros
Initialize d0_predictor.conv.0.0.bias to zeros
Initialize d0_predictor.conv.0.2.bias to zeros
Initialize d0_predictor.conv.1.0.bias to zeros
Initialize d0_predictor.conv.1.2.bias to zeros
Initialize d0_predictor.linear.bias to zeros
Initialize d0_embed.0.bias to zeros
Initialize alignment_module.t_conv1.bias to zeros
Initialize alignment_module.t_conv2.bias to zeros
Initialize alignment_module.f_conv1.bias to zeros
Initialize alignment_module.f_conv2.bias to zeros
Initialize alignment_module.f_conv3.bias to zeros
Initialize decoder.encoders.0.self_attn.linear_q.bias to zeros
Initialize decoder.encoders.0.self_attn.linear_k.bias to zeros
Initialize decoder.encoders.0.self_attn.linear_v.bias to zeros
Initialize decoder.encoders.0.self_attn.linear_out.bias to zeros
Initialize decoder.encoders.0.feed_forward.w_1.bias to zeros
Initialize decoder.encoders.0.feed_forward.w_2.bias to zeros
Initialize decoder.encoders.0.norm1.bias to zeros
Initialize decoder.encoders.0.norm2.bias to zeros
Initialize decoder.encoders.1.self_attn.linear_q.bias to zeros
Initialize decoder.encoders.1.self_attn.linear_k.bias to zeros
Initialize decoder.encoders.1.self_attn.linear_v.bias to zeros
Initialize decoder.encoders.1.self_attn.linear_out.bias to zeros
Initialize decoder.encoders.1.feed_forward.w_1.bias to zeros
Initialize decoder.encoders.1.feed_forward.w_2.bias to zeros
Initialize decoder.encoders.1.norm1.bias to zeros
Initialize decoder.encoders.1.norm2.bias to zeros
Initialize decoder.encoders.2.self_attn.linear_q.bias to zeros
Initialize decoder.encoders.2.self_attn.linear_k.bias to zeros
Initialize decoder.encoders.2.self_attn.linear_v.bias to zeros
Initialize decoder.encoders.2.self_attn.linear_out.bias to zeros
Initialize decoder.encoders.2.feed_forward.w_1.bias to zeros
Initialize decoder.encoders.2.feed_forward.w_2.bias to zeros
Initialize decoder.encoders.2.norm1.bias to zeros
Initialize decoder.encoders.2.norm2.bias to zeros
Initialize decoder.encoders.3.self_attn.linear_q.bias to zeros
Initialize decoder.encoders.3.self_attn.linear_k.bias to zeros
Initialize decoder.encoders.3.self_attn.linear_v.bias to zeros
Initialize decoder.encoders.3.self_attn.linear_out.bias to zeros
Initialize decoder.encoders.3.feed_forward.w_1.bias to zeros
Initialize decoder.encoders.3.feed_forward.w_2.bias to zeros
Initialize decoder.encoders.3.norm1.bias to zeros
Initialize decoder.encoders.3.norm2.bias to zeros
Initialize decoder.after_norm.bias to zeros
Initialize generator.input_conv.bias to zeros
Initialize generator.upsamples.0.1.bias to zeros
Initialize generator.upsamples.1.1.bias to zeros
Initialize generator.upsamples.2.1.bias to zeros
Initialize generator.upsamples.3.1.bias to zeros
Initialize generator.blocks.0.convs1.0.1.bias to zeros
Initialize generator.blocks.0.convs1.1.1.bias to zeros
Initialize generator.blocks.0.convs1.2.1.bias to zeros
Initialize generator.blocks.0.convs2.0.1.bias to zeros
Initialize generator.blocks.0.convs2.1.1.bias to zeros
Initialize generator.blocks.0.convs2.2.1.bias to zeros
Initialize generator.blocks.1.convs1.0.1.bias to zeros
Initialize generator.blocks.1.convs1.1.1.bias to zeros
Initialize generator.blocks.1.convs1.2.1.bias to zeros
Initialize generator.blocks.1.convs2.0.1.bias to zeros
Initialize generator.blocks.1.convs2.1.1.bias to zeros
Initialize generator.blocks.1.convs2.2.1.bias to zeros
Initialize generator.blocks.2.convs1.0.1.bias to zeros
Initialize generator.blocks.2.convs1.1.1.bias to zeros
Initialize generator.blocks.2.convs1.2.1.bias to zeros
Initialize generator.blocks.2.convs2.0.1.bias to zeros
Initialize generator.blocks.2.convs2.1.1.bias to zeros
Initialize generator.blocks.2.convs2.2.1.bias to zeros
Initialize generator.blocks.3.convs1.0.1.bias to zeros
Initialize generator.blocks.3.convs1.1.1.bias to zeros
Initialize generator.blocks.3.convs1.2.1.bias to zeros
Initialize generator.blocks.3.convs2.0.1.bias to zeros
Initialize generator.blocks.3.convs2.1.1.bias to zeros
Initialize generator.blocks.3.convs2.2.1.bias to zeros
Initialize generator.blocks.4.convs1.0.1.bias to zeros
Initialize generator.blocks.4.convs1.1.1.bias to zeros
Initialize generator.blocks.4.convs1.2.1.bias to zeros
Initialize generator.blocks.4.convs2.0.1.bias to zeros
Initialize generator.blocks.4.convs2.1.1.bias to zeros
Initialize generator.blocks.4.convs2.2.1.bias to zeros
Initialize generator.blocks.5.convs1.0.1.bias to zeros
Initialize generator.blocks.5.convs1.1.1.bias to zeros
Initialize generator.blocks.5.convs1.2.1.bias to zeros
Initialize generator.blocks.5.convs2.0.1.bias to zeros
Initialize generator.blocks.5.convs2.1.1.bias to zeros
Initialize generator.blocks.5.convs2.2.1.bias to zeros
Initialize generator.blocks.6.convs1.0.1.bias to zeros
Initialize generator.blocks.6.convs1.1.1.bias to zeros
Initialize generator.blocks.6.convs1.2.1.bias to zeros
Initialize generator.blocks.6.convs2.0.1.bias to zeros
Initialize generator.blocks.6.convs2.1.1.bias to zeros
Initialize generator.blocks.6.convs2.2.1.bias to zeros
Initialize generator.blocks.7.convs1.0.1.bias to zeros
Initialize generator.blocks.7.convs1.1.1.bias to zeros
Initialize generator.blocks.7.convs1.2.1.bias to zeros
Initialize generator.blocks.7.convs2.0.1.bias to zeros
Initialize generator.blocks.7.convs2.1.1.bias to zeros
Initialize generator.blocks.7.convs2.2.1.bias to zeros
Initialize generator.blocks.8.convs1.0.1.bias to zeros
Initialize generator.blocks.8.convs1.1.1.bias to zeros
Initialize generator.blocks.8.convs1.2.1.bias to zeros
Initialize generator.blocks.8.convs2.0.1.bias to zeros
Initialize generator.blocks.8.convs2.1.1.bias to zeros
Initialize generator.blocks.8.convs2.2.1.bias to zeros
Initialize generator.blocks.9.convs1.0.1.bias to zeros
Initialize generator.blocks.9.convs1.1.1.bias to zeros
Initialize generator.blocks.9.convs1.2.1.bias to zeros
Initialize generator.blocks.9.convs2.0.1.bias to zeros
Initialize generator.blocks.9.convs2.1.1.bias to zeros
Initialize generator.blocks.9.convs2.2.1.bias to zeros
Initialize generator.blocks.10.convs1.0.1.bias to zeros
Initialize generator.blocks.10.convs1.1.1.bias to zeros
Initialize generator.blocks.10.convs1.2.1.bias to zeros
Initialize generator.blocks.10.convs2.0.1.bias to zeros
Initialize generator.blocks.10.convs2.1.1.bias to zeros
Initialize generator.blocks.10.convs2.2.1.bias to zeros
Initialize generator.blocks.11.convs1.0.1.bias to zeros
Initialize generator.blocks.11.convs1.1.1.bias to zeros
Initialize generator.blocks.11.convs1.2.1.bias to zeros
Initialize generator.blocks.11.convs2.0.1.bias to zeros
Initialize generator.blocks.11.convs2.1.1.bias to zeros
Initialize generator.blocks.11.convs2.2.1.bias to zeros
Initialize generator.output_conv.1.bias to zeros
Traceback (most recent call last):
  File "/home/uesugi/miniconda3/envs/espnet_custom/lib/python3.9/runpy.py", line 197, in _run_module_as_main
    return _run_code(code, main_globals, None,
  File "/home/uesugi/miniconda3/envs/espnet_custom/lib/python3.9/runpy.py", line 87, in _run_code
    exec(code, run_globals)
  File "/home/uesugi/espnet-for-customize-jets/espnet2/bin/gan_tts_train.py", line 22, in <module>
    main()
  File "/home/uesugi/espnet-for-customize-jets/espnet2/bin/gan_tts_train.py", line 18, in main
    GANTTSTask.main(cmd=cmd)
  File "/home/uesugi/espnet-for-customize-jets/espnet2/tasks/abs_task.py", line 1225, in main
    cls.main_worker(args)
  File "/home/uesugi/espnet-for-customize-jets/espnet2/tasks/abs_task.py", line 1357, in main_worker
    model = cls.build_model(args=args)
  File "/home/uesugi/espnet-for-customize-jets/espnet2/tasks/gan_tts.py", line 386, in build_model
    d0_extract = d0_extract_class(
TypeError: __init__() got an unexpected keyword argument 'fmin'
# Accounting: time=81 threads=1
# Ended (code 1) at Tue Jul  1 10:36:31 JST 2025, elapsed time 81 seconds
# python3 -m espnet2.bin.gan_tts_train --collect_stats true --write_collected_feats true --use_preprocessor true --token_type phn --token_list dump/22.05k/token_list/phn_jaconv_pyopenjtalk_prosody/tokens.txt --non_linguistic_symbols none --cleaner jaconv --g2p pyopenjtalk_prosody --normalize none --pitch_normalize none --energy_normalize none --d0_normalize none --train_data_path_and_name_and_type dump/22.05k/raw/tr_no_dev/text,text,text --train_data_path_and_name_and_type dump/22.05k/raw/tr_no_dev/wav.scp,speech,sound --valid_data_path_and_name_and_type dump/22.05k/raw/dev/text,text,text --valid_data_path_and_name_and_type dump/22.05k/raw/dev/wav.scp,speech,sound --train_shape_file exp/22.05k/tts_stats_raw_phn_jaconv_pyopenjtalk_prosody/logdir/train.8.scp --valid_shape_file exp/22.05k/tts_stats_raw_phn_jaconv_pyopenjtalk_prosody/logdir/valid.8.scp --output_dir exp/22.05k/tts_stats_raw_phn_jaconv_pyopenjtalk_prosody/logdir/stats.8 --config conf/tuning/train_jets_22.05k.yaml --feats_extract fbank --feats_extract_conf n_fft=1024 --feats_extract_conf hop_length=256 --feats_extract_conf win_length=null --feats_extract_conf fs=22050 --feats_extract_conf fmin=80 --feats_extract_conf fmax=7600 --feats_extract_conf n_mels=80 --pitch_extract_conf fs=22050 --pitch_extract_conf n_fft=1024 --pitch_extract_conf hop_length=256 --pitch_extract_conf f0max=400 --pitch_extract_conf f0min=80 --energy_extract_conf fs=22050 --energy_extract_conf n_fft=1024 --energy_extract_conf hop_length=256 --energy_extract_conf win_length=null --d0_extract_conf fs=22050 --d0_extract_conf n_fft=1024 --d0_extract_conf hop_length=256 --d0_extract_conf win_length=null --d0_extract_conf fmin=80 --d0_extract_conf fmax=7600 --d0_extract_conf n_mels=80 
# Started at Tue Jul  1 10:35:09 JST 2025
#
/home/uesugi/miniconda3/envs/espnet_custom/bin/python3 /home/uesugi/espnet-for-customize-jets/espnet2/bin/gan_tts_train.py --collect_stats true --write_collected_feats true --use_preprocessor true --token_type phn --token_list dump/22.05k/token_list/phn_jaconv_pyopenjtalk_prosody/tokens.txt --non_linguistic_symbols none --cleaner jaconv --g2p pyopenjtalk_prosody --normalize none --pitch_normalize none --energy_normalize none --d0_normalize none --train_data_path_and_name_and_type dump/22.05k/raw/tr_no_dev/text,text,text --train_data_path_and_name_and_type dump/22.05k/raw/tr_no_dev/wav.scp,speech,sound --valid_data_path_and_name_and_type dump/22.05k/raw/dev/text,text,text --valid_data_path_and_name_and_type dump/22.05k/raw/dev/wav.scp,speech,sound --train_shape_file exp/22.05k/tts_stats_raw_phn_jaconv_pyopenjtalk_prosody/logdir/train.8.scp --valid_shape_file exp/22.05k/tts_stats_raw_phn_jaconv_pyopenjtalk_prosody/logdir/valid.8.scp --output_dir exp/22.05k/tts_stats_raw_phn_jaconv_pyopenjtalk_prosody/logdir/stats.8 --config conf/tuning/train_jets_22.05k.yaml --feats_extract fbank --feats_extract_conf n_fft=1024 --feats_extract_conf hop_length=256 --feats_extract_conf win_length=null --feats_extract_conf fs=22050 --feats_extract_conf fmin=80 --feats_extract_conf fmax=7600 --feats_extract_conf n_mels=80 --pitch_extract_conf fs=22050 --pitch_extract_conf n_fft=1024 --pitch_extract_conf hop_length=256 --pitch_extract_conf f0max=400 --pitch_extract_conf f0min=80 --energy_extract_conf fs=22050 --energy_extract_conf n_fft=1024 --energy_extract_conf hop_length=256 --energy_extract_conf win_length=null --d0_extract_conf fs=22050 --d0_extract_conf n_fft=1024 --d0_extract_conf hop_length=256 --d0_extract_conf win_length=null --d0_extract_conf fmin=80 --d0_extract_conf fmax=7600 --d0_extract_conf n_mels=80
Failed to import Flash Attention, using ESPnet default: libcudart.so.12: cannot open shared object file: No such file or directory
Vocabulary size: 47
encoder self-attention layer type = self-attention
encoder self-attention layer type = self-attention
/home/uesugi/miniconda3/envs/espnet_custom/lib/python3.9/site-packages/torch/nn/utils/weight_norm.py:143: FutureWarning: `torch.nn.utils.weight_norm` is deprecated in favor of `torch.nn.utils.parametrizations.weight_norm`.
  WeightNorm.apply(module, name, dim)
Initialize encoder.encoders.0.self_attn.linear_q.bias to zeros
Initialize encoder.encoders.0.self_attn.linear_k.bias to zeros
Initialize encoder.encoders.0.self_attn.linear_v.bias to zeros
Initialize encoder.encoders.0.self_attn.linear_out.bias to zeros
Initialize encoder.encoders.0.feed_forward.w_1.bias to zeros
Initialize encoder.encoders.0.feed_forward.w_2.bias to zeros
Initialize encoder.encoders.0.norm1.bias to zeros
Initialize encoder.encoders.0.norm2.bias to zeros
Initialize encoder.encoders.1.self_attn.linear_q.bias to zeros
Initialize encoder.encoders.1.self_attn.linear_k.bias to zeros
Initialize encoder.encoders.1.self_attn.linear_v.bias to zeros
Initialize encoder.encoders.1.self_attn.linear_out.bias to zeros
Initialize encoder.encoders.1.feed_forward.w_1.bias to zeros
Initialize encoder.encoders.1.feed_forward.w_2.bias to zeros
Initialize encoder.encoders.1.norm1.bias to zeros
Initialize encoder.encoders.1.norm2.bias to zeros
Initialize encoder.encoders.2.self_attn.linear_q.bias to zeros
Initialize encoder.encoders.2.self_attn.linear_k.bias to zeros
Initialize encoder.encoders.2.self_attn.linear_v.bias to zeros
Initialize encoder.encoders.2.self_attn.linear_out.bias to zeros
Initialize encoder.encoders.2.feed_forward.w_1.bias to zeros
Initialize encoder.encoders.2.feed_forward.w_2.bias to zeros
Initialize encoder.encoders.2.norm1.bias to zeros
Initialize encoder.encoders.2.norm2.bias to zeros
Initialize encoder.encoders.3.self_attn.linear_q.bias to zeros
Initialize encoder.encoders.3.self_attn.linear_k.bias to zeros
Initialize encoder.encoders.3.self_attn.linear_v.bias to zeros
Initialize encoder.encoders.3.self_attn.linear_out.bias to zeros
Initialize encoder.encoders.3.feed_forward.w_1.bias to zeros
Initialize encoder.encoders.3.feed_forward.w_2.bias to zeros
Initialize encoder.encoders.3.norm1.bias to zeros
Initialize encoder.encoders.3.norm2.bias to zeros
Initialize encoder.after_norm.bias to zeros
Initialize duration_predictor.conv.0.0.bias to zeros
Initialize duration_predictor.conv.0.2.bias to zeros
Initialize duration_predictor.conv.1.0.bias to zeros
Initialize duration_predictor.conv.1.2.bias to zeros
Initialize duration_predictor.linear.bias to zeros
Initialize pitch_predictor.conv.0.0.bias to zeros
Initialize pitch_predictor.conv.0.2.bias to zeros
Initialize pitch_predictor.conv.1.0.bias to zeros
Initialize pitch_predictor.conv.1.2.bias to zeros
Initialize pitch_predictor.conv.2.0.bias to zeros
Initialize pitch_predictor.conv.2.2.bias to zeros
Initialize pitch_predictor.conv.3.0.bias to zeros
Initialize pitch_predictor.conv.3.2.bias to zeros
Initialize pitch_predictor.conv.4.0.bias to zeros
Initialize pitch_predictor.conv.4.2.bias to zeros
Initialize pitch_predictor.linear.bias to zeros
Initialize pitch_embed.0.bias to zeros
Initialize energy_predictor.conv.0.0.bias to zeros
Initialize energy_predictor.conv.0.2.bias to zeros
Initialize energy_predictor.conv.1.0.bias to zeros
Initialize energy_predictor.conv.1.2.bias to zeros
Initialize energy_predictor.linear.bias to zeros
Initialize energy_embed.0.bias to zeros
Initialize d0_predictor.conv.0.0.bias to zeros
Initialize d0_predictor.conv.0.2.bias to zeros
Initialize d0_predictor.conv.1.0.bias to zeros
Initialize d0_predictor.conv.1.2.bias to zeros
Initialize d0_predictor.linear.bias to zeros
Initialize d0_embed.0.bias to zeros
Initialize alignment_module.t_conv1.bias to zeros
Initialize alignment_module.t_conv2.bias to zeros
Initialize alignment_module.f_conv1.bias to zeros
Initialize alignment_module.f_conv2.bias to zeros
Initialize alignment_module.f_conv3.bias to zeros
Initialize decoder.encoders.0.self_attn.linear_q.bias to zeros
Initialize decoder.encoders.0.self_attn.linear_k.bias to zeros
Initialize decoder.encoders.0.self_attn.linear_v.bias to zeros
Initialize decoder.encoders.0.self_attn.linear_out.bias to zeros
Initialize decoder.encoders.0.feed_forward.w_1.bias to zeros
Initialize decoder.encoders.0.feed_forward.w_2.bias to zeros
Initialize decoder.encoders.0.norm1.bias to zeros
Initialize decoder.encoders.0.norm2.bias to zeros
Initialize decoder.encoders.1.self_attn.linear_q.bias to zeros
Initialize decoder.encoders.1.self_attn.linear_k.bias to zeros
Initialize decoder.encoders.1.self_attn.linear_v.bias to zeros
Initialize decoder.encoders.1.self_attn.linear_out.bias to zeros
Initialize decoder.encoders.1.feed_forward.w_1.bias to zeros
Initialize decoder.encoders.1.feed_forward.w_2.bias to zeros
Initialize decoder.encoders.1.norm1.bias to zeros
Initialize decoder.encoders.1.norm2.bias to zeros
Initialize decoder.encoders.2.self_attn.linear_q.bias to zeros
Initialize decoder.encoders.2.self_attn.linear_k.bias to zeros
Initialize decoder.encoders.2.self_attn.linear_v.bias to zeros
Initialize decoder.encoders.2.self_attn.linear_out.bias to zeros
Initialize decoder.encoders.2.feed_forward.w_1.bias to zeros
Initialize decoder.encoders.2.feed_forward.w_2.bias to zeros
Initialize decoder.encoders.2.norm1.bias to zeros
Initialize decoder.encoders.2.norm2.bias to zeros
Initialize decoder.encoders.3.self_attn.linear_q.bias to zeros
Initialize decoder.encoders.3.self_attn.linear_k.bias to zeros
Initialize decoder.encoders.3.self_attn.linear_v.bias to zeros
Initialize decoder.encoders.3.self_attn.linear_out.bias to zeros
Initialize decoder.encoders.3.feed_forward.w_1.bias to zeros
Initialize decoder.encoders.3.feed_forward.w_2.bias to zeros
Initialize decoder.encoders.3.norm1.bias to zeros
Initialize decoder.encoders.3.norm2.bias to zeros
Initialize decoder.after_norm.bias to zeros
Initialize generator.input_conv.bias to zeros
Initialize generator.upsamples.0.1.bias to zeros
Initialize generator.upsamples.1.1.bias to zeros
Initialize generator.upsamples.2.1.bias to zeros
Initialize generator.upsamples.3.1.bias to zeros
Initialize generator.blocks.0.convs1.0.1.bias to zeros
Initialize generator.blocks.0.convs1.1.1.bias to zeros
Initialize generator.blocks.0.convs1.2.1.bias to zeros
Initialize generator.blocks.0.convs2.0.1.bias to zeros
Initialize generator.blocks.0.convs2.1.1.bias to zeros
Initialize generator.blocks.0.convs2.2.1.bias to zeros
Initialize generator.blocks.1.convs1.0.1.bias to zeros
Initialize generator.blocks.1.convs1.1.1.bias to zeros
Initialize generator.blocks.1.convs1.2.1.bias to zeros
Initialize generator.blocks.1.convs2.0.1.bias to zeros
Initialize generator.blocks.1.convs2.1.1.bias to zeros
Initialize generator.blocks.1.convs2.2.1.bias to zeros
Initialize generator.blocks.2.convs1.0.1.bias to zeros
Initialize generator.blocks.2.convs1.1.1.bias to zeros
Initialize generator.blocks.2.convs1.2.1.bias to zeros
Initialize generator.blocks.2.convs2.0.1.bias to zeros
Initialize generator.blocks.2.convs2.1.1.bias to zeros
Initialize generator.blocks.2.convs2.2.1.bias to zeros
Initialize generator.blocks.3.convs1.0.1.bias to zeros
Initialize generator.blocks.3.convs1.1.1.bias to zeros
Initialize generator.blocks.3.convs1.2.1.bias to zeros
Initialize generator.blocks.3.convs2.0.1.bias to zeros
Initialize generator.blocks.3.convs2.1.1.bias to zeros
Initialize generator.blocks.3.convs2.2.1.bias to zeros
Initialize generator.blocks.4.convs1.0.1.bias to zeros
Initialize generator.blocks.4.convs1.1.1.bias to zeros
Initialize generator.blocks.4.convs1.2.1.bias to zeros
Initialize generator.blocks.4.convs2.0.1.bias to zeros
Initialize generator.blocks.4.convs2.1.1.bias to zeros
Initialize generator.blocks.4.convs2.2.1.bias to zeros
Initialize generator.blocks.5.convs1.0.1.bias to zeros
Initialize generator.blocks.5.convs1.1.1.bias to zeros
Initialize generator.blocks.5.convs1.2.1.bias to zeros
Initialize generator.blocks.5.convs2.0.1.bias to zeros
Initialize generator.blocks.5.convs2.1.1.bias to zeros
Initialize generator.blocks.5.convs2.2.1.bias to zeros
Initialize generator.blocks.6.convs1.0.1.bias to zeros
Initialize generator.blocks.6.convs1.1.1.bias to zeros
Initialize generator.blocks.6.convs1.2.1.bias to zeros
Initialize generator.blocks.6.convs2.0.1.bias to zeros
Initialize generator.blocks.6.convs2.1.1.bias to zeros
Initialize generator.blocks.6.convs2.2.1.bias to zeros
Initialize generator.blocks.7.convs1.0.1.bias to zeros
Initialize generator.blocks.7.convs1.1.1.bias to zeros
Initialize generator.blocks.7.convs1.2.1.bias to zeros
Initialize generator.blocks.7.convs2.0.1.bias to zeros
Initialize generator.blocks.7.convs2.1.1.bias to zeros
Initialize generator.blocks.7.convs2.2.1.bias to zeros
Initialize generator.blocks.8.convs1.0.1.bias to zeros
Initialize generator.blocks.8.convs1.1.1.bias to zeros
Initialize generator.blocks.8.convs1.2.1.bias to zeros
Initialize generator.blocks.8.convs2.0.1.bias to zeros
Initialize generator.blocks.8.convs2.1.1.bias to zeros
Initialize generator.blocks.8.convs2.2.1.bias to zeros
Initialize generator.blocks.9.convs1.0.1.bias to zeros
Initialize generator.blocks.9.convs1.1.1.bias to zeros
Initialize generator.blocks.9.convs1.2.1.bias to zeros
Initialize generator.blocks.9.convs2.0.1.bias to zeros
Initialize generator.blocks.9.convs2.1.1.bias to zeros
Initialize generator.blocks.9.convs2.2.1.bias to zeros
Initialize generator.blocks.10.convs1.0.1.bias to zeros
Initialize generator.blocks.10.convs1.1.1.bias to zeros
Initialize generator.blocks.10.convs1.2.1.bias to zeros
Initialize generator.blocks.10.convs2.0.1.bias to zeros
Initialize generator.blocks.10.convs2.1.1.bias to zeros
Initialize generator.blocks.10.convs2.2.1.bias to zeros
Initialize generator.blocks.11.convs1.0.1.bias to zeros
Initialize generator.blocks.11.convs1.1.1.bias to zeros
Initialize generator.blocks.11.convs1.2.1.bias to zeros
Initialize generator.blocks.11.convs2.0.1.bias to zeros
Initialize generator.blocks.11.convs2.1.1.bias to zeros
Initialize generator.blocks.11.convs2.2.1.bias to zeros
Initialize generator.output_conv.1.bias to zeros
Traceback (most recent call last):
  File "/home/uesugi/miniconda3/envs/espnet_custom/lib/python3.9/runpy.py", line 197, in _run_module_as_main
    return _run_code(code, main_globals, None,
  File "/home/uesugi/miniconda3/envs/espnet_custom/lib/python3.9/runpy.py", line 87, in _run_code
    exec(code, run_globals)
  File "/home/uesugi/espnet-for-customize-jets/espnet2/bin/gan_tts_train.py", line 22, in <module>
    main()
  File "/home/uesugi/espnet-for-customize-jets/espnet2/bin/gan_tts_train.py", line 18, in main
    GANTTSTask.main(cmd=cmd)
  File "/home/uesugi/espnet-for-customize-jets/espnet2/tasks/abs_task.py", line 1225, in main
    cls.main_worker(args)
  File "/home/uesugi/espnet-for-customize-jets/espnet2/tasks/abs_task.py", line 1357, in main_worker
    model = cls.build_model(args=args)
  File "/home/uesugi/espnet-for-customize-jets/espnet2/tasks/gan_tts.py", line 386, in build_model
    d0_extract = d0_extract_class(
TypeError: __init__() got an unexpected keyword argument 'fmin'
# Accounting: time=82 threads=1
# Ended (code 1) at Tue Jul  1 10:36:32 JST 2025, elapsed time 82 seconds
# python3 -m espnet2.bin.gan_tts_train --collect_stats true --write_collected_feats true --use_preprocessor true --token_type phn --token_list dump/22.05k/token_list/phn_jaconv_pyopenjtalk_prosody/tokens.txt --non_linguistic_symbols none --cleaner jaconv --g2p pyopenjtalk_prosody --normalize none --pitch_normalize none --energy_normalize none --d0_normalize none --train_data_path_and_name_and_type dump/22.05k/raw/tr_no_dev/text,text,text --train_data_path_and_name_and_type dump/22.05k/raw/tr_no_dev/wav.scp,speech,sound --valid_data_path_and_name_and_type dump/22.05k/raw/dev/text,text,text --valid_data_path_and_name_and_type dump/22.05k/raw/dev/wav.scp,speech,sound --train_shape_file exp/22.05k/tts_stats_raw_phn_jaconv_pyopenjtalk_prosody/logdir/train.9.scp --valid_shape_file exp/22.05k/tts_stats_raw_phn_jaconv_pyopenjtalk_prosody/logdir/valid.9.scp --output_dir exp/22.05k/tts_stats_raw_phn_jaconv_pyopenjtalk_prosody/logdir/stats.9 --config conf/tuning/train_jets_22.05k.yaml --feats_extract fbank --feats_extract_conf n_fft=1024 --feats_extract_conf hop_length=256 --feats_extract_conf win_length=null --feats_extract_conf fs=22050 --feats_extract_conf fmin=80 --feats_extract_conf fmax=7600 --feats_extract_conf n_mels=80 --pitch_extract_conf fs=22050 --pitch_extract_conf n_fft=1024 --pitch_extract_conf hop_length=256 --pitch_extract_conf f0max=400 --pitch_extract_conf f0min=80 --energy_extract_conf fs=22050 --energy_extract_conf n_fft=1024 --energy_extract_conf hop_length=256 --energy_extract_conf win_length=null --d0_extract_conf fs=22050 --d0_extract_conf n_fft=1024 --d0_extract_conf hop_length=256 --d0_extract_conf win_length=null --d0_extract_conf fmin=80 --d0_extract_conf fmax=7600 --d0_extract_conf n_mels=80 
# Started at Tue Jul  1 10:35:10 JST 2025
#
/home/uesugi/miniconda3/envs/espnet_custom/bin/python3 /home/uesugi/espnet-for-customize-jets/espnet2/bin/gan_tts_train.py --collect_stats true --write_collected_feats true --use_preprocessor true --token_type phn --token_list dump/22.05k/token_list/phn_jaconv_pyopenjtalk_prosody/tokens.txt --non_linguistic_symbols none --cleaner jaconv --g2p pyopenjtalk_prosody --normalize none --pitch_normalize none --energy_normalize none --d0_normalize none --train_data_path_and_name_and_type dump/22.05k/raw/tr_no_dev/text,text,text --train_data_path_and_name_and_type dump/22.05k/raw/tr_no_dev/wav.scp,speech,sound --valid_data_path_and_name_and_type dump/22.05k/raw/dev/text,text,text --valid_data_path_and_name_and_type dump/22.05k/raw/dev/wav.scp,speech,sound --train_shape_file exp/22.05k/tts_stats_raw_phn_jaconv_pyopenjtalk_prosody/logdir/train.9.scp --valid_shape_file exp/22.05k/tts_stats_raw_phn_jaconv_pyopenjtalk_prosody/logdir/valid.9.scp --output_dir exp/22.05k/tts_stats_raw_phn_jaconv_pyopenjtalk_prosody/logdir/stats.9 --config conf/tuning/train_jets_22.05k.yaml --feats_extract fbank --feats_extract_conf n_fft=1024 --feats_extract_conf hop_length=256 --feats_extract_conf win_length=null --feats_extract_conf fs=22050 --feats_extract_conf fmin=80 --feats_extract_conf fmax=7600 --feats_extract_conf n_mels=80 --pitch_extract_conf fs=22050 --pitch_extract_conf n_fft=1024 --pitch_extract_conf hop_length=256 --pitch_extract_conf f0max=400 --pitch_extract_conf f0min=80 --energy_extract_conf fs=22050 --energy_extract_conf n_fft=1024 --energy_extract_conf hop_length=256 --energy_extract_conf win_length=null --d0_extract_conf fs=22050 --d0_extract_conf n_fft=1024 --d0_extract_conf hop_length=256 --d0_extract_conf win_length=null --d0_extract_conf fmin=80 --d0_extract_conf fmax=7600 --d0_extract_conf n_mels=80
Failed to import Flash Attention, using ESPnet default: libcudart.so.12: cannot open shared object file: No such file or directory
Vocabulary size: 47
encoder self-attention layer type = self-attention
encoder self-attention layer type = self-attention
/home/uesugi/miniconda3/envs/espnet_custom/lib/python3.9/site-packages/torch/nn/utils/weight_norm.py:143: FutureWarning: `torch.nn.utils.weight_norm` is deprecated in favor of `torch.nn.utils.parametrizations.weight_norm`.
  WeightNorm.apply(module, name, dim)
Initialize encoder.encoders.0.self_attn.linear_q.bias to zeros
Initialize encoder.encoders.0.self_attn.linear_k.bias to zeros
Initialize encoder.encoders.0.self_attn.linear_v.bias to zeros
Initialize encoder.encoders.0.self_attn.linear_out.bias to zeros
Initialize encoder.encoders.0.feed_forward.w_1.bias to zeros
Initialize encoder.encoders.0.feed_forward.w_2.bias to zeros
Initialize encoder.encoders.0.norm1.bias to zeros
Initialize encoder.encoders.0.norm2.bias to zeros
Initialize encoder.encoders.1.self_attn.linear_q.bias to zeros
Initialize encoder.encoders.1.self_attn.linear_k.bias to zeros
Initialize encoder.encoders.1.self_attn.linear_v.bias to zeros
Initialize encoder.encoders.1.self_attn.linear_out.bias to zeros
Initialize encoder.encoders.1.feed_forward.w_1.bias to zeros
Initialize encoder.encoders.1.feed_forward.w_2.bias to zeros
Initialize encoder.encoders.1.norm1.bias to zeros
Initialize encoder.encoders.1.norm2.bias to zeros
Initialize encoder.encoders.2.self_attn.linear_q.bias to zeros
Initialize encoder.encoders.2.self_attn.linear_k.bias to zeros
Initialize encoder.encoders.2.self_attn.linear_v.bias to zeros
Initialize encoder.encoders.2.self_attn.linear_out.bias to zeros
Initialize encoder.encoders.2.feed_forward.w_1.bias to zeros
Initialize encoder.encoders.2.feed_forward.w_2.bias to zeros
Initialize encoder.encoders.2.norm1.bias to zeros
Initialize encoder.encoders.2.norm2.bias to zeros
Initialize encoder.encoders.3.self_attn.linear_q.bias to zeros
Initialize encoder.encoders.3.self_attn.linear_k.bias to zeros
Initialize encoder.encoders.3.self_attn.linear_v.bias to zeros
Initialize encoder.encoders.3.self_attn.linear_out.bias to zeros
Initialize encoder.encoders.3.feed_forward.w_1.bias to zeros
Initialize encoder.encoders.3.feed_forward.w_2.bias to zeros
Initialize encoder.encoders.3.norm1.bias to zeros
Initialize encoder.encoders.3.norm2.bias to zeros
Initialize encoder.after_norm.bias to zeros
Initialize duration_predictor.conv.0.0.bias to zeros
Initialize duration_predictor.conv.0.2.bias to zeros
Initialize duration_predictor.conv.1.0.bias to zeros
Initialize duration_predictor.conv.1.2.bias to zeros
Initialize duration_predictor.linear.bias to zeros
Initialize pitch_predictor.conv.0.0.bias to zeros
Initialize pitch_predictor.conv.0.2.bias to zeros
Initialize pitch_predictor.conv.1.0.bias to zeros
Initialize pitch_predictor.conv.1.2.bias to zeros
Initialize pitch_predictor.conv.2.0.bias to zeros
Initialize pitch_predictor.conv.2.2.bias to zeros
Initialize pitch_predictor.conv.3.0.bias to zeros
Initialize pitch_predictor.conv.3.2.bias to zeros
Initialize pitch_predictor.conv.4.0.bias to zeros
Initialize pitch_predictor.conv.4.2.bias to zeros
Initialize pitch_predictor.linear.bias to zeros
Initialize pitch_embed.0.bias to zeros
Initialize energy_predictor.conv.0.0.bias to zeros
Initialize energy_predictor.conv.0.2.bias to zeros
Initialize energy_predictor.conv.1.0.bias to zeros
Initialize energy_predictor.conv.1.2.bias to zeros
Initialize energy_predictor.linear.bias to zeros
Initialize energy_embed.0.bias to zeros
Initialize d0_predictor.conv.0.0.bias to zeros
Initialize d0_predictor.conv.0.2.bias to zeros
Initialize d0_predictor.conv.1.0.bias to zeros
Initialize d0_predictor.conv.1.2.bias to zeros
Initialize d0_predictor.linear.bias to zeros
Initialize d0_embed.0.bias to zeros
Initialize alignment_module.t_conv1.bias to zeros
Initialize alignment_module.t_conv2.bias to zeros
Initialize alignment_module.f_conv1.bias to zeros
Initialize alignment_module.f_conv2.bias to zeros
Initialize alignment_module.f_conv3.bias to zeros
Initialize decoder.encoders.0.self_attn.linear_q.bias to zeros
Initialize decoder.encoders.0.self_attn.linear_k.bias to zeros
Initialize decoder.encoders.0.self_attn.linear_v.bias to zeros
Initialize decoder.encoders.0.self_attn.linear_out.bias to zeros
Initialize decoder.encoders.0.feed_forward.w_1.bias to zeros
Initialize decoder.encoders.0.feed_forward.w_2.bias to zeros
Initialize decoder.encoders.0.norm1.bias to zeros
Initialize decoder.encoders.0.norm2.bias to zeros
Initialize decoder.encoders.1.self_attn.linear_q.bias to zeros
Initialize decoder.encoders.1.self_attn.linear_k.bias to zeros
Initialize decoder.encoders.1.self_attn.linear_v.bias to zeros
Initialize decoder.encoders.1.self_attn.linear_out.bias to zeros
Initialize decoder.encoders.1.feed_forward.w_1.bias to zeros
Initialize decoder.encoders.1.feed_forward.w_2.bias to zeros
Initialize decoder.encoders.1.norm1.bias to zeros
Initialize decoder.encoders.1.norm2.bias to zeros
Initialize decoder.encoders.2.self_attn.linear_q.bias to zeros
Initialize decoder.encoders.2.self_attn.linear_k.bias to zeros
Initialize decoder.encoders.2.self_attn.linear_v.bias to zeros
Initialize decoder.encoders.2.self_attn.linear_out.bias to zeros
Initialize decoder.encoders.2.feed_forward.w_1.bias to zeros
Initialize decoder.encoders.2.feed_forward.w_2.bias to zeros
Initialize decoder.encoders.2.norm1.bias to zeros
Initialize decoder.encoders.2.norm2.bias to zeros
Initialize decoder.encoders.3.self_attn.linear_q.bias to zeros
Initialize decoder.encoders.3.self_attn.linear_k.bias to zeros
Initialize decoder.encoders.3.self_attn.linear_v.bias to zeros
Initialize decoder.encoders.3.self_attn.linear_out.bias to zeros
Initialize decoder.encoders.3.feed_forward.w_1.bias to zeros
Initialize decoder.encoders.3.feed_forward.w_2.bias to zeros
Initialize decoder.encoders.3.norm1.bias to zeros
Initialize decoder.encoders.3.norm2.bias to zeros
Initialize decoder.after_norm.bias to zeros
Initialize generator.input_conv.bias to zeros
Initialize generator.upsamples.0.1.bias to zeros
Initialize generator.upsamples.1.1.bias to zeros
Initialize generator.upsamples.2.1.bias to zeros
Initialize generator.upsamples.3.1.bias to zeros
Initialize generator.blocks.0.convs1.0.1.bias to zeros
Initialize generator.blocks.0.convs1.1.1.bias to zeros
Initialize generator.blocks.0.convs1.2.1.bias to zeros
Initialize generator.blocks.0.convs2.0.1.bias to zeros
Initialize generator.blocks.0.convs2.1.1.bias to zeros
Initialize generator.blocks.0.convs2.2.1.bias to zeros
Initialize generator.blocks.1.convs1.0.1.bias to zeros
Initialize generator.blocks.1.convs1.1.1.bias to zeros
Initialize generator.blocks.1.convs1.2.1.bias to zeros
Initialize generator.blocks.1.convs2.0.1.bias to zeros
Initialize generator.blocks.1.convs2.1.1.bias to zeros
Initialize generator.blocks.1.convs2.2.1.bias to zeros
Initialize generator.blocks.2.convs1.0.1.bias to zeros
Initialize generator.blocks.2.convs1.1.1.bias to zeros
Initialize generator.blocks.2.convs1.2.1.bias to zeros
Initialize generator.blocks.2.convs2.0.1.bias to zeros
Initialize generator.blocks.2.convs2.1.1.bias to zeros
Initialize generator.blocks.2.convs2.2.1.bias to zeros
Initialize generator.blocks.3.convs1.0.1.bias to zeros
Initialize generator.blocks.3.convs1.1.1.bias to zeros
Initialize generator.blocks.3.convs1.2.1.bias to zeros
Initialize generator.blocks.3.convs2.0.1.bias to zeros
Initialize generator.blocks.3.convs2.1.1.bias to zeros
Initialize generator.blocks.3.convs2.2.1.bias to zeros
Initialize generator.blocks.4.convs1.0.1.bias to zeros
Initialize generator.blocks.4.convs1.1.1.bias to zeros
Initialize generator.blocks.4.convs1.2.1.bias to zeros
Initialize generator.blocks.4.convs2.0.1.bias to zeros
Initialize generator.blocks.4.convs2.1.1.bias to zeros
Initialize generator.blocks.4.convs2.2.1.bias to zeros
Initialize generator.blocks.5.convs1.0.1.bias to zeros
Initialize generator.blocks.5.convs1.1.1.bias to zeros
Initialize generator.blocks.5.convs1.2.1.bias to zeros
Initialize generator.blocks.5.convs2.0.1.bias to zeros
Initialize generator.blocks.5.convs2.1.1.bias to zeros
Initialize generator.blocks.5.convs2.2.1.bias to zeros
Initialize generator.blocks.6.convs1.0.1.bias to zeros
Initialize generator.blocks.6.convs1.1.1.bias to zeros
Initialize generator.blocks.6.convs1.2.1.bias to zeros
Initialize generator.blocks.6.convs2.0.1.bias to zeros
Initialize generator.blocks.6.convs2.1.1.bias to zeros
Initialize generator.blocks.6.convs2.2.1.bias to zeros
Initialize generator.blocks.7.convs1.0.1.bias to zeros
Initialize generator.blocks.7.convs1.1.1.bias to zeros
Initialize generator.blocks.7.convs1.2.1.bias to zeros
Initialize generator.blocks.7.convs2.0.1.bias to zeros
Initialize generator.blocks.7.convs2.1.1.bias to zeros
Initialize generator.blocks.7.convs2.2.1.bias to zeros
Initialize generator.blocks.8.convs1.0.1.bias to zeros
Initialize generator.blocks.8.convs1.1.1.bias to zeros
Initialize generator.blocks.8.convs1.2.1.bias to zeros
Initialize generator.blocks.8.convs2.0.1.bias to zeros
Initialize generator.blocks.8.convs2.1.1.bias to zeros
Initialize generator.blocks.8.convs2.2.1.bias to zeros
Initialize generator.blocks.9.convs1.0.1.bias to zeros
Initialize generator.blocks.9.convs1.1.1.bias to zeros
Initialize generator.blocks.9.convs1.2.1.bias to zeros
Initialize generator.blocks.9.convs2.0.1.bias to zeros
Initialize generator.blocks.9.convs2.1.1.bias to zeros
Initialize generator.blocks.9.convs2.2.1.bias to zeros
Initialize generator.blocks.10.convs1.0.1.bias to zeros
Initialize generator.blocks.10.convs1.1.1.bias to zeros
Initialize generator.blocks.10.convs1.2.1.bias to zeros
Initialize generator.blocks.10.convs2.0.1.bias to zeros
Initialize generator.blocks.10.convs2.1.1.bias to zeros
Initialize generator.blocks.10.convs2.2.1.bias to zeros
Initialize generator.blocks.11.convs1.0.1.bias to zeros
Initialize generator.blocks.11.convs1.1.1.bias to zeros
Initialize generator.blocks.11.convs1.2.1.bias to zeros
Initialize generator.blocks.11.convs2.0.1.bias to zeros
Initialize generator.blocks.11.convs2.1.1.bias to zeros
Initialize generator.blocks.11.convs2.2.1.bias to zeros
Initialize generator.output_conv.1.bias to zeros
Traceback (most recent call last):
  File "/home/uesugi/miniconda3/envs/espnet_custom/lib/python3.9/runpy.py", line 197, in _run_module_as_main
    return _run_code(code, main_globals, None,
  File "/home/uesugi/miniconda3/envs/espnet_custom/lib/python3.9/runpy.py", line 87, in _run_code
    exec(code, run_globals)
  File "/home/uesugi/espnet-for-customize-jets/espnet2/bin/gan_tts_train.py", line 22, in <module>
    main()
  File "/home/uesugi/espnet-for-customize-jets/espnet2/bin/gan_tts_train.py", line 18, in main
    GANTTSTask.main(cmd=cmd)
  File "/home/uesugi/espnet-for-customize-jets/espnet2/tasks/abs_task.py", line 1225, in main
    cls.main_worker(args)
  File "/home/uesugi/espnet-for-customize-jets/espnet2/tasks/abs_task.py", line 1357, in main_worker
    model = cls.build_model(args=args)
  File "/home/uesugi/espnet-for-customize-jets/espnet2/tasks/gan_tts.py", line 386, in build_model
    d0_extract = d0_extract_class(
TypeError: __init__() got an unexpected keyword argument 'fmin'
# Accounting: time=77 threads=1
# Ended (code 1) at Tue Jul  1 10:36:27 JST 2025, elapsed time 77 seconds
